Group,Name,HubCode,HubBar,MB,MWay,V0
11 -1 +1,1216+14,13,P,--,--,-314.0
11 -1,1217+12,13,P,--,--,187.0
11 -1,1220+12,13,P,--,--,-40.0
11 -1,1223+15,13,P,--,--,392.0
11 -1,1228+12,-5,P,-16.88,--,1408.0
11 -1,1228+12,13,P,--,--,1171.0
11 -1,1230+09,-5,--,-16.13,--,1200.0
11 -1,1230+11,3,XP,-15.48,--,27.0
11 -1,1230+13,13,P,-16.33,--,300.0
11 -1,N 4124,-2,A,-19.13,--,1551.0
11 -1,N 4168,-5,--,-18.93,--,2342.0
11 -1,N 4178,8,B,-19.77,--,285.0
11 -1,N 4189,6,X,-18.72,--,2039.0
11 -1,N 4192,2,X,-21.08,--,-220.0
11 -1,N 4206,4,A,-19.05,--,616.0
11 -1,N 4212,4,A,-19.56,--,-163.0
11 -1,N 4216,3,X,-20.96,--,55.0
11 -1,N 4237,5,X,-18.87,--,871.0
11 -1,N 4254,5,A,-20.84,--,2323.0
11 -1,N 4262,-2,B,-18.81,--,1290.0
11 -1,N 4267,-2,B,-19.41,--,1177.0
11 -1,N 4294,6,B,-19.0,--,327.0
11 -1,N 4298,5,A,-19.34,--,1044.0
11 -1,N 4299,7,B,-18.3,--,150.0
11 -1,N 4302,5,--,-19.34,--,1044.0
11 -1,N 4307,1,--,-18.63,--,1207.0
11 -1,N 4318,-5,--,-17.13,--,-300.0
11 -1,N 4321,4,X,-21.13,--,1522.0
11 -1,N 4340,-2,B,-19.17,--,790.0
11 -1,N 4342,-2,--,-17.59,--,609.0
11 -1,N 4350,-2,A,-19.28,--,1120.0
11 -1,N 4351,2,A,-18.46,--,2214.0
11 -1,N 4365,-5,--,-20.52,--,1073.0
11 -1,N 4371,-2,B,-19.3,--,897.0
11 -1,N 4374,-5,--,-20.95,--,854.0
11 -1,N 4377,-2,A,-18.55,--,1265.0
11 -1,N 4379,-5,--,-18.67,--,971.0
11 -1,N 4380,2,A,-18.93,--,872.0
11 -1,N 4382,-2,AP,-21.11,--,717.0
11 -1,N 4383,-2,P,-18.63,--,1545.0
11 -1,N 4387,-5,--,-18.31,--,432.0
11 -1,N 4388,3,P,-19.93,--,2527.0
11 -1,N 4394,3,B,-19.49,--,889.0
11 -1,N 4406,-5,--,-21.15,--,-419.0
11 -1,N 4411,7,X,-17.59,--,1186.0
11 -1,N 4413,3,B,-18.33,--,14.0
11 -1,N 4417,-2,B,-19.13,--,733.0
11 -1,N 4419,1,B,-19.72,--,-342.0
11 -1,N 4421,1,B,-18.82,--,1625.0
11 -1,N 4424,2,BP,-19.11,--,366.0
11 -1,N 4425,-2,--,-18.45,--,1804.0
11 -1,N 4429,-2,A,-20.08,--,1028.0
11 -1,N 4435,-2,B,-19.51,--,792.0
11 -1,N 4438,0,AP,-20.36,--,182.0
11 -1,N 4442,-2,B,-19.84,--,489.0
11 -1,N 4450,2,A,-20.36,--,1899.0
11 -1,N 4451,-2,A,-17.83,--,600.0
11 -1,N 4452,-2,--,-18.03,--,130.0
11 -1,N 4458,-5,--,-18.34,--,308.0
11 -1,N 4459,-2,A,-19.86,--,1039.0
11 -1,N 4461,-2,B,-19.21,--,1811.0
11 -1,N 4464,-5,--,-17.53,--,1102.0
11 -1,N 4467,-5,--,-15.73,--,1377.0
11 -1,N 4469,0,B,-18.73,--,404.0
11 -1,N 4472,-5,--,-21.82,--,847.0
11 -1,N 4473,-5,--,-20.19,--,2205.0
11 -1,N 4474,-2,--,-18.61,--,1455.0
11 -1,N 4476,-2,A,-18.06,--,1899.0
11 -1,N 4477,-2,B,-19.87,--,1190.0
11 -1,N 4478,-5,--,-19.08,--,1403.0
11 -1,N 4479,-2,B,-17.77,--,749.0
11 -1,N 4483,-2,B,-17.93,--,903.0
11 -1,N 4486,-5,P,-21.64,--,1181.0
11 -1,N 4492,1,A,-17.93,--,1639.0
11 -1,N 4498,7,B,-18.93,--,1448.0
11 -1,N 4501,3,A,-21.23,--,2217.0
11 -1,N 4503,-2,B,-19.12,--,1335.0
11 -1,N 4519,7,B,-18.91,--,1136.0
11 -1,N 4522,4,--,-18.83,--,2241.0
11 -1,N 4523,9,X,-16.8,--,198.0
11 -1,N 4526,-2,X,-20.55,--,354.0
11 -1,N 4535,5,X,-20.6,--,1873.0
11 -1,N 4540,6,X,-18.93,--,1224.0
11 -1,N 4548,3,B,-20.28,--,406.0
11 -1,N 4550,-2,--,-18.82,--,274.0
11 -1,N 4551,-5,--,-18.37,--,903.0
11 -1,N 4552,-5,--,-20.4,--,165.0
11 -1,N 4564,-5,--,-19.3,--,942.0
11 -1,N 4567,4,A,-19.2,--,2139.0
11 -1,N 4568,4,A,-19.81,--,2168.0
11 -1,N 4569,2,X,-21.27,--,-383.0
11 -1,N 4570,-2,--,-19.43,--,1634.0
11 -1,N 4571,6,A,-19.38,--,282.0
11 -1,N 4578,-2,A,-18.86,--,2196.0
11 -1,N 4579,3,X,-20.67,--,1729.0
11 -1,N 4595,5,--,-18.43,--,601.0
11 -1,N 4596,-2,B,-19.67,--,1939.0
11 -1,N 4608,-2,B,-19.04,--,1789.0
11 -1,N 4612,-2,X,-18.23,--,1740.0
11 -1,N 4621,-5,--,-20.45,--,340.0
11 -1,N 4623,-2,--,-17.83,--,1873.0
11 -1,N 4638,-2,--,-19.19,--,1006.0
11 -1,N 4639,3,X,-19.1,--,917.0
11 -1,N 4647,5,X,-19.34,--,1285.0
11 -1,N 4649,-5,--,-21.36,--,1127.0
11 -1,N 4651,5,A,-20.07,--,748.0
11 -1,N 4654,6,X,-20.31,--,978.0
11 -1,N 4660,-5,--,-19.3,--,943.0
11 -1,N 4689,5,A,-19.62,--,1715.0
11 -1,N 4694,-2,BP,-18.93,--,1121.0
11 -1,N 4698,2,A,-20.08,--,905.0
11 -1,N 4710,-2,A,-19.36,--,1076.0
11 -1,N 4754,-2,B,-19.74,--,1393.0
11 -1,N 4762,-2,B,-20.04,--,874.0
11 -1,U 7209,4,A,-18.03,--,2144.0
11 -1,U 7249,10,--,-16.63,--,541.0
11 -1,U 7279,9,--,-17.03,--,1883.0
11 -1,U 7307,10,--,--,--,1091.0
11 -1,U 7352,8,--,-17.23,--,2363.0
11 -1,U 7470,9,BP,-17.53,--,-517.0
11 -1,U 7513,5,--,-17.63,--,898.0
11 -1,U 7546,7,A,-18.11,--,1170.0
11 -1,U 7547,10,--,-16.23,--,1016.0
11 -1,U 7557,9,--,-17.93,--,833.0
11 -1,U 7563,10,--,-17.23,--,2271.0
11 -1,U 7666,10,--,-17.03,--,2489.0
11 -1,U 7737,10,--,--,--,598.0
11 -1,U 7781,9,--,-17.93,--,978.0
11 -1,U 7784,10,B,-17.53,--,1055.0
11 -1,U 7822,10,--,-16.99,--,1995.0
11 +2 +1,1221+04,-2,--,-16.87,--,829.0
11 +2 +1,N 4457,0,X,-19.55,--,752.0
11 +2 +1,N 4586,1,A,-19.17,--,722.0
11 +2 +1,N 4630,9,B,-18.16,--,587.0
11 +2 +1,N 4636,-5,--,-20.68,--,869.0
11 +2 +1,N 4665,0,B,-19.36,--,678.0
11 +2 +1,N 4688,6,B,-18.26,--,891.0
11 +2 +1,N 4701,6,A,-18.83,--,624.0
11 +2 +1,N 4713,7,X,-19.21,--,560.0
11 +2 +1,N 4765,1,--,-18.83,--,687.0
11 +2 +1,N 4772,1,A,-18.77,--,982.0
11 +2 +1,N 4808,6,A,-19.4,--,668.0
11 +2 +1,N 4809,10,P,-17.63,--,843.0
11 +2 +1,N 4810,10,P,-17.37,--,779.0
11 +2 +1,N 4900,5,B,-19.09,--,870.0
11 +2 +1,U 7943,5,--,-17.59,--,743.0
11 +2 +1,U 8053,8,X,-17.43,--,621.0
11 +2 +1,U 8074,9,--,-17.29,--,811.0
11 -3 +1,N 4532,10,B,-19.09,--,1909.0
11 -3 +1,U 7739,10,--,-16.2,--,1931.0
11 -4 +1,1229+04,10,--,--,--,1659.0
11 -4 +1,N 4420,5,--,-18.22,--,1557.0
11 -4 +1,N 4496,9,B,-19.03,--,1625.0
11 -4 +1,N 4527,4,X,-19.72,--,1614.0
11 -4 +1,N 4536,4,X,-20.02,--,1748.0
11 -4 +1,U 7512,10,--,-16.09,--,1379.0
11 -4 +1,U 7612,9,B,-16.82,--,1452.0
11 +4 +1,N 4303,4,X,-20.71,--,1464.0
11 +4 +1,U 7354,-5,--,-16.52,--,1461.0
11 +4 +1,U 7685,8,B,-18.34,--,1405.0
11 -5 +1,N 4339,-5,--,-19.68,--,1169.0
11 -5 +1,N 4423,9,--,-18.21,--,984.0
11 +5 +1,N 4061,-5,--,-16.62,--,1545.0
11 +6 +1,N 4643,0,B,-20.5,--,1233.0
11 +6 +1,U 7911,9,B,-18.16,--,1066.0
11 +7 +1,N 4064,1,BP,-19.32,--,959.0
11 +7 +1,N 4065,-5,--,-17.52,--,1122.0
11 -8 +1,N 4632,5,A,-18.76,--,1572.0
11 -8 +1,N 4666,5,X,-19.77,--,1395.0
11 +9 +1,N 4753,13,--,-20.05,--,1102.0
11 +9 +1,U 8041,7,B,-18.46,--,1218.0
11 -0 +1,N 4037,5,BP,-18.78,--,844.0
11 -0 +1,N 4293,0,B,-20.04,--,824.0
11 -0 +1,N 4561,8,B,-17.76,--,1430.0
11 -0 +1,N 4580,4,X,-19.44,--,1187.0
11 -0 +1,N 4635,7,A,-18.66,--,944.0
11 -0 +1,N 4758,3,BP,-18.15,--,1196.0
11 -0 +1,N 4845,1,A,-19.56,--,1124.0
11 -0 +1,N 4866,-2,A,-19.06,--,1912.0
11 -0 +1,N 4880,-2,A,-18.68,--,1499.0
11 -0 +1,U 7239,10,--,-18.18,--,1126.0
11 -0 +1,U 7332,10,--,-17.33,--,805.0
11 -0 +1,U 7477,13,P,-17.59,--,657.0
11 -0 +1,U 8011,10,--,--,--,747.0
11 -0 +1,U 8036,5,B,-19.21,--,893.0
11 -0 +1,U 8285,9,--,-17.01,--,825.0
11 -0 +1,U 8385,9,X,-18.0,--,1079.0
11-10+10,1242-08,10,--,--,--,1225.0
11-10,1246-09,9,B,-19.93,--,1164.0
11-10,1252-10,10,--,--,--,1171.0
11-10,1255-09,5,--,--,--,1341.0
11-10,N 4699,3,X,-21.74,--,1358.0
11-10,N 4700,7,B,-20.3,--,1248.0
11-10,N 4742,-5,--,-19.81,--,1168.0
11-10,N 4781,7,B,-20.56,--,1113.0
11-10,N 4790,5,B,-19.57,--,1204.0
11-11+10,1241-05,9,--,-19.33,--,1287.0
11-11+10,1243-05,10,--,--,--,1337.0
11-11+10,1246-04,10,--,--,--,1206.0
11-11+10,1250-04,10,--,--,--,1278.0
11-11+10,1250-06,10,--,--,--,1398.0
11-11+10,N 4697,-5,--,-21.67,--,1169.0
11-11+10,N 4731,6,B,-21.17,--,1358.0
11-11+10,N 4775,7,A,-20.32,--,1426.0
11-12+10,1302-073,9,B,--,--,988.0
11-12+10,N 4951,6,X,-20.13,--,1048.0
11-12+10,N 4958,-2,B,-20.3,--,984.0
11-13+10,1256-11,10,--,--,--,1153.0
11-13+10,1257-12,10,B,--,--,1428.0
11-14+10,1233-07,9,--,--,--,838.0
11-14+10,1251-11,10,--,--,--,667.0
11-14+10,N 4487,6,X,-20.19,--,878.0
11-14+10,N 4504,6,A,-19.94,--,847.0
11-14+10,N 4594,1,AP,-22.98,--,962.0
11-15+10,1258-15,10,--,--,--,1220.0
11-15+10,N 4856,0,B,-20.27,--,1087.0
11+16+10,1230-04,8,--,--,--,1151.0
11+16+10,N 4546,-2,B,-20.32,--,882.0
11-17+10,1302-075,7,B,-18.26,--,1417.0
11-17+10,1309-06,8,B,--,--,1359.0
11-17+10,N 4942,6,A,--,--,1617.0
11-17+10,N 4981,4,X,-20.42,--,1549.0
11-17+10,N 4995,3,X,-20.51,--,1577.0
11 -0+10,1254-03,10,--,--,--,1411.0
11 -0+10,1301-03,9,--,--,--,1249.0
11 -0+10,1303-17,10,--,--,--,1296.0
11 -0+10,1307-10,5,--,--,--,1073.0
11 -0+10,1316-08,10,--,-18.01,--,1183.0
11 -0+10,1335-09,9,--,-19.13,--,1184.0
11 -0+10,N 4597,9,B,-19.15,--,904.0
11 -0+10,N 4684,-2,B,-19.59,--,1461.0
11 -0+10,N 4691,3,BP,-20.12,--,989.0
11 -0+10,N 4818,2,X,-20.66,--,1012.0
11 -0+10,N 4984,1,X,-20.04,--,1101.0
11 -0+10,N 5088,5,A,-19.74,--,1324.0
11-18+18,N 5170,3,A,-21.0,--,1347.0
11-18,N 5247,5,A,-20.95,--,1216.0
11-19+19,1312-22,10,--,--,--,1330.0
11-19,N 5042,5,X,--,--,1210.0
11-20+20,N 5037,1,A,-20.21,--,1730.0
11-20,N 5054,3,A,-21.18,--,1587.0
11-21+21,1322-19,6,X,--,--,1815.0
11-21,1323-21,10,--,--,--,1273.0
11-21,N 5084,-2,--,-20.41,--,1558.0
11-21,N 5087,-2,A,-20.51,--,1666.0
11-21,N 5134,1,A,-20.09,--,1532.0
11-22+22,1321-24,10,--,--,--,1880.0
11-22,1325-27,10,--,--,--,1656.0
11-22,N 5061,-5,--,-21.19,--,1775.0
11-22,N 5085,5,A,-20.71,--,1780.0
11-22,N 5101,0,B,-20.95,--,1679.0
11-23+22,1304-28,7,B,--,--,2019.0
11-23+22,N 4965,9,A,--,--,2068.0
11  0+22,1324-29,10,P,--,--,1705.0
11-24+24,1212+06,-5,P,-17.73,--,1844.0
11-24,N 4215,-2,A,-19.63,--,1980.0
11-24,N 4224,1,A,-20.08,--,2543.0
11-24,N 4233,-2,--,-19.65,--,2117.0
11-24,N 4235,1,A,-20.75,--,2487.0
11-24,N 4260,1,B,-20.29,--,1734.0
11-24,N 4261,-5,--,-21.41,--,2089.0
11-24,N 4270,-2,--,-19.63,--,2233.0
11-24,N 4273,5,B,-20.58,--,2234.0
11-24,N 4281,-2,--,-20.52,--,2488.0
11-24,N 4324,-2,A,-20.13,--,1582.0
11-24,N 4378,1,A,-20.53,--,2447.0
11+24,N 3976,5,X,-20.98,--,2381.0
11+24,N 4234,10,--,-19.12,--,1952.0
11+24,N 4412,4,BP,-19.75,--,2185.0
11-25+24,1221+00,10,--,--,--,1928.0
11-25+24,N 4385,1,B,-19.78,--,2011.0
11+26+24,1229-02,13,P,--,--,2100.0
11+26+24,N 4348,3,--,-20.74,--,2055.0
11+26+24,N 4454,1,B,-19.87,--,2220.0
11-27+27,1247-10,8,--,--,--,2251.0
11-27,1249-09,6,--,--,--,2108.0
11-27,N 4658,5,B,-20.86,--,2250.0
11-28+28,1334-11,7,X,--,--,2349.0
11-28,N 5254,5,A,--,--,2194.0
11-29+29,N 4593,3,B,-21.58,--,2560.0
11-29,N 4602,4,X,-21.39,--,2417.0
11-30+30,N 4891,3,P,--,--,2389.0
11-30,N 4899,5,X,-20.82,--,2497.0
11-30,N 4902,3,B,-21.14,--,2563.0
11-31+31,1310-15,8,A,--,--,2348.0
11-31,N 5017,-5,--,-19.83,--,2384.0
11-31,N 5044,-5,--,-21.01,--,2548.0
11-31,N 5049,-2,--,-19.49,--,2588.0
11-32+32,N 5161,6,X,-21.12,--,2196.0
11-32,N 5188,1,BP,-20.49,--,2169.0
11+32,1310-32,8,B,--,--,2178.0
11-33+33,1305-22,9,--,--,--,2434.0
11-33,1306-24,10,--,--,--,2687.0
11-33,1307-23,10,P,--,--,2783.0
11-33,1308-23,5,B,--,--,2672.0
11-34+34,N 4428,5,X,-20.78,--,2874.0
11-34,N 4433,4,X,-20.81,--,2755.0
11-35+35,1355-29,3,A,-21.46,--,2496.0
11-35,1358-30,7,X,--,--,2428.0
11-35,N 5464,10,B,-20.07,--,2528.0
11+36+36,U 8084,8,B,-18.7,--,2670.0
11+36,U 8153,6,--,-19.23,--,2779.0
11+36,U 8263,5,B,-18.94,--,2949.0
11 -0,1258-04,10,--,--,--,2855.0
11 -0,1309-11,6,B,--,--,1963.0
11 -0,1402-24,6,B,--,--,2191.0
11 -0,1427-34,7,B,-20.15,--,2858.0
11 -0,N 4653,6,X,-20.19,--,2506.0
11 -0,N 4939,4,A,-22.43,--,2973.0
11 -0,N 4947,3,B,-20.71,--,2194.0
11 -0,N 5018,-5,--,-21.46,--,2729.0
11 -0,N 5077,-5,--,-20.52,--,2682.0
11 -0,N 5147,8,B,-19.45,--,1020.0
12 -1 +1,1135+48,9,BP,-17.15,--,744.0
12 -1,1156+46,10,--,--,--,1210.0
12 -1,N 3718,1,BP,-20.19,--,1068.0
12 -1,N 3726,5,X,-20.35,--,914.0
12 -1,N 3729,1,BP,-19.25,--,1117.0
12 -1,N 3769,3,B,-19.95,--,773.0
12 -1,N 3782,6,XP,-18.25,--,793.0
12 -1,N 3870,-2,--,--,--,822.0
12 -1,N 3877,5,A,-20.25,--,954.0
12 -1,N 3893,5,X,-20.27,--,1043.0
12 -1,N 3913,7,A,-18.45,--,1053.0
12 -1,N 3917,6,A,-19.55,--,1056.0
12 -1,N 3924,9,--,-16.55,--,1077.0
12 -1,N 3928,13,P,-18.15,--,1057.0
12 -1,N 3938,5,A,-20.26,--,852.0
12 -1,N 3949,4,A,-19.92,--,868.0
12 -1,N 3953,5,B,-20.63,--,1139.0
12 -1,N 3972,4,A,-19.25,--,947.0
12 -1,N 3982,4,X,-19.45,--,1208.0
12 -1,N 3990,-2,--,-17.75,--,820.0
12 -1,N 3992,4,B,-20.75,--,1142.0
12 -1,N 4010,9,--,-19.15,--,968.0
12 -1,N 4013,4,--,-19.55,--,883.0
12 -1,N 4026,-2,--,-19.47,--,958.0
12 -1,N 4051,4,X,-20.25,--,763.0
12 -1,N 4085,5,X,-18.84,--,794.0
12 -1,N 4088,5,XP,-20.47,--,844.0
12 -1,N 4100,5,A,-20.15,--,1153.0
12 -1,N 4102,3,X,-19.02,--,953.0
12 -1,N 4111,-2,A,-19.65,--,842.0
12 -1,N 4138,-2,A,-18.85,--,1091.0
12 -1,N 4142,6,B,-18.23,--,1257.0
12 -1,N 4143,-2,X,-19.05,--,831.0
12 -1,N 4157,3,X,-20.15,--,854.0
12 -1,N 4183,6,A,-18.85,--,987.0
12 -1,N 4217,3,--,-19.85,--,1098.0
12 -1,N 4218,-2,--,-18.82,--,1462.0
12 -1,N 4220,-2,A,-18.95,--,1052.0
12 -1,N 4346,-2,B,-18.95,--,922.0
12 -1,N 4389,6,BP,-18.75,--,786.0
12 -1,U 6399,9,--,-17.75,--,873.0
12 -1,U 6446,7,A,-18.45,--,725.0
12 -1,U 6628,9,A,-18.25,--,901.0
12 -1,U 6667,5,--,-17.75,--,1051.0
12 -1,U 6713,9,--,-17.05,--,966.0
12 -1,U 6816,10,B,-17.03,--,998.0
12 -1,U 6818,13,P,-17.25,--,857.0
12 -1,U 6840,9,B,-16.9,--,1102.0
12 -1,U 6917,9,B,-18.65,--,996.0
12 -1,U 6923,10,--,-17.55,--,1172.0
12 -1,U 6930,7,X,-18.45,--,851.0
12 -1,U 6956,9,B,--,--,995.0
12 -1,U 6962,6,X,-18.39,--,827.0
12 -1,U 6973,2,P,-18.62,--,756.0
12 -1,U 6983,6,B,-18.35,--,1166.0
12 -1,U 7089,9,--,-18.05,--,826.0
12 -1,U 7218,10,P,-16.75,--,882.0
12 -2 +1,N 3631,5,A,-20.69,--,1239.0
12 -2 +1,N 3657,5,XP,-19.55,--,1293.0
12 -2 +1,U 6251,9,X,-16.78,--,1006.0
12 -3 +1,N 3733,5,--,-19.72,--,1278.0
12 -3 +1,N 3756,5,X,-19.96,--,1382.0
12 -3 +1,N 3804,5,A,-18.96,--,1479.0
12 -3 +1,N 3850,5,B,-18.19,--,1264.0
12 -3 +1,N 3898,2,A,-20.1,--,1272.0
12 -3 +1,N 3998,-2,A,-20.12,--,1238.0
12 -3 +1,U 6616,7,A,-18.37,--,1261.0
12 -3 +1,U 6706,9,P,-18.71,--,1525.0
12 -3 +1,U 6912,13,P,-17.73,--,1468.0
12 -4 +1,U 6448,13,P,-17.3,--,1121.0
12 -4 +1,U 6534,6,--,-19.41,--,1400.0
12 -5 +1,N 3945,-2,B,-20.3,--,1341.0
12 -5 +1,N 4036,-2,--,-20.56,--,1510.0
12 -5 +1,N 4041,4,A,-20.08,--,1360.0
12 -5 +1,U 6682,9,--,--,--,1439.0
12 -5 +1,U 7009,10,--,-17.93,--,1250.0
12 -5 +1,U 7056,6,B,-18.33,--,1406.0
12 +5 +1,N 4121,-5,--,-17.74,--,1600.0
12 +5 +1,N 4125,-5,--,-21.35,--,1495.0
12 +5 +1,U 7020,-2,--,-17.92,--,1586.0
12 -6 +1,1204+40,10,--,--,--,914.0
12 -6 +1,N 4145,7,X,-20.21,--,1048.0
12 -6 +1,N 4151,2,X,-20.46,--,1022.0
12 -6 +1,N 4156,3,B,-17.02,--,759.0
12 -6 +1,N 4369,1,A,-19.87,--,1091.0
12 -6 +1,U 7125,9,--,-18.71,--,1098.0
12 -6 +1,U 7175,9,--,-17.5,--,1202.0
12 -6 +1,U 7207,10,--,--,--,1077.0
12 -6 +1,U 7257,9,--,-17.62,--,967.0
12 +6 +1,N 3930,5,X,-19.03,--,936.0
12 +6 +1,N 3941,-2,B,-19.98,--,940.0
12 +6 +1,U 6955,10,--,-18.46,--,938.0
12 -0 +1,1222+67,13,P,-15.65,--,926.0
12 -0 +1,1244+48,12,--,--,--,1214.0
12 -0 +1,N 3359,5,B,-20.59,--,1131.0
12 -0 +1,N 3556,6,B,-20.77,--,785.0
12 -0 +1,N 4800,3,A,-18.72,--,831.0
12 -0 +1,U 5846,10,--,-16.1,--,1122.0
12 -0 +1,U 5979,10,A,-17.17,--,1261.0
12 -0 +1,U 6447,13,P,-17.77,--,1425.0
12 -0 +1,U 7534,10,B,-17.08,--,845.0
12 -0 +1,U 8146,6,--,-17.56,--,805.0
12 -7 +7,N 2985,2,A,-20.65,--,1431.0
12 -7,N 3027,7,B,-19.3,--,1211.0
12 -7,U 5455,10,--,--,--,1438.0
12 -7,U 5612,8,B,-18.93,--,1161.0
12 -8 +7,N 3252,6,B,-18.09,--,1299.0
12 -8 +7,N 3403,4,A,-19.37,--,1359.0
12 -9 +9,N 3259,4,X,-19.59,--,1867.0
12 -9,U 5776,13,P,-17.37,--,1746.0
12-10+10,N 2591,5,--,-19.7,--,1509.0
12-10,N 2655,0,X,-21.02,--,1624.0
12-10,N 2715,5,X,-20.08,--,1304.0
12-10,N 2748,4,A,-19.88,--,1562.0
12+10,N 3057,8,B,-18.71,--,1717.0
12+10,U 4238,7,B,-19.43,--,1714.0
12+10,U 4841,7,X,-18.6,--,1289.0
12-11+11,0635+75,13,P,--,--,972.0
12-11,N 2146,2,BP,-20.24,--,1108.0
12-11,U 3371,10,--,--,--,1003.0
12+11,U 3137,3,--,-18.27,--,1193.0
12-12+12,N 3610,-5,--,-20.73,--,1869.0
12-12,N 3613,-5,--,-20.99,--,2154.0
12-12,N 3619,0,A,-19.63,--,1748.0
12-12,N 3642,4,A,-20.66,--,1729.0
12-12,N 3669,9,--,-20.19,--,2041.0
12-12,N 3683,5,B,-19.87,--,1783.0
12+12,1130+55,13,P,--,--,1815.0
12-13+12,N 3445,9,X,-19.79,--,2116.0
12-13+12,N 3458,-2,X,-19.15,--,1891.0
12 -0+12,N 3471,1,--,-19.89,--,2188.0
12 -0+12,U 6027,10,--,--,--,1824.0
12-14+14,N 3065,-2,A,-19.61,--,2117.0
12-14,N 3066,4,XP,-19.08,--,2204.0
12+15+15,U 2953,2,AP,-20.91,--,1092.0
12+15,U 3203,12,P,-18.79,--,937.0
12-16+16,N 3780,5,A,-21.16,--,2491.0
12-16,N 3888,4,X,-20.17,--,2507.0
12-17+17,N 2551,0,A,-19.68,--,2375.0
12-17,U 4390,7,B,-18.52,--,2326.0
12+17,N 2633,3,B,-19.99,--,2302.0
12-18+18,1124+54,13,P,--,--,2979.0
12-18,N 3656,-5,P,-20.24,--,2910.0
12+18,N 3549,5,A,-21.27,--,2944.0
12-19+19,U 2800,10,--,--,--,1385.0
12-19,U 2813,10,--,--,--,1611.0
12-19,U 2855,5,X,-20.63,--,1410.0
12-20+19,U 2729,0,--,--,--,2140.0
12-20+19,U 2765,0,--,--,--,1881.0
12+20+19,0335+66,0,--,--,--,1697.0
12+20+19,U 3144,10,B,-18.28,--,1830.0
12 -0+19,U 3190,5,A,-19.44,--,1766.0
12 -0+19,U 3317,10,--,--,--,1424.0
12 -0+19,U 3439,5,--,-19.37,--,1685.0
12-21+21,0848+73,13,P,--,--,2556.0
12-21,U 4576,3,B,-19.65,--,2744.0
12+21,N 2544,-2,--,-20.78,--,2949.0
12 -0,0939+76,13,P,-17.99,--,2526.0
12 -0,1243+71,13,P,-16.62,--,1228.0
12 -0,N 2787,-2,B,-18.93,--,759.0
12 -0,U 3580,1,A,-19.97,--,1356.0
12 -0,U 3730,13,P,-18.98,--,2868.0
12 -0,U 3975,8,B,-19.05,--,2639.0
12 -0,U 4173,10,--,-17.31,--,1054.0
12 -0,U 4888,5,A,-20.38,--,2417.0
12 -0,U 5688,9,B,-18.88,--,2063.0
13 -1 +1,N 3073,-5,P,-18.03,--,1132.0
13 -1,N 3079,9,B,-21.01,--,1200.0
13 -1,N 3206,6,B,-19.31,--,1245.0
13 -1,U 5459,5,--,-18.74,--,1184.0
13 +1,1023+56,13,P,--,--,880.0
13 +1,N 3264,9,B,-18.16,--,1023.0
13 +1,N 3310,4,XP,-20.09,--,1064.0
13 +1,U 5460,7,B,-18.39,--,1151.0
13 +1,U 5720,13,P,-18.48,--,1519.0
13 -2 +2,N 3353,13,P,-17.93,--,949.0
13 -2,U 5848,9,--,-16.86,--,914.0
13 -3 +3,U 5998,13,P,-17.49,--,1320.0
13 -3,U 6029,13,P,-18.03,--,1442.0
13 -4 +4,N 2685,-2,BP,-19.3,--,965.0
13 -4,U 4683,10,--,--,--,999.0
13 -5 +5,0917+64,13,P,-17.36,--,1582.0
13 -5,N 2805,7,X,-20.72,--,1851.0
13 -5,N 2814,13,--,-18.02,--,1778.0
13 -5,N 2820,5,BP,-19.62,--,1691.0
13 -5,N 2880,-2,B,-19.6,--,1621.0
13 -6 +5,N 2654,1,--,-19.89,--,1478.0
13 -6 +5,N 2726,1,--,-19.5,--,1526.0
13 -6 +5,N 2742,5,A,-19.83,--,1393.0
13 -6 +5,N 2768,-5,--,-21.13,--,1503.0
13 -0 +5,0946+55,13,P,-16.69,--,1559.0
13 -0 +5,N 2950,-2,B,-20.02,--,1452.0
13 -7 +7,1138+35,10,P,-17.75,--,1510.0
13 -7,1143+35,13,P,-18.0,--,1346.0
13 -7,N 3755,5,XP,-19.4,--,1575.0
13 -7,N 3813,5,A,-19.99,--,1474.0
13 +7,U 6531,8,B,-17.88,--,1580.0
13 -8 +8,1127+37,12,P,-18.07,--,2014.0
13 -8,N 3652,5,BP,-20.52,--,2100.0
13 -8,N 3665,-2,A,-20.86,--,2012.0
13 -9 +9,N 3900,-2,A,-20.2,--,1666.0
13 -9,N 3912,1,--,-19.59,--,1724.0
13-10+10,N 3694,13,P,-19.25,--,2250.0
13-10,U 6491,8,--,-18.64,--,2523.0
13-11+11,N 4158,0,--,-20.35,--,2480.0
13-11,U 7170,5,--,-18.69,--,2382.0
13+12+11,1209+16,13,P,-19.1,--,2400.0
13+12+11,N 4152,5,X,-20.35,--,2086.0
13 -0,1008+58,13,P,--,--,2270.0
13 -0,1013+45,13,P,-16.77,--,1668.0
13 -0,1039+48,13,P,-17.3,--,1585.0
13 -0,1046+52,13,--,-18.4,--,2410.0
13 -0,1149+35,13,P,--,--,2168.0
13 -0,N 2549,-2,A,-19.46,--,1168.0
13 -0,N 3225,5,--,-19.73,--,2227.0
13 -0,N 3320,6,--,-20.38,--,2367.0
13 -0,N 3448,13,--,-19.79,--,1468.0
13 -0,N 3583,3,B,-21.05,--,2188.0
13 -0,N 3614,5,X,-20.91,--,2381.0
13 -0,N 3687,1,X,-20.25,--,2373.0
13 -0,N 3689,5,X,-20.24,--,2698.0
13 -0,N 3786,1,XP,-20.4,--,2744.0
13 -0,N 3788,2,XP,-20.11,--,2322.0
13 -0,N 4162,4,A,-20.94,--,2454.0
13 -0,N 4275,12,--,-19.42,--,2307.0
13 -0,U 4121,9,B,-17.11,--,1180.0
13 -0,U 5518,10,--,--,--,2109.0
13 -0,U 5953,13,P,-18.73,--,1804.0
13 -0,U 6162,6,--,-19.3,--,2268.0
13 -0,U 6637,13,P,-18.92,--,2937.0
14 -1 +1,1242+28,12,--,-15.38,--,958.0
14 -1,N 4062,5,A,-18.27,--,764.0
14 -1,N 4136,5,X,-18.23,--,606.0
14 -1,N 4150,-2,A,-17.48,--,235.0
14 -1,N 4173,7,B,-17.53,--,1113.0
14 -1,N 4203,-2,X,-18.38,--,1094.0
14 -1,N 4245,0,B,-17.74,--,881.0
14 -1,N 4251,-2,B,-18.4,--,999.0
14 -1,N 4274,2,B,-19.22,--,914.0
14 -1,N 4278,-5,--,-18.82,--,642.0
14 -1,N 4283,-5,--,-17.02,--,1124.0
14 -1,N 4308,-5,--,-15.83,--,602.0
14 -1,N 4310,-2,XP,-17.13,--,893.0
14 -1,N 4314,1,B,-18.65,--,878.0
14 -1,N 4359,5,B,-17.43,--,1256.0
14 -1,N 4393,7,X,-17.53,--,741.0
14 -1,N 4414,5,A,-19.12,--,723.0
14 -1,N 4448,2,B,-18.43,--,686.0
14 -1,N 4494,-5,--,-19.23,--,1289.0
14 -1,N 4525,5,--,-17.53,--,1134.0
14 -1,N 4559,6,X,-20.07,--,810.0
14 -1,N 4562,6,--,-16.53,--,1377.0
14 -1,N 4565,3,A,-20.34,--,1213.0
14 -1,U 7300,10,--,--,--,1202.0
14 -1,U 7673,10,--,--,--,639.0
14 +1,1244+26,-5,P,-15.14,--,870.0
14 +1,N 4020,7,--,-16.73,--,742.0
14 +1,N 4455,7,--,-16.45,--,611.0
14 +1,U 6900,10,--,-14.26,--,541.0
14 +1,U 7007,9,--,--,--,786.0
14 -2 +1,N 4725,2,XP,-20.65,--,1199.0
14 -2 +1,N 4747,5,BP,-17.8,--,1183.0
14 +2 +1,N 4670,0,BP,-17.24,--,1068.0
14 +3 +3,N 4826,2,A,-19.15,--,394.0
14 +3,U 8024,10,--,-14.11,--,380.0
14 -4 +4,N 3985,9,B,-16.68,--,600.0
14 -4,N 4096,5,X,-19.39,--,644.0
14 -4,N 4242,8,X,-17.91,--,580.0
14 -4,N 4248,13,--,-16.13,--,556.0
14 -4,N 4258,4,X,-20.59,--,521.0
14 -4,N 4288,7,B,-16.43,--,602.0
14 -4,N 4460,-2,B,-17.23,--,624.0
14 -4,N 4485,10,B,-17.66,--,724.0
14 -4,N 4490,7,BP,-19.55,--,629.0
14 -4,N 4618,9,B,-18.12,--,602.0
14 -4,N 4625,9,XP,-16.69,--,667.0
14 -4,N 4707,9,--,-16.12,--,569.0
14 -4,U 7267,9,--,-15.47,--,561.0
14 -4,U 7271,7,B,-15.47,--,599.0
14 -4,U 7408,10,A,-15.86,--,530.0
14 -4,U 7608,10,--,-15.72,--,601.0
14 -4,U 7639,10,--,-15.32,--,462.0
14 -4,U 7690,10,P,-16.37,--,598.0
14 -4,U 7699,5,B,-16.76,--,539.0
14 -4,U 7719,8,--,-15.25,--,728.0
14 -4,U 7774,7,--,-15.57,--,574.0
14 -4,U 7950,10,--,-14.76,--,612.0
14 -5 +5,N 5023,5,--,-17.29,--,484.0
14 -5,N 5055,4,A,-20.14,--,575.0
14 -5,N 5194,4,AP,-20.75,--,573.0
14 -5,N 5195,13,P,-19.32,--,658.0
14 -5,N 5229,5,B,-15.82,--,476.0
14 -5,U 8313,5,B,-15.83,--,699.0
14 -5,U 8331,10,A,-14.29,--,358.0
14 -5,U 8683,10,--,-15.74,--,748.0
14 -6 +6,N 4534,8,--,-17.75,--,830.0
14 -6,N 4631,7,B,-20.12,--,631.0
14 -6,N 4656,9,BP,-19.21,--,667.0
14 -6,N 4687,13,P,-15.51,--,724.0
14 -6,U 7916,10,--,--,--,640.0
14 -7 +7,1223+48,13,P,-13.86,--,367.0
14 -7,1236+33,10,--,--,--,329.0
14 -7,N 4144,6,X,-16.87,--,331.0
14 -7,N 4163,10,A,-13.62,--,188.0
14 -7,N 4190,10,--,-14.04,--,255.0
14 -7,N 4214,10,X,-17.57,--,309.0
14 -7,N 4244,6,A,-17.6,--,276.0
14 -7,N 4395,9,A,-17.14,--,332.0
14 -7,N 4449,10,B,-17.66,--,262.0
14 -7,N 4736,2,A,-19.37,--,368.0
14 -7,U 6817,10,--,-14.34,--,269.0
14 -7,U 7559,10,B,-13.15,--,252.0
14 -7,U 7577,10,--,-14.63,--,254.0
14 -7,U 7599,9,--,-13.01,--,312.0
14 -7,U 7605,10,--,-13.03,--,329.0
14 -7,U 7698,10,--,-14.85,--,343.0
14 -7,U 7866,10,--,-15.08,--,396.0
14 -7,U 7949,10,--,--,--,371.0
14 -7,U 8188,9,--,-15.62,--,380.0
14 -7,U 8215,10,--,--,--,314.0
14 -7,U 8308,10,--,--,--,259.0
14 -7,U 8320,10,B,-15.45,--,291.0
14 +8 +7,U 8651,10,--,-13.86,--,287.0
14 +8 +7,U 8760,10,--,-13.87,--,273.0
14 +8 +7,U 8833,10,P,--,--,303.0
14 -9 +9,N 5204,9,A,-16.79,--,346.0
14 -9,N 5238,8,X,-15.16,--,368.0
14 -9,N 5457,6,X,-20.45,--,379.0
14 -9,N 5474,6,AP,-17.58,--,423.0
14 -9,N 5477,9,--,-14.76,--,443.0
14 -9,N 5585,7,X,-17.96,--,466.0
14 -9,U 8508,10,A,-12.73,--,202.0
14 -9,U 8837,10,B,-14.82,--,283.0
14 -9,U 9405,10,--,--,--,393.0
14-10+10,0818+71,10,--,--,--,262.0
14-10,N 2366,10,B,-16.69,--,248.0
14-10,N 2403,6,X,-19.68,--,261.0
14-10,N 2976,5,AP,-16.13,--,142.0
14-10,N 3031,2,A,-18.29,--,96.0
14-10,N 3034,13,P,-19.42,--,352.0
14-10,N 3077,13,P,-16.13,--,148.0
14-10,U 4305,10,--,-17.34,--,305.0
14-10,U 4459,10,--,-12.33,--,144.0
14-10,U 5139,10,--,-15.24,--,289.0
14-10,U 5423,10,--,-15.06,--,479.0
14-10,U 5666,9,X,-16.37,--,177.0
14+10,N 4236,8,B,-17.27,--,163.0
14+10,U 6456,13,P,-11.45,--,96.0
14+10,U 8201,10,--,-14.58,--,201.0
14-11+11,0232+59,-5,--,--,--,224.0
14-11,0238+59,4,--,--,--,209.0
14-11,0355+66,0,--,--,--,262.0
14-11,0427+63,0,--,--,--,66.0
14-11,0509+62,10,--,-16.56,--,264.0
14-11,N 1560,7,A,-16.38,--,164.0
14-11,N 1569,10,B,-16.37,--,87.0
14-11,U 2847,6,X,-21.56,--,229.0
14-12+12,GALAXY,4,--,-20.5,*,0.0
14-12,0051-73,10,B,-16.1,--,-30.0
14-12,0057-33,-5,--,--,--,162.0
14-12,0237-34,-5,--,-11.01,--,-51.0
14-12,0524-69,9,B,-18.19,--,12.0
14-12,1927-17,10,--,--,--,30.0
14-12,2044-13,10,--,--,--,11.0
14-12,N  147,-5,--,-14.49,--,89.0
14-12,N  185,-5,P,-14.87,--,39.0
14-12,N  205,-5,P,-15.6,--,-1.0
14-12,N  221,-5,--,-15.34,--,35.0
14-12,N  224,3,A,-20.67,--,-59.0
14-12,N  598,6,A,-18.31,--,3.0
14-12,N 6822,10,B,-15.57,--,66.0
14-12,U  192,10,B,-16.26,--,-83.0
14-12,U  668,10,B,-14.3,--,-125.0
14-12,U 9749,-5,--,-7.6,--,17.0
14-12,U10822,-5,--,-8.2,--,-31.0
14+12,1008-04,10,B,-13.85,--,114.0
14+12,2159-51,10,A,-13.69,--,74.0
14+12,2359-15,10,--,-14.18,--,-42.0
14+12,N  404,-2,A,-16.11,--,178.0
14+12,N 3109,10,--,-16.62,--,130.0
14+12,U 5364,10,--,-12.51,--,-25.0
14+12,U 5373,10,B,-14.27,--,129.0
14+12,U 8091,10,--,-11.61,--,165.0
14+12,U 9128,10,--,-12.38,--,196.0
14+12,U12613,10,A,-12.63,--,39.0
14-13+13,0005-34,10,--,--,--,198.0
14-13,0040-22,10,--,-14.28,--,388.0
14-13,0047-21,10,--,--,--,331.0
14-13,2318-42,10,--,-25.0,--,-7.0
14-13,2323-32,10,--,-24.97,--,82.0
14-13,2341-32,9,--,--,--,282.0
14-13,N   55,9,B,-18.13,--,106.0
14-13,N  247,7,X,-17.98,--,190.0
14-13,N  253,5,X,-20.02,--,260.0
14-13,N  300,7,A,-16.88,--,97.0
14-13,N 7793,8,A,-17.69,--,236.0
14+13,0142-43,10,--,--,--,293.0
14+13,N  625,9,B,-16.35,--,317.0
14-14+14,0236-61,10,--,--,--,329.0
14-14,N 1313,7,B,-18.6,--,254.0
14+14,0255-54,7,B,-17.64,--,403.0
14+14,0331-50,5,--,--,--,455.0
14+14,N 1311,9,--,--,--,389.0
14-15+15,1243-33,10,--,--,--,365.0
14-15,1324-41,10,--,--,--,311.0
14-15,1334-27,10,--,--,--,409.0
14-15,1342-41,10,--,--,--,338.0
14-15,1346-35,10,--,--,--,141.0
14-15,N 4945,6,B,-20.65,--,325.0
14-15,N 5102,-2,A,-17.59,--,251.0
14-15,N 5128,-2,P,-20.97,--,323.0
14-15,N 5236,5,X,-20.31,--,337.0
14-15,N 5253,-3,P,-16.66,--,233.0
14-15,N 5264,10,--,-15.68,--,300.0
14-15,N 5408,10,--,--,--,318.0
14+15,1331-45,10,--,--,--,612.0
14-16+15,1424-46,10,--,--,--,204.0
14-16+15,1457-48,10,--,--,--,412.0
14-16+15,1510-46,5,--,--,--,356.0
14+16+15,1616-60,10,--,--,--,440.0
14+16+15,1742-64,10,B,-16.06,--,162.0
14-17+17,1259-16,10,--,--,--,569.0
14-17,1300-17,10,P,-16.52,--,578.0
14+17,N 5068,6,X,-18.93,--,510.0
14-18+18,N 4517,6,A,-19.58,--,1004.0
14-18,N 4592,8,A,-18.5,--,954.0
14+19+19,U 3974,10,--,-13.21,--,153.0
14+19,U 4115,10,A,-13.51,--,214.0
14+20+20,0731-68,9,--,--,--,253.0
14+20,1215-79,6,--,--,--,185.0
14+20,1409-65,3,A,-21.23,--,214.0
14+20,N 2915,10,B,-15.25,--,191.0
14 -0,N 3738,10,P,-16.11,--,314.0
14 -0,N 4068,10,A,-15.33,--,302.0
14 -0,N 4204,8,B,-16.78,--,810.0
14 -0,N 4605,5,BP,-17.41,--,279.0
14 -0,N 4941,2,X,-17.31,--,593.0
14 -0,N 6503,6,A,-18.64,--,305.0
14 -0,N 6946,6,X,-20.78,--,338.0
14 -0,U 5918,10,--,-14.06,--,465.0
14 -0,U 6541,10,--,-14.41,--,314.0
14 -0,U 6782,10,--,--,--,477.0
14 -0,U 7321,6,--,-14.79,--,362.0
14 -0,U 9240,10,A,-14.52,--,281.0
15 -1 +1,N 3299,8,X,-15.46,--,465.0
15 -1,N 3351,3,B,-19.26,--,649.0
15 -1,N 3368,2,X,-19.62,--,766.0
15 -1,N 3377,-5,--,-18.55,--,595.0
15 -1,N 3379,-5,--,-19.39,--,752.0
15 -1,N 3384,-2,B,-18.73,--,641.0
15 -1,N 3412,-2,B,-18.14,--,737.0
15 -1,N 3489,-2,X,-17.92,--,576.0
15 -1,U 5889,9,--,-14.4,--,449.0
15 -2 +1,N 3593,0,A,-17.01,--,510.0
15 -2 +1,N 3623,1,X,-19.81,--,692.0
15 -2 +1,N 3627,3,X,-19.66,--,623.0
15 -2 +1,N 3628,3,P,-19.96,--,734.0
15 -3 +1,1053+06,13,P,-16.18,--,1050.0
15 -3 +1,N 3423,6,A,-18.68,--,851.0
15 -4 +1,1102+29,13,P,--,--,592.0
15 -4 +1,N 3486,5,X,-18.61,--,632.0
15 -4 +1,N 3510,9,B,-16.83,--,664.0
15 -5 +1,1000-05,7,--,--,--,449.0
15 -5 +1,N 3115,-2,--,-19.18,--,475.0
15 -0 +1,0948+08,10,P,--,--,397.0
15 -0 +1,N 2903,4,X,-19.85,--,451.0
15 -0 +1,N 3239,9,BP,-17.33,--,639.0
15 -0 +1,N 3274,6,XP,-15.97,--,481.0
15 -0 +1,N 3344,4,X,-18.47,--,513.0
15 -0 +1,N 3365,5,--,-17.95,--,810.0
15 -0 +1,N 3495,7,--,-18.74,--,980.0
15 -0 +1,N 3521,4,X,-19.88,--,628.0
15 -0 +1,U 5272,10,--,-15.12,--,469.0
15 -0 +1,U 5340,10,P,-14.43,--,441.0
15 -0 +1,U 5764,10,--,-14.89,--,543.0
15 -6 +6,N 2683,3,A,-18.96,--,373.0
15 -6,U 4787,8,--,-16.07,--,509.0
15 +6,U 4704,8,--,-16.01,--,586.0
15 +7 +7,N 3104,10,A,-17.36,--,617.0
15 +7,N 3184,6,X,-19.34,--,604.0
15 +7,N 3198,5,B,-19.62,--,686.0
15 +7,N 3319,6,B,-18.71,--,754.0
15 +8 +7,N 3432,9,B,-18.38,--,600.0
15 +8 +7,U 5829,10,B,-15.94,--,608.0
15 -0 +7,U 5740,9,X,-15.87,--,707.0
15 -9 +9,N 3600,1,--,-18.41,--,740.0
15 -9,N 3675,3,A,-19.84,--,805.0
15 -9,U 6161,8,B,-17.14,--,793.0
15-10+10,N 2681,0,X,-19.59,--,761.0
15-10,U 4499,8,X,-17.54,--,749.0
15-10,U 4514,5,B,-17.36,--,759.0
15+10,0930+55,13,P,--,--,826.0
15+10,N 2841,3,A,-20.58,--,686.0
15+10,U 5151,13,P,-15.78,--,450.0
15-11+10,N 2541,6,A,-18.37,--,596.0
15-11+10,N 2552,9,A,-17.47,--,574.0
15+11+10,N 2500,7,B,-17.96,--,572.0
15+11+10,N 2537,10,BP,-17.63,--,479.0
15+11+10,U 4278,7,--,-17.45,--,591.0
15 -0+10,U 4148,7,--,-16.24,--,747.0
15 -0+10,U 4426,10,--,--,--,396.0
15+12+12,N 2337,10,B,-17.38,--,467.0
15+12,U 3817,10,--,--,--,471.0
15 -0,N 2344,5,B,-18.57,--,1002.0
15 -0,N 3621,7,A,-19.87,--,470.0
15 -0,U 3273,9,--,-18.69,--,734.0
15 -0,U 3475,9,--,-16.87,--,512.0
15 -0,U 3860,10,--,-14.63,--,365.0
15 -0,U 3966,10,--,-15.47,--,368.0
16 -1 +1,1357-45,5,B,-19.11,--,1300.0
16 -1,1415-47,7,--,--,--,1087.0
16 -1,N 5530,4,A,-20.04,--,1013.0
16 -1,N 5643,5,X,-20.97,--,1019.0
16 +1,1420-49,10,--,--,--,1347.0
16 -2 +2,1412-43,5,B,--,--,1691.0
16 -2,N 5483,5,A,-20.26,--,1578.0
16 -3 +2,1418-46,4,--,--,--,1460.0
16 -3 +2,1423-45,10,--,--,--,1758.0
16 -0 +2,1428-43,5,A,-20.35,--,1770.0
16 -4 +4,1317-35,8,--,--,--,1248.0
16 -4,1324-37,7,--,--,--,1235.0
16 -4,N 5121,-2,A,-19.72,--,1324.0
16 -5 +5,1348-33,7,B,--,--,1206.0
16 -5,N 5398,8,BP,-19.01,--,1053.0
16 -0,1455-47,10,--,--,--,878.0
16 -0,1505-52,7,--,--,--,1230.0
16 -0,1516-41,3,B,--,--,1191.0
16 -0,1525-42,10,--,--,--,1195.0
16 -0,N 5556,7,X,-19.81,--,1236.0
17 -1 +1,N  891,3,A,-19.96,--,712.0
17 -1,N  925,7,X,-19.66,--,710.0
17 -1,N  949,7,A,-17.85,--,774.0
17 -1,N  959,9,--,-17.49,--,767.0
17 -1,N 1003,6,A,-18.61,--,794.0
17 -1,N 1023,-2,B,-20.16,--,787.0
17 -1,N 1058,5,A,-17.87,--,676.0
17 -1,U 1807,10,--,--,--,815.0
17 -1,U 1865,9,--,-16.23,--,742.0
17 -1,U 2014,10,--,--,--,737.0
17 -1,U 2023,10,--,-17.22,--,763.0
17 -1,U 2034,10,--,-17.14,--,752.0
17 -1,U 2259,8,B,-16.89,--,742.0
17 +1,N  746,10,B,-17.94,--,915.0
17 +1,U 2080,6,X,-19.05,--,1074.0
17 -2 +2,N  278,3,XP,-19.62,--,883.0
17 -2,U  731,10,--,--,--,875.0
17 -3 +3,N 1012,13,P,-18.59,--,1123.0
17 -3,U 2017,10,--,--,--,1157.0
17 -3,U 2053,10,--,-16.25,--,1173.0
17 -4 +4,0140+19,10,--,--,--,648.0
17 -4,N  628,5,A,-20.32,--,798.0
17 -4,N  660,1,BP,-19.58,--,982.0
17 -4,U  891,9,X,-15.55,--,785.0
17 -4,U 1176,10,--,--,--,770.0
17 -4,U 1195,10,P,-17.67,--,895.0
17 -5 +5,N  672,6,B,-18.65,--,592.0
17 -5,U 1249,9,B,-17.61,--,506.0
17 +6 +6,N  784,8,--,-16.96,--,362.0
17 +6,U 1281,8,--,-16.49,--,343.0
17 -7 +7,0059-07,8,X,--,--,1161.0
17 -7,0102-06,7,X,-19.0,--,1172.0
17 -0,0153+05,13,P,-15.56,--,900.0
17 -0,N  428,9,X,-19.14,--,1260.0
17 -0,N 1036,13,P,-17.05,--,889.0
17 -0,N 1156,10,B,-17.46,--,477.0
17 -0,U 1072,-2,--,-16.23,--,900.0
17 -0,U 1561,10,P,-15.83,--,740.0
17 -0,U 2082,5,--,-18.55,--,834.0
17 -0,U 2684,10,--,--,--,417.0
18 -1 +1,N 1169,3,X,-21.33,--,2564.0
18 -1,U 2459,8,--,--,--,2640.0
18 -2 +1,N 1171,5,--,-20.99,--,2906.0
18 -2 +1,U 2531,8,A,-21.17,--,2872.0
18 -0 +1,N 1282,-5,--,-19.44,--,2343.0
18 -0,U 2463,9,X,-18.84,--,2051.0
19 -1 +1,1823-67,9,B,-17.85,--,593.0
19 -1,1847-64,10,--,--,--,870.0
19 -1,1850-64,10,--,--,--,657.0
19 -1,1908-62,10,--,--,--,823.0
19 -1,1911-62,10,--,--,--,772.0
19 -1,2005-62,3,--,--,--,703.0
19 -1,N 6684,-2,B,-19.06,--,741.0
19 -1,N 6744,4,X,-21.39,--,717.0
19 +1,2047-69,7,--,-17.71,--,459.0
19 -2 +2,1643-57,13,P,--,--,694.0
19 -2,1654-60,5,--,--,--,980.0
19 -2,1713-57,9,--,--,--,952.0
19 -2,N 6300,5,BP,-20.33,--,958.0
19 -3 +2,1702-62,5,--,--,--,1353.0
19 -3 +2,N 6215,5,A,-20.85,--,1406.0
19 -3 +2,N 6221,5,B,-21.04,--,1332.0
19 -4 +4,N 7064,5,B,-17.73,--,811.0
19 -4,N 7090,5,B,-19.66,--,798.0
19 -5 +5,2218-46,6,B,-19.18,--,886.0
19 -5,2219-48,10,--,--,--,664.0
19 -6 +6,2254-430,7,B,--,--,917.0
19 -6,N 7424,6,X,-19.55,--,938.0
19 -6,N 7456,6,A,-19.44,--,1205.0
19 -6,N 7462,5,B,-18.47,--,1061.0
19 -7 +7,2324-37,10,--,--,--,686.0
19 -7,2331-36,7,A,-18.45,--,706.0
19 -7,2346-38,10,--,--,--,642.0
19 -7,N 7713,6,B,-18.46,--,687.0
19 -8 +7,N   24,5,A,-17.77,--,595.0
19 -8 +7,N   45,8,A,-17.82,--,511.0
19 -0 +7,2349-52,10,--,--,--,492.0
19 -0,N  244,13,P,-16.65,--,995.0
21 -1 +1,N 3596,5,X,-20.31,--,1084.0
21 -1,N 3605,-5,--,-18.03,--,600.0
21 -1,N 3607,-2,A,-20.54,--,840.0
21 -1,N 3608,-5,--,-19.94,--,1118.0
21 -1,N 3626,-2,A,-20.4,--,1383.0
21 -1,N 3655,5,A,-19.96,--,1384.0
21 -1,N 3659,9,B,-19.45,--,1200.0
21 -1,N 3681,4,X,-19.67,--,1152.0
21 -1,N 3684,4,A,-19.69,--,1075.0
21 -1,N 3686,4,B,-19.94,--,1076.0
21 -1,U 6320,13,P,-18.17,--,1050.0
21 +1,U 6258,10,--,-17.58,--,1382.0
21 -2 +1,N 3501,5,--,-18.89,--,1040.0
21 -2 +1,U 6151,9,--,-17.18,--,1241.0
21 -2 +1,U 6171,10,P,-17.71,--,1118.0
21 -3 +1,N 3370,5,A,-19.85,--,1212.0
21 -3 +1,N 3443,7,A,-18.02,--,1028.0
21 -3 +1,N 3447,7,X,-19.01,--,965.0
21 -3 +1,N 3454,5,B,-18.34,--,1033.0
21 -3 +1,N 3455,3,X,-19.06,--,987.0
21 -3 +1,N 3507,3,B,-20.08,--,879.0
21 -3 +1,U 5947,10,P,-17.16,--,1158.0
21 -3 +1,U 6007,10,BP,--,--,923.0
21 -3 +1,U 6035,10,B,-16.74,--,968.0
21 -3 +1,U 6112,7,--,-18.16,--,932.0
21 -4 +1,N 3773,-2,AP,-18.25,--,904.0
21 -4 +1,N 3810,5,A,-20.11,--,882.0
21 +4 +1,N 3666,5,A,-19.55,--,947.0
21 +4 +1,N 3705,2,X,-20.15,--,891.0
21 +4 +1,U 6655,13,P,-16.96,--,750.0
21 -5 +1,N 3338,5,A,-20.8,--,1174.0
21 -5 +1,N 3346,6,B,-19.35,--,1137.0
21 -5 +1,N 3389,5,A,-19.82,--,1138.0
21 -0 +1,N 3437,5,X,-19.65,--,1212.0
21 -0 +1,N 3547,5,P,-19.25,--,1414.0
21 -0 +1,U 6633,-2,--,-18.85,--,1650.0
21 -6 +6,N 3162,4,X,-19.71,--,1215.0
21 -6,N 3177,3,A,-18.75,--,1122.0
21 -6,N 3185,1,B,-18.93,--,1146.0
21 -6,N 3187,5,BP,-18.88,--,1500.0
21 -6,N 3190,1,AP,-20.29,--,1216.0
21 -6,N 3193,-5,--,-20.05,--,1277.0
21 -6,N 3226,-5,P,-19.57,--,1270.0
21 -6,N 3227,1,XP,-20.17,--,1081.0
21 -6,N 3287,7,B,-18.97,--,1058.0
21 -6,N 3301,0,B,-19.61,--,1244.0
21 -6,U 5588,13,P,-18.12,--,1350.0
21 -6,U 5675,9,--,--,--,1001.0
21 +6,N 3098,-2,--,-18.99,--,1257.0
21 +6,U 5833,-2,--,-17.02,--,1214.0
21 -7 +7,N 3504,2,X,-20.38,--,1478.0
21 -7,N 3512,5,X,-19.01,--,1338.0
21 +7,N 3414,-2,BP,-20.23,--,1357.0
21 -8 +8,N 3245,-2,A,-20.07,--,1202.0
21 -8,N 3254,4,A,-20.31,--,1309.0
21 -8,N 3277,2,A,-19.51,--,1402.0
21 -8,U 5662,3,B,-17.52,--,1269.0
21 -9 +9,N 3395,6,XP,-20.0,--,1595.0
21 -9,N 3396,10,BP,-20.04,--,1649.0
21 -9,N 3430,5,X,-20.21,--,1533.0
21 -9,N 3442,13,P,-19.1,--,1713.0
21 +9,U 5706,10,--,--,--,1466.0
21-10+10,N 3156,-5,--,-18.54,--,994.0
21-10,N 3166,0,X,-20.22,--,1203.0
21-10,N 3169,1,AP,-20.44,--,1051.0
21-10,U 5522,6,--,-18.2,--,1065.0
21-10,U 5539,10,B,-17.56,--,1097.0
21+10,0952+08,13,P,-16.65,--,1122.0
21+10,1014-03,8,B,--,--,1109.0
21+10,N 3044,5,B,-19.74,--,1145.0
21+10,U 5708,7,X,-18.24,--,1007.0
21-11+11,N 3611,1,AP,-19.51,--,1490.0
21-11,N 3630,-2,--,-19.37,--,1363.0
21-11,N 3640,-5,--,-20.78,--,1198.0
21-11,N 3664,9,BP,-18.94,--,1216.0
21-11,U 6345,10,B,-18.95,--,1450.0
21-12+12,0945+33,13,P,-18.04,--,1443.0
21-12,0954+33,13,P,-17.48,--,1470.0
21-12,N 2964,4,X,-19.9,--,1260.0
21-12,N 2968,3,P,-19.39,--,1559.0
21-12,N 2970,-2,--,-17.73,--,1629.0
21-12,N 3003,4,B,-20.45,--,1439.0
21-12,N 3011,-2,--,-17.91,--,1417.0
21-12,N 3021,5,B,-19.4,--,1490.0
21-12,N 3067,2,X,-19.68,--,1414.0
21-12,U 5393,9,B,-18.02,--,1407.0
21-13+12,N 3026,10,--,-19.14,--,1431.0
21-13+12,N 3032,-2,X,-19.36,--,1439.0
21-14+12,U 5349,9,--,-18.44,--,1361.0
21-14+12,U 5391,9,--,-18.36,--,1550.0
21-15+12,N 2793,9,BP,-18.3,--,1636.0
21-15+12,N 2859,-2,B,-20.38,--,1557.0
21 -0+12,0944+39,13,P,-17.81,--,1617.0
21 -0+12,1003+29,13,P,-17.37,--,1341.0
21 -0+12,N 2893,0,B,-18.84,--,1650.0
21 -0+12,N 2955,3,AP,-19.04,--,1721.0
21 -0+12,U 5478,10,--,-17.21,--,1326.0
21-16+16,N 2798,1,BP,-19.67,--,1710.0
21-16,N 2799,9,BP,-18.69,--,1739.0
21-17+16,N 2844,1,A,-18.54,--,1477.0
21-17+16,N 2852,-2,--,-18.73,--,1880.0
21-17+16,N 2853,1,--,-18.65,--,1792.0
21-18+18,N 2770,5,A,-20.96,--,1908.0
21-18,N 2778,-5,--,-19.46,--,2017.0
21-18,N 2780,12,BP,-18.69,--,2173.0
21-18,U 4777,10,--,-18.25,--,2019.0
21-18,U 4837,9,--,-17.71,--,1848.0
21+19+19,U 4260,10,--,-18.55,--,2284.0
21+19,U 4393,12,B,-19.82,--,2154.0
21+20+20,0913+53,13,P,-17.86,--,2286.0
21+20,N 2701,4,XP,-20.04,--,2391.0
21 -0,0825+52,13,P,--,--,1773.0
21 -0,N 2712,3,B,-19.85,--,1857.0
21 -0,N 2776,5,X,-20.77,--,2643.0
21 -0,N 2782,1,XP,-20.79,--,2529.0
21 -0,N 3020,6,B,-19.3,--,1305.0
21 -0,N 3041,5,X,-19.77,--,1295.0
21 -0,N 3294,5,A,-20.19,--,1570.0
21 -0,N 3629,6,A,-19.64,--,1471.0
21 -0,U 4543,8,A,-18.78,--,1983.0
21 -0,U 4922,9,A,-19.55,--,2025.0
21 -0,U 5172,9,A,-18.74,--,2635.0
21 -0,U 5633,8,B,-17.75,--,1264.0
21 -0,U 6670,10,B,-18.08,--,838.0
22 -1 +1,1152-16,8,--,--,--,1601.0
22 -1,1155-22,10,--,--,--,1561.0
22 -1,1203-22,10,B,--,--,1498.0
22 -1,1210-20,10,--,--,--,1340.0
22 -1,N 3956,5,A,-20.2,--,1439.0
22 -1,N 3957,-2,A,-19.29,--,1620.0
22 -1,N 3981,4,P,-19.87,--,1499.0
22 -1,N 4024,-5,--,-19.46,--,1482.0
22 -1,N 4027,8,BP,-20.54,--,1461.0
22 -1,N 4033,-5,--,-19.49,--,1312.0
22 -1,N 4038,10,BP,-21.06,--,1446.0
22 -1,N 4039,10,P,--,--,1429.0
22 -1,N 4050,3,B,-20.49,--,1700.0
22 +1,N 3955,13,--,-19.18,--,1117.0
22 +1,N 3962,-5,--,-20.73,--,1621.0
22 +1,N 4094,6,--,-19.84,--,1232.0
22 -2 +1,1138-09,6,X,--,--,1540.0
22 -2 +1,1142-09,4,B,--,--,1536.0
22 -2 +1,N 3892,-2,B,-19.77,--,1532.0
22 -0 +1,N 4462,2,B,-20.51,--,1658.0
22 -3 +3,1213-11,10,--,--,--,985.0
22 -3,1214-11,10,--,--,--,1098.0
22 -4 +4,1146-28,9,B,--,--,1692.0
22 -4,1150-28,8,--,--,--,1461.0
22 -4,1158-24,8,--,--,--,1581.0
22 -4,1202-27,9,--,--,--,1553.0
22 -4,1203-27,5,B,-20.43,--,1618.0
22 -4,N 3885,1,A,-20.24,--,1706.0
22 -4,N 3904,-5,--,-20.11,--,1369.0
22 -4,N 3923,-5,--,-21.23,--,1546.0
22 -4,N 3936,5,--,-20.51,--,1789.0
22 +4,N 3673,3,B,-20.2,--,1696.0
22 +4,N 3717,2,A,-20.75,--,1477.0
22 -5 +4,1207-29,5,A,-20.9,--,1907.0
22 -5 +4,N 4105,-5,--,-20.36,--,1654.0
22 -5 +4,N 4106,-2,B,-20.3,--,1944.0
22 -6 +6,1106-28,10,--,--,--,1239.0
22 -6,N 3585,-5,--,-20.93,--,1236.0
22 -7 +7,N 3637,-2,B,-19.65,--,1649.0
22 -7,N 3672,5,A,-21.17,--,1654.0
22 -7,N 3732,1,X,-19.05,--,1514.0
22 -8 +8,1139-06,10,P,--,--,1515.0
22 -8,N 3818,-5,--,-19.4,--,1317.0
22 -9 +9,1150-03,10,--,--,--,1499.0
22 -9,N 3952,9,P,-19.96,--,1458.0
22 +9,U 6780,7,AP,-19.26,--,1574.0
22-10+10,N 4030,4,A,-20.27,--,1311.0
22-10,U 7053,10,--,--,--,1311.0
22+10,U 6877,13,P,-17.34,--,1050.0
22-11+11,N 4116,8,B,-19.73,--,1177.0
22-11,N 4123,4,B,-20.25,--,1207.0
22+11,N 4179,-2,--,-20.17,--,1144.0
22+11,U 7178,10,--,--,--,1205.0
22+12+12,N 4045,4,--,-19.97,--,1827.0
22+12,U 6903,6,X,-19.22,--,1748.0
22+12,U 6998,9,--,--,--,1789.0
22 -0,1041-09,7,--,--,--,1858.0
22 -0,1048-19,6,B,--,--,1808.0
22 -0,1107-23,4,A,-20.05,--,1841.0
22 -0,1220-13,10,--,--,--,974.0
22 -0,N 3321,5,--,--,--,2262.0
22 -0,N 3887,4,B,-19.91,--,998.0
22 -0,N 4129,5,--,-19.25,--,1034.0
23 -1 +1,1239-40,5,--,--,--,2397.0
23 -1,1242-40,13,P,--,--,2238.0
23 -1,1242-40,2,A,--,--,2261.0
23 -1,1247-41,-2,--,--,--,2449.0
23 -1,N 4603,5,A,-21.93,--,2323.0
23 -1,N 4645,-5,--,-21.03,--,2412.0
23 -1,N 4650,0,B,--,--,2397.0
23 -1,N 4677,-2,--,-20.1,--,2978.0
23 -1,N 4696,-5,--,-22.05,--,2575.0
23 -1,N 4730,-5,--,--,--,2034.0
23 -1,N 4743,-2,--,--,--,2820.0
23 -1,N 4767,-5,--,-21.13,--,2901.0
23 -2 +2,1317-47,5,--,--,--,2622.0
23 -2,N 5064,3,A,-21.18,--,2752.0
23 +2,1307-46,1,--,--,--,2843.0
23 +2,1323-47,5,--,--,--,2402.0
23 +2,N 5156,1,B,-21.08,--,2757.0
23 -0 +2,1245-45,10,--,--,--,2935.0
23 -0 +2,N 5011,-5,--,-21.1,--,2838.0
23 -3 +3,1337-48,6,A,--,--,2628.0
23 -3,1346-48,5,--,--,--,2715.0
23 -3,N 5266,-2,A,-21.29,--,2865.0
23 -4 +3,1357-48,5,--,--,--,2661.0
23 -4 +3,N 5333,-2,--,--,--,2538.0
23 -0 +3,1406-45,9,B,--,--,2427.0
23 -0 +3,1408-49,5,--,--,--,2697.0
23 -0 +3,N 5489,1,--,--,--,2773.0
23 -5 +5,1212-35,5,B,--,--,2445.0
23 -5,1221-34,5,A,-21.14,--,2487.0
23 -5,N 4304,3,B,-20.32,--,2395.0
23 -0 +5,1225-39,-5,--,-21.23,--,2730.0
23 -0 +5,1235-35,5,X,-20.22,--,2700.0
23 -6 +6,N 5670,-2,--,--,--,2737.0
23 -6,N 5688,5,--,--,--,2628.0
23 -7 +7,1252-44,10,--,--,--,1985.0
23 -7,N 4835,5,X,-21.05,--,1947.0
23 -8 +7,1252-49,7,B,--,--,1888.0
23 -8 +7,1253-50,-5,--,-20.7,--,2031.0
23 -0 +7,1244-53,10,--,--,--,1622.0
23 -0 +7,1256-49,10,--,--,--,1653.0
23 -9 +9,1259-50,5,--,--,--,1131.0
23 -9,N 4976,-5,--,-21.05,--,1132.0
23 -0,1229-51,5,--,--,--,2376.0
23 -0,1428-55,9,--,--,--,2903.0
23 -0,1441-49,9,--,--,--,2100.0
23 -0,N 3882,5,--,--,--,1544.0
23 -0,N 4219,4,A,-21.07,--,1739.0
23 -0,N 4444,3,--,--,--,2666.0
23 -0,N 4930,5,B,--,--,2364.0
23 -0,N 5365,-2,B,-20.39,--,2232.0
24 -1 +1,N 2273,1,B,-20.76,--,1961.0
24 -1,U 3504,6,X,-20.6,--,2222.0
24 -1,U 3530,7,X,-19.7,--,2224.0
24 -1,U 3598,10,B,-18.51,--,2110.0
24 +1,U 3685,3,B,-20.33,--,1913.0
24 +1,U 3826,7,X,-19.27,--,1847.0
24 -2 +2,U 3574,6,A,-19.42,--,1545.0
24 -2,U 3647,10,B,-17.35,--,1475.0
24 -3 +3,N 2460,1,A,-19.52,--,1553.0
24 -3,U 4093,3,B,-17.93,--,1646.0
31 -1 +1,N 3312,2,AP,-21.33,--,2442.0
31 -1,N 3314,0,BP,--,--,2762.0
31 -2 +2,1027-350,-3,--,--,--,1609.0
31 -2,1027-351,-5,--,--,--,1498.0
31 -2,N 3257,-2,X,--,--,2779.0
31 -2,N 3258,-5,--,-20.32,--,2564.0
31 -2,N 3260,-5,--,--,--,2169.0
31 -2,N 3268,-5,--,-20.28,--,2518.0
31 -2,N 3273,-2,A,--,--,2176.0
31 +2,1026-31,4,B,-19.94,--,2859.0
31 +2,1036-37,5,--,--,--,2766.0
31 +2,N 3223,3,A,-21.71,--,2617.0
31 +2,N 3241,2,A,-19.64,--,2594.0
31 +2,N 3275,3,B,-21.04,--,2957.0
31 -3 +2,N 3347,3,B,-20.81,--,2642.0
31 -3 +2,N 3358,0,X,-20.37,--,2629.0
31 -4 +2,0953-32,6,X,-20.98,--,2731.0
31 -4 +2,0957-34,7,--,--,--,2613.0
31 -4 +2,N 3038,1,A,-20.95,--,2426.0
31 -4 +2,N 3087,-5,--,-20.69,--,2375.0
31 -4 +2,N 3095,5,X,-20.97,--,2438.0
31 -5 +2,0957-29,5,--,--,--,2197.0
31 -5 +2,1001-27,5,X,-20.27,--,2533.0
31 -5 +2,N 3078,-5,--,-20.63,--,2230.0
31 -5 +2,N 3089,2,X,-20.03,--,2375.0
31 +5 +2,1008-25,9,--,--,--,2243.0
31 +5 +2,N 3001,4,X,-20.36,--,2190.0
31 +5 +2,N 3054,3,X,-20.55,--,1925.0
31 +5 +2,N 3081,1,X,-20.05,--,2146.0
31 +5 +2,N 3203,-2,A,-20.01,--,2153.0
31 -0 +2,0936-38,7,--,--,--,2175.0
31 -0 +2,N 3208,4,A,-19.8,--,2738.0
31 -0 +2,N 3390,3,--,-20.45,--,2578.0
31 -0 +2,N 3449,0,X,-20.58,--,2994.0
31 -6 +6,N 3256,13,P,-21.42,--,2595.0
31 -6,N 3263,6,B,--,--,2724.0
31 -6,N 3318,3,X,-20.99,--,2622.0
31 -7 +6,1026-39,7,B,--,--,2530.0
31 -7 +6,N 3250,-5,--,-21.26,--,2582.0
31 -8 +6,1010-47,5,--,--,--,2202.0
31 -8 +6,1014-48,5,--,--,--,2447.0
31 -8 +6,1021-47,5,--,--,--,2380.0
31 +9 +6,1056-49,7,B,--,--,2455.0
31 +9 +6,1108-48,2,B,--,--,2434.0
31 -0 +6,N 3261,5,B,-21.12,--,2280.0
31-10+10,1107-37,-5,--,-20.13,--,2611.0
31-10,N 3557,-5,--,-22.18,--,2877.0
31-10,N 3564,-2,--,-20.12,--,2561.0
31-10,N 3568,3,B,--,--,2172.0
31+10,1113-33,3,B,-19.65,--,2738.0
31-11+10,1125-36,4,B,-19.6,--,2710.0
31-11+10,N 3706,-5,--,-21.14,--,2780.0
31+11+10,N 3783,1,B,-20.53,--,2627.0
31-12+12,0935-22,7,X,--,--,2143.0
31-12,N 2935,4,X,-21.74,--,2009.0
31-12,N 2983,-2,B,-19.72,--,1752.0
31-12,N 2986,-5,--,-20.7,--,2132.0
31-13+12,0930-16,2,X,--,--,1868.0
31-13+12,N 2907,1,A,-19.55,--,1810.0
31-14+12,0909-14,10,--,-17.86,--,1803.0
31-14+12,N 2763,6,--,-19.53,--,1640.0
31-14+12,N 2781,1,X,-20.23,--,1778.0
31+14+12,N 2848,5,X,-19.78,--,1789.0
31-15+12,N 2992,1,P,-20.51,--,1965.0
31-15+12,N 2993,1,P,-19.6,--,1970.0
31-16+12,0917-12,10,--,--,--,1703.0
31-16+12,0918-12,10,--,--,--,1663.0
31-16+12,N 2855,0,A,-19.8,--,1660.0
31+17+12,0922-24,4,XP,-18.88,--,2138.0
31+17+12,N 2865,-5,--,-20.7,--,2443.0
31 -0+12,0909-19,7,--,--,--,1914.0
31 -0+12,N 2811,0,B,-20.53,--,2260.0
31 -0+12,N 2815,3,B,-20.68,--,2016.0
31 -0+12,N 2902,-2,A,-19.46,--,1816.0
31-18+18,0940-05,8,BP,--,--,1734.0
31-18,0941-05,7,A,--,--,1808.0
31-18,N 2974,-5,--,-20.63,--,1786.0
31-19+19,0949+01,10,--,--,--,1662.0
31-19,N 3023,6,XP,-19.7,--,1683.0
31-19,U 5238,7,X,-18.4,--,1592.0
31-20+19,U 5224,8,B,-17.67,--,1756.0
31-20+19,U 5249,6,B,-19.01,--,1695.0
31 -0+19,N 2967,5,A,-20.31,--,1963.0
31-21+21,0815-29,7,--,--,--,1370.0
31-21,N 2559,5,BP,--,--,1296.0
31-21,N 2566,2,B,--,--,1377.0
31+21,0833-31,8,--,--,--,1266.0
31-22+21,0831-21,10,--,--,--,1511.0
31-22+21,N 2613,3,A,-21.24,--,1411.0
31 -0+21,0859-26,9,--,--,--,1682.0
31 -0+21,0908-32,10,--,--,--,1251.0
31-23+23,N 2775,2,A,-20.13,--,965.0
31-23,U 4797,9,--,-16.92,--,1140.0
31-24+24,U 3912,10,B,-17.96,--,1073.0
31-24,U 3946,10,--,-17.39,--,1028.0
31 -0,1000-21,7,X,--,--,2806.0
31 -0,N 2525,5,B,-19.89,--,1354.0
31 -0,N 2663,-5,--,--,--,2020.0
31 -0,N 2708,3,A,--,--,1795.0
31 -0,N 2888,-5,--,-19.35,--,1952.0
31 -0,N 2962,-2,X,-19.77,--,1937.0
31 -0,N 3055,5,X,-19.67,--,1615.0
31 -0,U 3964,8,X,-17.66,--,1271.0
31 -0,U 4508,13,P,-17.93,--,1736.0
31 -0,U 5245,8,--,-17.24,--,1220.0
32 -1 +1,0859+26,10,P,--,--,2694.0
32 -1,N 2735,13,P,-18.97,--,2534.0
32 -1,N 2750,5,X,-20.62,--,2600.0
32 +1,N 2764,-2,--,-19.59,--,2523.0
32 +2 +2,N 2608,3,B,-19.95,--,2063.0
32 +2,U 4559,4,--,-18.94,--,2027.0
32 +3 +3,0955+13,13,P,-19.03,--,2700.0
32 +3,N 3153,5,--,-20.12,--,2672.0
32 +3,U 5425,5,--,-19.45,--,2577.0
32 +3,U 5458,12,--,-19.34,--,2700.0
32 -4 +4,N 3367,5,B,-21.21,--,2913.0
32 -4,N 3419,-2,X,-19.79,--,2894.0
32 +4,N 3300,-2,X,-20.06,--,2867.0
32 +4,N 3433,5,A,-20.58,--,2582.0
32 -0,0923+19,13,P,-18.68,--,2381.0
32 -0,0931+11,13,P,-18.57,--,2358.0
32 -0,N 2577,-3,--,-19.14,--,2054.0
32 -0,N 2872,-5,--,-20.59,--,2825.0
32 -0,N 2940,-3,--,-18.59,--,2824.0
32 -0,N 2990,5,--,-20.29,--,2994.0
32 -0,U 6157,8,A,-19.07,--,2859.0
33 -1 +1,N 2842,-2,B,--,--,2490.0
33 -1,N 2887,-5,--,--,--,2561.0
33 -2 +1,0913-601,5,--,--,--,2620.0
33 -2 +1,0913-603,5,--,--,--,2701.0
33 -0 +1,0944-63,5,--,--,--,2618.0
33 -0 +1,N 2714,-2,--,--,--,2421.0
33 -3 +3,0916-62,5,--,--,--,1831.0
33 -3,0926-60,12,P,--,--,1918.0
33 +3,1001-64,1,--,--,--,1867.0
33 -4 +4,0729-61,4,--,--,--,2920.0
33 -4,N 2417,4,A,-21.27,--,2891.0
33 +4,0743-58,5,--,--,--,2615.0
33 +5 +5,0621-59,3,--,--,--,1994.0
33 +5,0639-58,3,P,--,--,2325.0
33 -0,0733-46,5,--,--,--,2593.0
33 -0,0737-55,3,--,--,--,2530.0
33 -0,0822-60,5,--,--,--,2291.0
33 -0,0919-68,5,--,--,--,2072.0
33 -0,N 2601,-2,A,--,--,2953.0
34 -1 +1,0613-26,10,--,--,--,1571.0
34 -1,0615-27,3,--,--,--,1465.0
34 -1,N 2217,-2,B,-20.17,--,1382.0
34 +1,0602-26,7,X,--,--,1593.0
34 +1,N 2139,6,X,-19.91,--,1632.0
34 -2 +2,0539-22,10,--,--,--,1532.0
34 -2,N 1964,3,X,-20.44,--,1480.0
34 +2,0516-21,10,--,--,--,1661.0
34 -3 +3,0505-16,9,B,--,--,1889.0
34 -3,0509-14,6,A,-19.91,--,1823.0
34 -3,N 1832,4,B,-20.17,--,1772.0
34 -4 +4,N 1888,5,BP,-20.38,--,2160.0
34 -4,N 1889,-5,--,--,--,2322.0
34 +5 +4,N 1784,5,B,-20.37,--,2182.0
34 +5 +4,N 1843,7,--,--,--,2470.0
34 -6 +6,0618-20,12,P,--,--,1767.0
34 -6,N 2227,6,B,-19.92,--,1999.0
34 +6,0601-20,7,B,--,--,1776.0
34 +7 +7,N 2280,6,A,-21.03,--,1651.0
34 +7,N 2325,-5,--,-20.97,--,1854.0
34 -8 +8,N 2179,0,A,-19.54,--,2549.0
34 -8,N 2207,4,XP,-21.94,--,2465.0
34 -8,N 2223,4,X,-20.85,--,2492.0
34 +8,0618-16,6,A,-20.21,--,2642.0
34 +8,N 2196,2,A,-20.68,--,2119.0
34 -0,0440-08,9,--,--,--,2414.0
34 -0,0449-02,12,P,--,--,2100.0
34 -0,0502+01,13,P,-18.57,--,3000.0
34 -0,0506-09,10,--,--,--,2561.0
34 -0,0508-02,13,P,--,--,2729.0
34 -0,0525-16,6,B,-19.3,--,2002.0
34 -0,0541-19,5,B,--,--,2559.0
34 -0,0550-17,6,A,--,--,2934.0
34 -0,N 1625,3,B,-20.52,--,2953.0
34 -0,N 1690,-5,--,-18.31,--,2100.0
34 -0,N 1954,5,B,--,--,2977.0
41 -1 +1,1503+01,-5,--,-18.21,--,2193.0
41 -1,N 5806,3,X,-20.36,--,1298.0
41 -1,N 5813,-5,--,-20.77,--,1879.0
41 -1,N 5831,-5,--,-19.95,--,1682.0
41 -1,N 5838,-2,A,-20.6,--,1430.0
41 -1,N 5845,-5,--,-19.3,--,1786.0
41 -1,N 5846,-5,--,-21.16,--,1785.0
41 -1,N 5850,3,B,-20.69,--,2532.0
41 -1,N 5854,-2,B,-19.73,--,1632.0
41 -1,N 5864,-2,B,-19.47,--,1633.0
41 -1,U 9760,7,--,-18.47,--,2023.0
41 -2 +1,N 5690,5,--,-20.45,--,1729.0
41 -2 +1,N 5691,1,XP,-20.0,--,1850.0
41 -2 +1,N 5692,13,P,-19.16,--,1800.0
41 -2 +1,N 5701,0,B,-20.35,--,1498.0
41 -2 +1,N 5705,7,B,-18.99,--,1737.0
41 -2 +1,N 5713,4,XP,-20.6,--,1871.0
41 -2 +1,N 5740,3,X,-19.85,--,1558.0
41 -2 +1,N 5746,3,X,-21.73,--,1785.0
41 -2 +1,N 5750,0,B,-20.13,--,2000.0
41 -2 +1,N 5774,7,X,-19.51,--,1587.0
41 -2 +1,N 5775,5,B,-20.69,--,1580.0
41 -2 +1,U 9385,10,--,--,--,1633.0
41 -2 +1,U 9432,10,--,-17.83,--,1556.0
41 -2 +1,U 9483,12,--,-19.2,--,1627.0
41 +2 +1,1450-03,8,X,--,--,1924.0
41 +2 +1,N 5584,6,X,-20.29,--,1597.0
41 +2 +1,N 5792,3,B,-20.83,--,1914.0
41 -3 +1,N 5566,2,B,-21.23,--,1489.0
41 -3 +1,N 5574,-2,B,-19.13,--,1685.0
41 -3 +1,N 5576,-5,--,-20.4,--,1497.0
41 -3 +1,N 5577,4,A,-19.37,--,1455.0
41 -3 +1,N 5638,-5,--,-20.12,--,1676.0
41 -3 +1,N 5668,7,A,-20.1,--,1563.0
41 -3 +1,U 9310,8,B,-18.1,--,1829.0
41 -3 +1,U 9380,10,--,-18.17,--,1692.0
41 +3 +1,N 5645,7,B,-19.42,--,1371.0
41 -4 +1,N 5496,7,--,-20.11,--,1488.0
41 -4 +1,N 5506,9,--,--,--,1690.0
41 -4 +1,U 9057,8,B,-19.03,--,1510.0
41 -5 +1,1430+08,-5,P,--,--,2186.0
41 -5 +1,N 5665,9,BP,-20.54,--,2264.0
41 -6 +1,N 5861,5,X,-20.8,--,1821.0
41 -6 +1,N 5885,5,X,-20.75,--,1968.0
41 -0 +1,1436-08,10,--,--,--,1761.0
41 -0 +1,1446-09,10,BP,-19.52,--,1790.0
41 -0 +1,N 5507,-5,--,--,--,2169.0
41 -0 +1,N 5669,6,X,-19.88,--,1376.0
41 -0 +1,N 5812,-5,--,-20.58,--,2027.0
41 -0 +1,N 5921,4,B,-20.67,--,1508.0
41 -0 +1,N 5964,7,B,-19.46,--,1492.0
41 -0 +1,U 9169,10,--,-18.9,--,1273.0
41 -0 +1,U 9249,7,--,-17.87,--,1361.0
41 -0 +1,U 9275,8,X,-18.72,--,1311.0
41 -0 +1,U 9500,9,B,--,--,1698.0
41 -7 +7,N 5300,5,A,-19.52,--,1123.0
41 -7,N 5348,3,--,-18.89,--,1411.0
41 -7,N 5360,13,BP,-17.7,--,1131.0
41 -7,N 5363,13,--,-20.57,--,1081.0
41 -7,N 5364,4,AP,-21.17,--,1348.0
41 +7,U 8995,8,X,-18.07,--,1210.0
41 -8 +7,N 5248,4,X,-21.07,--,1112.0
41 -8 +7,U 8575,10,--,-17.3,--,1122.0
41 -8 +7,U 8614,10,--,-18.73,--,1004.0
41 +9 +9,1444-17,5,--,--,--,2122.0
41 +9,N 5756,5,P,-20.76,--,2106.0
41-10+10,1511-15,7,A,-20.94,--,2229.0
41-10,N 5878,3,A,-20.96,--,2057.0
41-10,N 5915,2,BP,-20.84,--,2229.0
41+10,1510-17,8,B,--,--,2210.0
41-11+11,1515-23,-5,--,-18.67,--,2294.0
41-11,N 5898,-5,--,-20.49,--,2173.0
41-11,N 5903,-5,--,-20.88,--,2438.0
41+11,1510-20,9,--,--,--,2199.0
41+11,1523-22,4,X,--,--,2251.0
41-12+12,N 5426,5,AP,-20.33,--,2296.0
41-12,N 5427,5,AP,-20.94,--,2483.0
41-13+12,N 5468,6,X,-21.09,--,2763.0
41-13+12,N 5493,-2,P,-20.67,--,2555.0
41-14+14,N 5595,5,X,-21.03,--,2568.0
41-14,N 5597,6,X,-20.66,--,2573.0
41+15+15,1457-13,10,--,--,--,2726.0
41+15,N 5728,1,X,-21.67,--,2879.0
41+15,N 5757,3,B,-20.68,--,2678.0
41+15,N 5796,-5,--,-20.91,--,2871.0
41+16+16,N 5984,7,B,-19.08,--,1199.0
41+16,U 9912,8,B,-17.47,--,1117.0
41+16,U10014,10,--,-16.48,--,1203.0
41 -0,1442-20,10,--,--,--,2259.0
41 -0,N 5324,4,A,-21.02,--,2954.0
41 -0,N 5334,5,B,-19.66,--,1311.0
41 -0,N 5600,4,P,-19.67,--,2425.0
41 -0,U 8507,13,P,-17.89,--,1014.0
41 -0,U 8839,10,--,-18.43,--,971.0
41 -0,U 9126,10,--,-17.7,--,2294.0
41 -0,U 9164,13,P,-17.96,--,2551.0
42 -1 +1,1349+40,13,P,-17.89,--,2462.0
42 -1,N 5290,4,BP,-20.99,--,2673.0
42 -1,N 5296,-2,--,-18.19,--,2384.0
42 -1,N 5297,3,X,-21.39,--,2507.0
42 -1,N 5313,3,--,-20.49,--,2696.0
42 -1,N 5320,5,--,-20.49,--,2709.0
42 -1,N 5326,1,--,-20.29,--,2653.0
42 -1,N 5350,4,B,-20.76,--,2410.0
42 -1,N 5353,-2,--,-20.84,--,2116.0
42 -1,N 5362,3,P,-20.19,--,2361.0
42 -1,N 5371,4,X,-21.57,--,2654.0
42 -1,N 5383,3,BP,-20.96,--,2355.0
42 -1,U 8733,5,B,-19.49,--,2447.0
42 -1,U 8742,10,--,--,--,2352.0
42 -1,U 8798,8,--,--,--,2388.0
42 +1,1359+37,13,--,-18.2,--,2789.0
42 +1,U 8611,7,X,-18.66,--,2741.0
42 -2 +1,N 5169,3,B,-18.95,--,2585.0
42 -2 +1,N 5173,-5,--,-19.4,--,2507.0
42 -2 +1,N 5198,-5,--,-20.26,--,2592.0
42 -2 +1,U 8597,7,B,-18.84,--,2540.0
42 -0 +1,N 5347,2,B,-19.48,--,2364.0
42 -0 +1,N 5529,5,--,-21.31,--,2971.0
42 -0 +1,N 5630,9,--,-20.18,--,2777.0
42 -0 +1,U 9324,9,B,-19.03,--,2877.0
42 -3 +3,N 5660,5,X,-20.6,--,2483.0
42 -3,N 5676,4,A,-21.45,--,2273.0
42 -3,N 5682,3,B,-19.12,--,2414.0
42 -3,N 5689,0,B,-20.05,--,2353.0
42 -3,N 5714,5,--,-19.38,--,2382.0
42 -3,U 9426,10,--,--,--,2463.0
42 +3,N 5633,3,A,-20.34,--,2458.0
42 -4 +3,N 5448,1,X,-20.69,--,2101.0
42 -4 +3,N 5480,5,AP,-19.92,--,2045.0
42 -4 +3,N 5481,-2,--,-19.86,--,2350.0
42 -4 +3,U 9083,8,--,-17.82,--,2044.0
42 -5 +3,N 5783,5,X,-19.85,--,2497.0
42 -5 +3,U 9663,10,--,-18.71,--,2594.0
42 -6 +3,N 5422,0,--,-19.45,--,1986.0
42 -6 +3,N 5473,-2,X,-20.29,--,2156.0
42 -6 +3,N 5485,-2,AP,-20.18,--,2137.0
42 -6 +3,U 8892,10,--,-18.27,--,1901.0
42 -7 +3,N 5631,-2,A,-20.07,--,2144.0
42 -7 +3,N 5678,3,X,-20.96,--,2391.0
42 -7 +3,U 9391,8,B,-17.85,--,2097.0
42 +7 +3,N 5687,-2,--,-20.08,--,2283.0
42 +7 +3,U 9477,10,--,--,--,2510.0
42 -8 +3,1331+60,10,--,--,--,2226.0
42 -8 +3,1348+62,10,--,--,--,2299.0
42 -8 +3,N 5308,-2,--,-20.36,--,2133.0
42 -8 +3,N 5322,-5,--,-21.66,--,2061.0
42 -8 +3,N 5376,3,X,-19.93,--,2224.0
42 -8 +3,U 8716,13,P,--,--,2222.0
42 +8 +3,1350+64,13,P,-17.06,--,1828.0
42 +8 +3,N 5205,12,--,-19.68,--,1940.0
42 +8 +3,U 8894,9,--,--,--,1943.0
42 -0 +3,N 5377,1,B,-20.69,--,1951.0
42 -0 +3,N 5486,5,P,-18.34,--,1559.0
42 -0 +3,U 8441,10,--,-18.84,--,1661.0
42 -0 +3,U 8639,10,--,-17.94,--,1834.0
42 -0 +3,U 8658,4,X,-19.44,--,2172.0
42 +9 +9,N 5894,9,B,-20.55,--,2679.0
42 +9,U 9638,10,--,-18.5,--,2461.0
42+10+10,N 5985,3,X,-21.42,--,2718.0
42+10,U 9837,5,X,-19.47,--,2857.0
42+11+11,N 4194,-2,BP,-20.01,--,2629.0
42+11,N 4384,1,P,-19.62,--,2417.0
42-12+12,U 7164,9,X,--,--,2288.0
42-12,U 7168,13,P,-17.69,--,2344.0
42+12,N 4128,-2,A,-20.1,--,2481.0
42 -0+12,1205+67,13,P,-18.34,--,2391.0
42 -0+12,N 4256,3,A,-21.26,--,2680.0
42 -0+12,N 4545,6,B,-20.59,--,2860.0
42 -0+12,U 7941,7,--,-19.59,--,2445.0
42-13+13,N 4127,4,--,-19.87,--,2006.0
42-13,N 4291,-5,--,-20.22,--,1968.0
42-13,N 4319,2,B,-20.25,--,1868.0
42-13,N 4331,10,P,-18.33,--,1756.0
42-13,N 4386,-5,--,-19.94,--,1866.0
42-13,N 4589,-5,--,-20.64,--,2007.0
42-13,N 4750,2,A,-20.29,--,1698.0
42-13,U 7872,10,--,--,--,2073.0
42+13,N 3329,1,A,-20.11,--,2056.0
42+13,N 5452,7,X,-19.39,--,2272.0
42-14+14,N 3735,5,A,-21.46,--,2853.0
42-14,U 6711,13,P,-19.26,--,2700.0
42+14,N 3516,-2,B,-20.59,--,2709.0
42+15+15,U 3496,10,--,--,--,1795.0
42+15,U 4646,6,X,-20.24,--,1822.0
42-16+16,N 2268,4,X,-20.81,--,2432.0
42-16,N 2276,5,X,-21.19,--,2619.0
42-16,N 2300,-5,--,-20.79,--,2168.0
42-16,U 3522,13,P,-18.31,--,2346.0
42-17+16,N 2336,4,X,-22.0,--,2386.0
42-17+16,U 3834,5,X,-20.61,--,2225.0
42 -0+16,N 2732,-2,--,-19.68,--,2206.0
42-18+18,N 1530,3,B,-21.32,--,2661.0
42-18,U 3130,3,X,-20.04,--,2683.0
42-19+18,U 2411,9,--,--,--,2767.0
42-19+18,U 2824,13,P,-21.46,--,2722.0
42 -0+18,0321+72,10,--,--,--,2284.0
42 -0+18,U 2620,9,X,-19.37,--,2464.0
42+20+20,U12069,8,X,-19.58,--,2631.0
42+20,U12263,10,--,--,--,2938.0
42 -0,1258+64,0,--,--,--,2125.0
42 -0,1331+69,13,P,--,--,1529.0
42 -0,N 3147,4,A,-21.73,--,2881.0
42 -0,N 4290,3,B,-20.72,--,2885.0
42 -0,N 4814,3,A,-20.27,--,2663.0
42 -0,N 5283,-2,--,-18.98,--,2875.0
42 -0,N 5375,2,B,-20.69,--,2444.0
42 -0,U 8355,-2,--,-19.59,--,2834.0
42 -0,U 9764,8,B,-18.67,--,2448.0
42 -0,U10054,8,B,-18.76,--,1725.0
42 -0,U12221,7,A,-19.54,--,2302.0
43 -1 +1,1253+34,10,--,--,--,766.0
43 -1,1324+38,10,--,--,--,1237.0
43 -1,N 4861,9,B,-18.87,--,885.0
43 -1,N 5005,4,X,-21.27,--,1070.0
43 -1,N 5014,1,--,-18.79,--,1157.0
43 -1,N 5033,5,A,-21.03,--,931.0
43 -1,N 5107,6,B,-18.49,--,1010.0
43 -1,N 5112,6,B,-19.76,--,1046.0
43 -1,U 8246,6,B,-17.69,--,855.0
43 -1,U 8261,10,--,--,--,903.0
43 -1,U 8280,5,--,-17.9,--,865.0
43 -1,U 8303,10,--,-18.02,--,1002.0
43 -1,U 8323,10,P,-16.76,--,888.0
43 +1,1309+26,12,--,-17.09,--,898.0
43 +1,N 5273,-2,A,-19.22,--,1090.0
43 +1,U 8578,13,P,-16.05,--,878.0
43 -2 +1,N 5145,12,--,-18.98,--,1313.0
43 -2 +1,U 8365,7,B,-17.65,--,1294.0
43 -2 +1,U 8449,9,--,--,--,1324.0
43 -2 +1,U 8489,8,X,-18.05,--,1401.0
43 -0 +1,1339+30,13,P,--,--,1113.0
43 -0 +1,U 8333,10,--,--,--,950.0
43 -3 +3,U 9560,13,P,-17.07,--,1317.0
43 -3,U 9562,13,P,-17.58,--,1366.0
43 -0,N 5301,3,A,-20.31,--,1673.0
43 -0,N 5523,6,A,-19.36,--,1099.0
43 -0,N 5727,8,X,-18.45,--,1594.0
43 -0,U 8588,9,--,-17.8,--,1551.0
43 -0,U 9242,6,--,-18.7,--,1551.0
44 -1 +1,1535+55,13,P,-16.08,--,860.0
44 -1,N 5866,-2,A,-20.08,--,875.0
44 -1,N 5879,4,A,-19.48,--,962.0
44 -1,N 5907,5,A,-20.55,--,854.0
44 -1,N 5963,12,P,-18.75,--,854.0
44 -1,U 9769,8,A,-17.04,--,1029.0
44 -1,U 9776,10,--,--,--,1018.0
44 -2 +1,N 6015,6,A,-20.05,--,1048.0
44 -2 +1,U10031,9,B,--,--,1099.0
44 -0 +1,N 6140,5,A,-19.54,--,1147.0
44 -0 +1,U 9893,13,P,-16.07,--,840.0
44 -3 +3,U10669,10,--,--,--,682.0
44 -3,U10736,8,X,-17.24,--,735.0
44 -4 +4,N 6207,5,A,-19.54,--,1048.0
44 -4,N 6255,5,B,-18.62,--,1124.0
44 -5 +5,N 6340,0,A,-19.98,--,1441.0
44 -5,N 6395,5,P,-19.58,--,1415.0
44 -6 +5,N 6236,6,X,-19.73,--,1525.0
44 -6 +5,N 6248,6,B,-18.93,--,1364.0
44 -7 +5,N 6412,5,A,-19.69,--,1573.0
44 -7 +5,U10792,10,--,--,--,1481.0
44 -0 +5,N 6217,4,B,-20.19,--,1592.0
44 -8 +8,N 6643,5,A,-20.79,--,1744.0
44 -8,N 6654,0,B,-20.12,--,2063.0
44 -8,U11193,10,--,-17.69,--,1786.0
44 -8,U11332,7,BP,--,--,1824.0
44 -0,1437+37,13,P,--,--,661.0
44 -0,N 5608,10,P,-17.32,--,780.0
44 -0,N 5832,3,BP,-18.2,--,660.0
44 -0,N 5949,5,A,-17.84,--,645.0
44 -0,N 6239,3,BP,-18.91,--,1160.0
44 -0,N 6689,7,A,-18.73,--,750.0
44 -0,U 7490,9,A,-17.13,--,636.0
44 -0,U 9211,10,--,-16.64,--,819.0
44 -0,U 9992,10,--,-15.84,--,646.0
44 -0,U10310,10,B,-17.51,--,917.0
44 -0,U10608,8,B,-16.55,--,1325.0
44 -0,U10806,8,B,-18.27,--,1175.0
44 -0,U10991,10,--,--,--,1712.0
44 -0,U11000,13,P,-17.0,--,900.0
45 -1 +1,N 5012,5,X,-20.23,--,2620.0
45 -1,N 5016,5,X,-19.43,--,2614.0
45 -1,U 8290,9,P,-18.62,--,2599.0
45 +1,U 8409,8,A,-19.05,--,2817.0
45 +2 +2,N 4793,5,X,-20.9,--,2498.0
45 +2,N 4961,6,B,-19.25,--,2543.0
45 -0,N 5089,5,P,-19.22,--,2186.0
45 -0,N 5116,5,B,-20.17,--,2854.0
45 -0,N 5117,5,B,-19.41,--,2461.0
51 -1 +1,0314-35,7,--,--,--,1438.0
51 -1,0323-362,9,B,--,--,1694.0
51 -1,0323-363,7,B,--,--,870.0
51 -1,0323-37,0,--,--,--,1922.0
51 -1,0334-34,2,--,--,--,1471.0
51 -1,0335-35,-2,--,-17.84,--,1778.0
51 -1,0338-35,10,B,--,--,1879.0
51 -1,0341-36,9,--,--,--,741.0
51 -1,0344-35,9,--,--,--,1777.0
51 -1,0352-36,-5,--,-18.71,--,1223.0
51 -1,N 1310,5,A,--,--,1573.0
51 -1,N 1316,-2,XP,-21.47,--,1631.0
51 -1,N 1317,0,X,-19.2,--,1800.0
51 -1,N 1326,-2,B,-19.84,--,1221.0
51 -1,N 1341,5,B,-18.14,--,1720.0
51 -1,N 1350,2,B,-19.98,--,1648.0
51 -1,N 1351,-5,--,-18.34,--,1350.0
51 -1,N 1365,3,B,-21.26,--,1492.0
51 -1,N 1374,-5,--,-18.84,--,1105.0
51 -1,N 1375,-2,--,-17.94,--,523.0
51 -1,N 1379,-5,--,-19.07,--,1239.0
51 -1,N 1380,-2,A,-20.04,--,1663.0
51 -1,N 1381,-2,A,-18.8,--,1629.0
51 -1,N 1386,-2,A,-19.04,--,696.0
51 -1,N 1387,-2,--,-19.14,--,1091.0
51 -1,N 1389,-5,--,-18.75,--,927.0
51 -1,N 1399,-5,--,-20.29,--,1294.0
51 -1,N 1404,-5,--,-19.94,--,1759.0
51 -1,N 1427,-5,--,-19.2,--,1416.0
51 -1,N 1428,-2,--,--,--,77.0
51 -1,N 1437,1,B,-18.95,--,1022.0
51 +2 +1,0317-32,3,B,--,--,1161.0
51 +2 +1,N 1339,-5,--,-18.22,--,1161.0
51 +2 +1,N 1344,-5,--,-19.46,--,1107.0
51 +2 +1,N 1366,-2,--,-17.45,--,914.0
51 +2 +1,N 1406,5,B,-18.46,--,931.0
51 -3 +1,0236-27,-2,B,-17.88,--,1345.0
51 -3 +1,N 1079,0,XP,-18.83,--,1377.0
51 -3 +1,N 1097,3,B,-20.79,--,1181.0
51 -0 +1,0308-33,10,--,--,--,1009.0
51 -0 +1,N 1292,5,A,-18.79,--,1261.0
51 -0 +1,N 1425,3,A,-19.86,--,1376.0
51 -4 +4,0322-21,3,B,-17.85,--,1241.0
51 -4,0347-27,5,--,--,--,1404.0
51 -4,N 1315,-2,B,--,--,1639.0
51 -4,N 1325,4,A,-19.46,--,1503.0
51 -4,N 1331,-5,--,-17.07,--,1233.0
51 -4,N 1332,-2,--,-20.07,--,1471.0
51 -4,N 1345,12,P,-17.3,--,1444.0
51 -4,N 1353,3,X,-19.42,--,1421.0
51 -4,N 1371,1,X,-19.73,--,1360.0
51 -4,N 1385,6,B,-19.78,--,1390.0
51 -4,N 1395,-5,--,-20.34,--,1586.0
51 -4,N 1398,2,B,-20.57,--,1281.0
51 -4,N 1401,-2,--,--,--,1461.0
51 -4,N 1415,0,X,-18.84,--,1399.0
51 -4,N 1426,-5,--,-18.85,--,1332.0
51 -4,N 1439,-5,--,-18.95,--,1560.0
51 -4,N 1482,1,P,--,--,1542.0
51 -5 +4,0311-25,10,--,--,--,1638.0
51 -5 +4,0316-23,10,--,--,--,1440.0
51 -5 +4,0316-26,4,--,--,--,1699.0
51 -5 +4,N 1201,-2,A,-19.95,--,1630.0
51 -5 +4,N 1255,4,X,-20.09,--,1600.0
51 -5 +4,N 1302,0,B,-20.11,--,1599.0
51 -6 +4,0308-22,5,--,--,--,1244.0
51 -6 +4,N 1187,5,B,-19.76,--,1314.0
51 -7 +4,0307-20,9,B,--,--,1702.0
51 -7 +4,0321-19,6,P,--,--,1753.0
51 -7 +4,N 1179,6,X,-19.64,--,1716.0
51 -7 +4,N 1232,5,X,-21.11,--,1607.0
51 -7 +4,N 1297,-5,--,-18.71,--,1475.0
51 -7 +4,N 1300,4,B,-20.42,--,1502.0
51 -8 +4,N 1407,-5,--,-21.02,--,1716.0
51 -8 +4,N 1440,-2,X,-18.77,--,1437.0
51 -8 +4,N 1452,0,B,-19.06,--,1805.0
51 +8 +4,N 1400,-2,A,-16.55,--,389.0
51 -9 +4,0403-17,10,--,--,--,1777.0
51 -9 +4,0404-17,9,A,--,--,1754.0
51 -0 +4,0304-14,10,P,--,--,1480.0
51 -0 +4,0314-24,10,--,--,--,1982.0
51 -0 +4,0325-17,-5,P,-16.94,--,1753.0
51 -0 +4,0330-17,10,--,--,--,1876.0
51 -0 +4,0331-21,4,B,-19.53,--,1760.0
51 -0 +4,N 1145,5,--,--,--,1911.0
51 -0 +4,N 1172,-5,--,-18.5,--,1485.0
51 -0 +4,N 1359,9,BP,-19.49,--,1883.0
51 -0 +4,N 1461,-2,A,-18.51,--,1356.0
51-10+10,0447-29,9,--,-18.13,--,1290.0
51-10,0450-28,10,--,--,--,1279.0
51-11+11,N 1357,1,A,-19.62,--,1964.0
51-11,N 1421,4,X,-21.12,--,2021.0
51-12+11,0323-16,9,--,--,--,1804.0
51-12+11,0327-15,9,--,--,--,1816.0
51-12+11,N 1309,4,A,-20.17,--,2070.0
51-13+13,0310-05,13,P,--,--,2231.0
51-13,0312-04,10,--,-18.33,--,2197.0
51-14+14,N 1199,-5,--,-20.09,--,2528.0
51-14,N 1209,-5,--,-20.36,--,2624.0
51+15+15,N 1015,1,B,-20.3,--,2655.0
51+15,N 1090,5,B,-20.51,--,2786.0
51 -0,0223-10,9,X,--,--,2091.0
51 -0,0306-23,12,--,--,--,2803.0
51 -0,0320-11,7,B,--,--,2755.0
51 -0,0450-25,9,X,-17.9,--,1202.0
51 -0,0513-30,6,B,--,--,1279.0
51 -0,0558-28,9,B,-16.99,--,1166.0
51 -0,N  895,6,A,-20.11,--,2309.0
51 -0,N  986,2,B,-20.17,--,1868.0
51 -0,N 1222,13,P,--,--,2473.0
51 -0,N 1241,3,B,-19.83,--,2134.0
51 -0,N 1320,2,--,--,--,2977.0
51 -0,N 1640,3,B,-18.97,--,1452.0
51 -0,U 2460,4,B,-19.57,--,2721.0
52 -1 +1,0238-06,10,--,--,--,1336.0
52 -1,N  988,5,B,--,--,1504.0
52 -1,N  991,5,X,-19.17,--,1541.0
52 -1,N 1022,1,B,-19.2,--,1506.0
52 -1,N 1035,5,A,-18.68,--,1232.0
52 -1,N 1042,6,X,-19.91,--,1371.0
52 -1,N 1051,9,B,--,--,1300.0
52 -1,N 1052,-5,--,-19.81,--,1456.0
52 -1,N 1084,5,A,-20.26,--,1401.0
52 -1,N 1110,10,--,--,--,1325.0
52 -1,N 1140,10,P,-18.77,--,1484.0
52 -2 +1,0246-02,10,--,--,--,1103.0
52 -2 +1,0248+04,12,P,-16.01,--,1026.0
52 -2 +1,N 1055,3,--,-19.48,--,1030.0
52 -2 +1,N 1068,3,A,-21.39,--,1176.0
52 -2 +1,N 1073,5,B,-19.44,--,1242.0
52 -2 +1,U 2162,10,--,--,--,1226.0
52 -2 +1,U 2275,9,--,-17.28,--,1061.0
52 -2 +1,U 2302,9,--,-16.83,--,1133.0
52 -3 +1,0228-04,9,--,--,--,1648.0
52 -3 +1,N  936,-2,B,-20.08,--,1392.0
52 -3 +1,N  941,6,X,-18.67,--,1660.0
52 -3 +1,N  955,3,--,-19.07,--,1566.0
52 -3 +1,U 1839,8,--,-16.91,--,1567.0
52 -4 +1,0255-02,9,B,--,--,1542.0
52 -4 +1,N 1087,5,X,-20.21,--,1545.0
52 -4 +1,U 2345,9,B,--,--,1521.0
52 -5 +5,0202-06,8,B,--,--,1397.0
52 -5,N  779,3,X,-20.01,--,1435.0
52 -6 +6,0219-20,9,P,--,--,1546.0
52 -6,0223-21,9,--,-17.39,--,1510.0
52 -6,0224-24,8,B,--,--,1459.0
52 -6,N  899,10,--,--,--,1524.0
52 -6,N  907,7,BP,--,--,1683.0
52 -6,N  908,5,A,-20.8,--,1466.0
52 -7 +7,0123-06,5,--,--,--,2033.0
52 -7,N  584,-5,--,-20.68,--,1931.0
52 -7,N  596,-5,--,-20.22,--,1962.0
52 -7,N  600,7,B,-18.9,--,1895.0
52 -7,N  615,3,A,-20.19,--,1910.0
52 -7,N  636,-5,--,-19.71,--,1990.0
52 -8 +7,0146-10,6,X,--,--,2021.0
52 -8 +7,N  681,2,X,-19.17,--,1779.0
52 -8 +7,N  701,5,B,-19.25,--,1869.0
52 -9 +7,0146-12,9,--,-17.85,--,1644.0
52 -9 +7,0147-13,10,--,-16.34,--,1739.0
52 -9 +7,0154-12,8,B,--,--,1877.0
52 -9 +7,N  720,-5,--,-20.38,--,1676.0
52 -0 +7,N  755,3,B,--,--,1669.0
52-10+10,N  864,5,X,-20.2,--,1633.0
52-10,U 1670,9,--,-16.77,--,1690.0
52-11+11,N  676,0,--,-20.65,--,1601.0
52-11,N  718,1,X,-19.28,--,1755.0
52-12+12,N  470,4,A,-20.05,--,2481.0
52-12,N  474,-2,A,-20.62,--,2636.0
52-12,N  488,3,A,-21.36,--,2380.0
52-12,N  493,5,--,-19.91,--,2436.0
52-12,N  520,13,P,-20.23,--,2271.0
52-12,U  871,10,--,--,--,2294.0
52-13+12,U 1102,13,P,-18.13,--,2086.0
52-13+12,U 1133,10,--,--,--,2067.0
52 -0+12,N  514,5,X,-20.24,--,2615.0
52 -0+12,N  524,-2,A,-21.16,--,2596.0
52 -0+12,U  634,9,X,-18.09,--,2347.0
52 -0+12,U  711,5,--,-18.72,--,2088.0
52 -0+12,U  750,13,P,-18.66,--,2647.0
52-14+14,N  770,1,B,-18.75,--,2583.0
52-14,N  772,3,A,-21.8,--,2605.0
52-14,U 1546,5,--,-18.17,--,2499.0
52-15+14,N  691,5,A,-20.74,--,2807.0
52-15+14,U 1276,8,B,-19.6,--,2895.0
52 -0+14,U 1197,10,--,-18.63,--,2942.0
52 -0+14,U 1547,10,B,-18.64,--,2788.0
52 -0+14,U 1551,8,B,-20.05,--,2817.0
52 -0,0314+03,-3,--,-15.66,--,900.0
52 -0,N  357,0,B,-19.84,--,2622.0
52 -0,N  450,6,X,-19.46,--,1853.0
52 -0,N  473,0,X,-19.77,--,2406.0
52 -0,N  578,5,X,-20.09,--,1622.0
52 -0,N  613,4,B,-20.53,--,1449.0
52 -0,N  803,5,--,-19.61,--,2214.0
52 -0,N  821,-5,--,-20.21,--,1874.0
52 -0,N  918,5,X,-19.44,--,1625.0
52 -0,N  972,2,P,-20.19,--,1677.0
52 -0,N 1253,6,B,-19.71,--,1696.0
52 -0,N 1337,6,A,-19.36,--,1199.0
53 -1 +1,0405-55,10,--,--,--,851.0
53 -1,0416-56,7,--,--,--,1152.0
53 -1,N 1515,1,X,-19.47,--,961.0
53 -1,N 1533,-2,B,-18.76,--,576.0
53 -1,N 1536,5,B,-17.58,--,1377.0
53 -1,N 1543,-2,B,-19.07,--,1183.0
53 -1,N 1546,-2,--,-18.14,--,974.0
53 -1,N 1549,-5,--,-19.77,--,937.0
53 -1,N 1553,-2,A,-20.17,--,1064.0
53 -1,N 1566,4,X,-20.45,--,1262.0
53 -1,N 1574,-2,A,-19.34,--,669.0
53 -1,N 1596,-2,A,-18.74,--,1252.0
53 -1,N 1617,1,--,-19.72,--,818.0
53 +1,N 1705,-2,AP,-16.23,--,409.0
53 -2 +1,0415-60,-2,XP,-18.04,--,907.0
53 -2 +1,0421-63,9,--,--,--,1072.0
53 -2 +1,N 1559,6,B,-20.13,--,1068.0
53 -3 +1,0454-62,10,--,--,--,1170.0
53 -3 +1,N 1672,3,B,-19.84,--,1077.0
53 -3 +1,N 1688,5,B,-18.35,--,995.0
53 -3 +1,N 1703,3,B,--,--,1290.0
53 -3 +1,N 1824,9,B,--,--,1012.0
53 +3 +1,0445-57,10,--,--,--,978.0
53 -4 +1,N 1892,3,--,--,--,1115.0
53 -4 +1,N 1947,-2,P,-18.72,--,866.0
53 -4 +1,N 2082,4,B,-17.61,--,849.0
53 -5 +1,N 1473,7,B,--,--,1118.0
53 -5 +1,N 1511,5,AP,-19.4,--,1127.0
53 -6 +1,0542-52,10,--,--,--,832.0
53 -6 +1,N 2101,10,P,--,--,939.0
53 -6 +1,N 2104,4,--,--,--,898.0
53 +6 +1,0535-52,10,--,--,--,1030.0
53 -0 +1,0311-57,12,B,--,--,951.0
53 -0 +1,0450-61,7,--,--,--,743.0
53 -0 +1,0507-63,10,--,--,--,1225.0
53 -0 +1,0539-58,5,B,--,--,1088.0
53 -0 +1,0607-61,5,--,--,--,942.0
53 -0 +1,N 1796,5,BP,-17.52,--,759.0
53 -0 +1,N 1809,12,--,--,--,1060.0
53 -0 +1,N 1853,7,--,--,--,1145.0
53 -7 +7,0317-49,5,--,--,--,856.0
53 -7,0334-44,3,--,--,--,903.0
53 -7,0347-49,7,--,--,--,787.0
53 -7,0349-38,10,--,--,--,715.0
53 -7,0357-46,10,--,--,--,712.0
53 -7,N 1411,-2,A,-18.55,--,867.0
53 -7,N 1433,1,B,-19.67,--,889.0
53 -7,N 1448,6,A,-19.92,--,1000.0
53 -7,N 1483,4,--,--,--,954.0
53 -7,N 1487,9,P,-17.62,--,677.0
53 -7,N 1493,6,B,-18.47,--,870.0
53 -7,N 1494,4,A,-18.53,--,928.0
53 -7,N 1510,-5,P,-16.58,--,782.0
53 -7,N 1512,1,B,-19.02,--,725.0
53 -7,N 1527,-2,--,-18.12,--,832.0
53 -8 +7,0324-52,6,--,-17.8,--,882.0
53 -8 +7,0330-52,5,B,-18.63,--,892.0
53 -9 +7,0307-41,7,--,--,--,804.0
53 -9 +7,N 1291,0,B,-20.26,--,678.0
53 -0 +7,N 1249,6,B,-18.55,--,828.0
53-10+10,0506-38,10,--,--,--,807.0
53-10,0510-33,10,--,-16.87,--,729.0
53-10,N 1792,4,A,-20.13,--,1003.0
53-10,N 1808,0,X,-19.52,--,782.0
53-10,N 1827,6,--,--,--,836.0
53-11+10,0515-37,5,--,--,--,1130.0
53-11+10,0519-37,9,--,--,--,1079.0
53-12+10,0508-31,9,--,-17.21,--,778.0
53-12+10,N 1800,-2,XP,-16.26,--,522.0
53 -0+10,0539-35,9,--,--,--,1044.0
53 -0+10,N 1679,10,B,--,--,870.0
53 -0+10,N 1879,10,X,-17.77,--,1038.0
53 -0+10,N 1963,5,--,--,--,1098.0
53-13+13,N 1531,-5,P,-17.77,--,998.0
53-13,N 1532,2,B,-20.02,--,1047.0
53-13,N 1537,-3,--,-19.29,--,1181.0
53-14+14,0603-33,5,--,--,--,553.0
53-14,N 2188,9,B,-17.87,--,515.0
53+14,N 2090,5,A,-18.54,--,707.0
53-15+15,0737-50,9,B,--,--,789.0
53-15,0756-49,5,--,--,--,826.0
53-16+15,0726-45,10,--,--,--,722.0
53-16+15,N 2427,8,X,-19.01,--,689.0
53 -0+15,0748-54,10,P,--,--,756.0
53 -0+15,0824-53,12,--,--,--,758.0
53-17+17,0720-72,10,--,--,--,1235.0
53-17,N 2397,5,B,-19.17,--,1027.0
53-17,N 2434,-5,--,-19.48,--,1137.0
53-17,N 2442,4,B,-20.66,--,1195.0
53+17,0616-70,7,--,--,--,1035.0
53+17,0730-74,10,--,--,--,881.0
53+17,0810-74,10,--,--,--,980.0
53+17,0839-74,7,--,--,--,1088.0
53-18+18,0946-74,7,--,--,--,896.0
53-18,N 3059,5,B,-19.75,--,990.0
53-19+19,0756-76,5,--,--,--,1498.0
53-19,0804-76,10,--,--,--,1486.0
53-20+20,N 1637,5,X,-18.33,--,639.0
53-20,U 3174,10,--,-15.63,--,588.0
53-21+21,1007-66,5,BP,--,--,1093.0
53-21,N 3136,-5,--,-20.4,--,1391.0
53-22+21,0857-68,5,B,--,--,1159.0
53-22+21,N 2788,12,--,--,--,1255.0
53-22+21,N 2836,12,--,--,--,1422.0
53 -0+21,1111-69,5,--,--,--,1063.0
53 -0,0338-45,10,--,--,--,1389.0
53 -0,0346-80,7,B,--,--,1406.0
53 -0,0350-71,7,--,--,--,1206.0
53 -0,0352-49,10,--,--,--,1391.0
53 -0,0407-45,-5,--,-18.9,--,1264.0
53 -0,0419-21,7,A,--,--,768.0
53 -0,0430-49,5,--,--,--,1641.0
53 -0,0435-52,9,B,--,--,1421.0
53 -0,0454-56,10,--,--,--,1540.0
53 -0,0548-14,8,BP,--,--,728.0
53 -0,0553+03,13,P,-17.17,--,688.0
53 -0,0609-21,10,--,--,--,641.0
53 -0,0618-08,5,--,--,--,561.0
53 -0,0630-52,10,--,--,--,921.0
53 -0,0644-47,4,--,--,--,782.0
53 -0,0649-52,6,--,--,--,808.0
53 -0,0715-57,6,--,--,--,812.0
53 -0,1003-75,5,--,--,--,1517.0
53 -0,1148-75,10,--,--,--,1567.0
53 -0,N  685,5,X,-19.02,--,1223.0
53 -0,N 1507,9,B,-18.33,--,810.0
53 -0,N 1518,8,B,-18.15,--,810.0
53 -0,N 1744,7,B,-18.06,--,562.0
53 -0,N 2310,-2,--,-18.63,--,917.0
53 -0,U 3303,9,--,--,--,437.0
54 -1 +1,0925-31,10,--,--,--,794.0
54 -1,0931-32,9,--,--,--,640.0
54 -1,0941-31,10,--,--,--,922.0
54 -1,0942-31,8,X,-18.31,--,970.0
54 -1,0943-30,10,--,--,--,720.0
54 -1,N 2997,5,X,-20.74,--,798.0
54 -1,N 3056,-2,A,-18.02,--,768.0
54 -2 +1,1001-26,7,A,--,--,686.0
54 -2 +1,N 3113,8,--,--,--,810.0
54 -2 +1,N 3137,7,--,--,--,831.0
54 -2 +1,N 3175,3,XP,-19.55,--,849.0
54 -3 +1,0907-22,10,--,--,--,453.0
54 -3 +1,0911-19,10,--,--,--,509.0
54 -3 +1,0919-22,10,--,--,--,579.0
54 -3 +1,N 2784,-2,A,-18.72,--,434.0
54 -3 +1,N 2835,5,B,-19.66,--,620.0
54 -0 +1,0834-26,10,P,--,--,604.0
54 -0 +1,0907-33,10,--,--,--,846.0
54 -0 +1,1033-24,8,B,-17.78,--,785.0
54 -0 +1,1033-36,10,--,--,--,675.0
54 +4 +4,1038-48,5,B,--,--,762.0
54 +4,1105-46,7,--,--,--,772.0
54 -5 +5,N 3511,5,A,-20.15,--,854.0
54 -5,N 3513,5,B,-19.46,--,945.0
54 -0,1038-23,10,--,-17.46,--,941.0
55 -1 +1,1512-72,10,--,--,--,2997.0
55 -1,1522-73,6,--,--,--,2759.0
55 -1,N 5833,5,--,--,--,2782.0
55 -2 +1,1439-77,5,--,--,--,2513.0
55 -2 +1,N 5612,-2,A,-20.2,--,2538.0
55 -0 +1,1418-75,5,--,--,--,2324.0
55 -0 +1,1505-75,2,--,--,--,2632.0
55 -0 +1,N 5967,6,X,-20.81,--,2695.0
55 -3 +3,1809-85,10,P,--,--,2303.0
55 -3,N 6438,-5,P,-20.23,--,2220.0
55 -4 +3,1409-87,3,--,--,--,2027.0
55 -4 +3,1510-87,10,--,--,--,2046.0
55 -0 +3,2247-89,12,P,--,--,2305.0
55 -5 +5,0000-80,10,--,--,--,1757.0
55 -5,2353-81,5,--,--,--,1725.0
55 +5,0017-77,9,B,--,--,1622.0
55 +5,2217-80,5,--,--,--,1620.0
55 -0,0018-64,10,--,--,--,1622.0
55 -0,0038-63,7,BP,--,--,1575.0
55 -0,0048-66,7,B,--,--,1513.0
55 -0,0621-86,1,--,--,--,1638.0
55 -0,1317-77,7,--,--,--,2416.0
55 -0,1350-82,6,--,--,--,2221.0
55 -0,1454-82,6,--,--,--,2294.0
55 -0,1706-77,5,--,--,--,2730.0
55 -0,2145-81,5,--,--,--,2368.0
55 -0,2345-57,7,--,--,--,1801.0
55 -0,N  406,3,A,-19.3,--,1334.0
55 -0,N 7098,1,X,--,--,2210.0
55 -0,N 7661,5,--,--,--,1858.0
55 -0,N 7689,6,X,-19.85,--,1895.0
61 -1 +1,2002-48,-5,--,--,--,2890.0
61 -1,2004-48,-2,A,--,--,2495.0
61 -1,N 6861,-5,--,-20.8,--,2819.0
61 -1,N 6868,-5,--,-21.06,--,2723.0
61 -1,N 6870,2,A,-20.03,--,2718.0
61 -2 +1,2019-44,7,X,-18.9,--,2955.0
61 -2 +1,2020-44,-2,--,-20.31,--,2927.0
61 -2 +1,N 6902,0,B,-20.34,--,2754.0
61 -3 +1,2041-46,5,--,--,--,2667.0
61 -3 +1,2042-46,5,P,--,--,2702.0
61 -0 +1,2028-48,7,B,--,--,2392.0
61 -0 +1,2030-53,5,P,--,--,2503.0
61 -0 +1,N 6887,4,A,-20.77,--,2630.0
61 -0 +1,N 6890,3,A,-19.56,--,2450.0
61 -0 +1,N 6909,-5,--,-19.97,--,2649.0
61 -4 +4,1852-541,-2,A,--,--,2991.0
61 -4,1852-542,-5,--,-20.75,--,2535.0
61 -4,1852-543,-2,--,-20.25,--,2675.0
61 -4,N 6707,3,--,--,--,2676.0
61 -4,N 6708,-2,--,--,--,2539.0
61 +4,1828-57,7,B,--,--,2622.0
61 +4,1911-54,5,B,-20.8,--,2615.0
61 -5 +5,1931-57,5,--,--,--,1819.0
61 -5,1938-58,10,--,--,--,1831.0
61 -5,1950-58,5,--,--,--,2050.0
61 -5,N 6810,1,A,-20.61,--,1900.0
61 +5,1902-59,5,--,--,--,1740.0
61 +5,1931-61,10,--,--,--,1687.0
61 -6 +6,N 7070,6,A,-19.63,--,2385.0
61 -6,N 7079,-2,B,-20.17,--,2664.0
61 -6,N 7097,-5,--,-19.91,--,2398.0
61 +6,2119-45,4,A,-20.84,--,2641.0
61 -7 +7,N 7196,-5,--,-20.32,--,2959.0
61 -7,N 7200,-5,--,--,--,2890.0
61 +7,N 7168,-5,--,-19.85,--,2728.0
61 +8 +8,2207-46,2,--,--,--,2695.0
61 +8,2213-47,5,--,--,--,2714.0
61 -9 +9,2157-43,9,X,-19.25,--,2264.0
61 -9,N 7162,5,A,-19.38,--,2255.0
61 -9,N 7166,-2,A,-19.58,--,2395.0
61-10+10,N 7041,-2,X,-19.93,--,1889.0
61-10,N 7049,-2,A,-20.43,--,2154.0
61-11+11,2210-46,-2,A,-19.36,--,1972.0
61-11,2212-45,9,B,--,--,2016.0
61-11,2214-45,10,--,--,--,1798.0
61-11,N 7213,1,A,-20.36,--,1745.0
61-11,N 7232,-2,B,-18.84,--,1774.0
61-11,N 7233,0,B,--,--,1805.0
61-12+11,N 7144,-5,--,-20.36,--,1961.0
61-12+11,N 7145,-5,--,-19.81,--,1883.0
61-12+11,N 7155,-2,B,-19.06,--,1850.0
61 -0+11,N 7107,8,B,-19.51,--,2180.0
61-13+13,2150-57,10,--,--,--,1751.0
61-13,N 7205,4,A,-20.26,--,1605.0
61+13,2154-60,10,--,--,--,1587.0
61+13,2159-54,10,--,--,--,1654.0
61+13,2209-62,5,--,--,--,1595.0
61+13,N 7059,4,X,-18.74,--,1657.0
61+14+14,2240-40,9,--,--,--,2151.0
61+14,N 7307,5,XP,-19.76,--,2077.0
61-15+15,2253-37,5,B,--,--,2059.0
61-15,2255-36,-2,A,-18.63,--,2175.0
61-16+16,2254-434,0,A,-20.21,--,1701.0
61-16,2300-46,9,B,--,--,1494.0
61-16,2326-41,4,A,-19.09,--,1488.0
61-16,N 7410,-2,B,-20.27,--,1633.0
61-16,N 7412,3,B,-19.82,--,1706.0
61-16,N 7496,3,B,-19.96,--,1629.0
61-16,N 7531,4,A,-19.97,--,1568.0
61-16,N 7552,2,B,-20.14,--,1583.0
61-16,N 7582,2,B,-20.17,--,1433.0
61-16,N 7590,4,A,-19.59,--,1412.0
61-16,N 7599,5,B,-20.22,--,1638.0
61-16,N 7632,-2,B,--,--,1573.0
61-17+16,2253-36,5,--,--,--,1671.0
61-17+16,2254-36,-5,--,-20.58,--,1635.0
61-17+16,2259-37,9,--,--,--,1384.0
61-17+16,N 7418,6,X,-19.43,--,1453.0
61 -0+16,0003-41,7,B,--,--,1502.0
61 -0+16,2239-45,1,B,-19.65,--,1716.0
61 -0+16,2256-37,5,X,-19.32,--,1308.0
61 -0+16,2333-39,7,--,--,--,1538.0
61 -0+16,N 7361,5,--,-18.73,--,1306.0
61 -0+16,N 7507,-5,--,-20.21,--,1593.0
61 -0+16,N 7690,3,A,-18.87,--,1317.0
61 -0+16,N 7764,10,--,-18.99,--,1676.0
61-18+18,0031-31,9,--,-17.74,--,1579.0
61-18,N  134,4,X,-21.09,--,1572.0
61-18,N  148,-2,--,-18.29,--,1534.0
61-19+18,N  254,-2,B,-18.51,--,1425.0
61-19+18,N  289,4,B,-19.94,--,1614.0
61-20+18,0033-25,8,X,-18.87,--,1574.0
61-20+18,N  150,4,BP,-20.12,--,1601.0
61-21+21,0043-11,9,X,-17.31,--,1688.0
61-21,0045-10,5,B,--,--,1423.0
61-21,N  255,4,X,-19.26,--,1674.0
61-22+21,N  178,9,B,-18.56,--,1544.0
61-22+21,N  210,3,X,-20.06,--,1700.0
61-23+21,N  274,-2,XP,-19.0,--,1820.0
61-23+21,N  275,6,BP,-18.97,--,1822.0
61-23+21,N  337,7,B,-19.93,--,1729.0
61-24+21,0049-00,13,P,-16.98,--,1800.0
61-24+21,0049-01,13,P,-16.46,--,1500.0
61 -0+21,N  157,4,X,-20.85,--,1751.0
61+25+25,2207-19,10,--,-17.79,--,1848.0
61+25,N 7218,6,B,-19.6,--,1783.0
61 -0,0007-18,10,--,--,--,1611.0
61 -0,0020-53,5,--,--,--,1329.0
61 -0,1811-58,5,--,--,--,2664.0
61 -0,1830-58,6,B,-20.8,--,2134.0
61 -0,1939-60,4,--,--,--,2409.0
61 -0,1941-54,-5,--,-20.55,--,2457.0
61 -0,2015-39,7,A,-19.27,--,2727.0
61 -0,2038-65,10,--,--,--,1499.0
61 -0,2053-55,7,B,--,--,2019.0
61 -0,2103-55,10,B,--,--,1291.0
61 -0,2112-65,5,--,--,--,1741.0
61 -0,2211-67,5,--,--,--,1615.0
61 -0,2220-42,7,B,--,--,2416.0
61 -0,2238-45,3,--,--,--,2797.0
61 -0,N  216,13,--,-17.67,--,1597.0
61 -0,N 6305,-2,--,--,--,2631.0
61 -0,N 6925,4,A,-21.63,--,2847.0
61 -0,N 6958,-5,--,-20.53,--,2760.0
61 -0,N 7007,-2,--,-19.91,--,2897.0
61 -0,N 7029,-5,--,-20.11,--,2832.0
61 -0,N 7180,-2,--,-17.92,--,1451.0
61 -0,N 7314,4,X,-20.17,--,1499.0
61 -0,U  328,9,B,--,--,2107.0
62 -1 +1,N 7083,5,A,-21.34,--,2995.0
62 -1,N 7096,1,A,-20.32,--,2844.0
62 -2 +1,2212-64,5,B,--,--,2943.0
62 -2 +1,N 7179,4,--,--,--,2774.0
62 -2 +1,N 7192,-5,--,-20.55,--,2761.0
62 -3 +1,N 7125,5,X,-20.25,--,2986.0
62 -3 +1,N 7126,2,A,-19.85,--,2910.0
62 -0 +1,N 7020,-2,A,-20.44,--,2915.0
62 +4 +4,2056-72,3,--,--,--,2942.0
62 +4,N 6943,6,X,-21.34,--,2972.0
62 -0,2243-65,7,--,--,--,2243.0
62 -0,N 7141,1,--,--,--,2928.0
63 -1 +1,2200-34,2,B,-19.98,--,2621.0
63 -1,N 7172,2,P,-20.1,--,2698.0
63 -1,N 7173,-5,--,-19.47,--,2547.0
63 -1,N 7174,3,P,-19.6,--,2824.0
63 -1,N 7176,-5,--,-19.64,--,2571.0
63 -1,N 7204,13,P,--,--,2680.0
63 -2 +1,2144-35,-2,B,-19.31,--,2644.0
63 -2 +1,N 7135,-2,AP,-20.01,--,2751.0
63 -2 +1,N 7154,10,BP,--,--,2648.0
63 -3 +3,2213-21,3,B,--,--,2712.0
63 -3,2214-21,10,P,-18.41,--,2668.0
63 +3,N 7184,5,B,-21.35,--,2727.0
63 -4 +4,2159-12,8,B,--,--,2868.0
63 -4,N 7171,3,B,-20.03,--,2770.0
63 +5 +5,N 7606,3,A,-21.28,--,2362.0
63 +5,N 7721,5,A,-20.32,--,2148.0
63 -6 +6,N 7723,3,B,-20.29,--,1966.0
63 -6,N 7727,1,XP,-20.38,--,1929.0
63 -0,2125-38,5,A,-20.0,--,2587.0
63 -0,N 7302,-2,A,-19.59,--,2713.0
63 -0,N 7371,0,A,-19.83,--,2526.0
63 -0,N 7416,3,B,-20.51,--,2927.0
64 -1 +1,N 7437,7,X,-19.03,--,2345.0
64 -1,N 7448,4,A,-20.71,--,2432.0
64 -1,N 7463,3,XP,-20.22,--,2677.0
64 -1,N 7464,-2,--,-17.98,--,2102.0
64 -1,N 7465,-2,--,-19.07,--,2191.0
64 -1,N 7468,13,P,-18.61,--,2322.0
64 -1,U12350,9,--,-18.85,--,2371.0
64 -2 +1,N 7479,5,B,-21.11,--,2602.0
64 -2 +1,U12281,8,--,-18.72,--,2793.0
64 -3 +3,2224+15,10,--,-17.26,--,2158.0
64 -3,N 7280,-2,--,-19.29,--,2090.0
64 -4 +4,2307+18,10,--,--,--,2021.0
64 -4,N 7497,5,B,-19.71,--,1945.0
64 -4,U12344,7,B,--,--,1871.0
64 +5 +4,2324+18,13,P,--,--,1766.0
64 +5 +4,N 7625,1,AP,-19.08,--,1869.0
64 -6 +6,N 7742,3,A,-19.65,--,1818.0
64 -6,N 7743,-2,B,-19.91,--,1995.0
64 -7 +7,U12843,8,X,-18.85,--,1989.0
64 -7,U12846,9,--,--,--,1958.0
64 -7,U12856,10,B,-18.65,--,1990.0
64 +7,N 7800,13,--,-19.09,--,1949.0
64 +7,U   99,9,--,--,--,1935.0
64 -8 +8,N 7798,12,--,-19.97,--,2621.0
64 -8,N 7817,4,X,-20.79,--,2532.0
64 -9 +9,N 7537,4,A,-19.81,--,2850.0
64 -9,N 7541,4,B,-20.88,--,2695.0
64-10+10,N 7714,3,BP,-20.03,--,2981.0
64-10,N 7715,10,P,-19.0,--,2934.0
64-10,N 7716,3,B,-19.84,--,2734.0
64-10,U12690,10,--,--,--,2779.0
64-10,U12709,9,--,-18.72,--,2839.0
64+10,N 7731,1,B,-19.43,--,2972.0
64+10,U12578,12,P,-18.25,--,2863.0
64+11+11,2228-00,13,P,--,--,1737.0
64+11,2233-03,9,--,-18.64,--,1867.0
64+11,U12151,10,--,--,--,1939.0
64-12+12,N 7177,3,X,-19.74,--,1442.0
64-12,U11868,9,B,--,--,1357.0
64-12,U11880,12,BP,-18.02,--,1671.0
64+12,U11820,9,--,--,--,1354.0
64 -0,N 7077,-5,--,-16.72,--,1050.0
64 -0,N 7137,5,XP,-19.32,--,1952.0
64 -0,U  260,5,--,-19.56,--,2305.0
64 -0,U11651,8,--,-19.27,--,1804.0
64 -0,U11782,9,B,-17.45,--,1343.0
64 -0,U11944,10,--,--,--,1985.0
64 -0,U12074,13,P,-18.28,--,2100.0
64 -0,U12178,8,X,-19.22,--,2142.0
64 -0,U12682,10,--,-17.62,--,1621.0
64 -0,U12710,10,P,-18.47,--,2743.0
65 -1 +1,N 7292,10,B,-18.45,--,1269.0
65 -1,N 7320,7,A,-17.8,--,1066.0
65 -1,N 7331,4,A,-21.1,--,1099.0
65 -1,N 7363,7,X,-16.77,--,1108.0
65 -1,U12060,10,B,-17.1,--,1168.0
65 -1,U12082,9,--,-16.91,--,1081.0
65 +1,N 7217,2,A,-20.38,--,1228.0
65 +1,N 7343,3,B,-17.54,--,1495.0
65 +1,N 7457,-2,A,-19.18,--,971.0
65 +1,U12212,9,--,--,--,1163.0
65 -2 +1,N 7332,-2,P,-19.58,--,1451.0
65 -2 +1,N 7339,4,X,-19.15,--,1536.0
65 -3 +3,N 7741,6,B,-18.76,--,990.0
65 -3,U12732,9,--,-17.76,--,998.0
65 -3,U12791,10,--,-15.49,--,1037.0
65 -4 +4,N 7640,5,B,-19.47,--,643.0
65 -4,U12588,8,--,-17.04,--,698.0
65 -4,U12632,9,--,-17.69,--,695.0
65 +4,U12713,0,--,-14.68,--,541.0
65 +5 +5,N 7013,0,A,-19.56,--,1051.0
65 +5,U11707,8,A,-17.58,--,1187.0
65 -6 +6,N   14,10,--,-18.44,--,1059.0
65 -6,N 7814,2,A,-19.98,--,1250.0
65 -6,U   17,9,--,-15.53,--,1081.0
65 -6,U  122,10,--,-16.41,--,1048.0
65 +6,N  100,5,--,-17.69,--,1035.0
65 +6,U  156,10,--,-17.3,--,1318.0
65 +6,U  191,9,--,-17.46,--,1320.0
65 -7 +7,N 7518,1,X,-15.9,--,839.0
65 -7,U12423,5,--,-17.37,--,1082.0
65 -0,2236-05,10,--,-16.17,--,995.0
65 -0,2335+29,13,P,-16.56,--,1559.0
65 -0,U  300,10,--,--,--,1488.0
65 -0,U11891,10,--,-18.5,--,756.0
65 -0,U11909,12,P,-20.48,--,1404.0
66 -1 +1,N 6835,1,BP,-19.47,--,1718.0
66 -1,N 6836,9,X,--,--,1762.0
66 +1,N 6814,4,X,-20.41,--,1698.0
66 +1,N 6821,7,B,--,--,1680.0
66 -0,1945-18,9,B,--,--,1842.0
66 -0,2006-06,10,--,--,--,1588.0
71 -1 +1,N 5951,5,--,-19.65,--,1860.0
71 -1,N 5953,-5,--,-19.59,--,2147.0
71 -1,N 5954,5,--,-19.33,--,2066.0
71 -1,N 5962,5,A,-20.66,--,2048.0
71 -2 +1,N 5970,5,B,-20.55,--,2038.0
71 -2 +1,U 9941,10,--,-18.01,--,1929.0
71 -3 +3,U10061,10,--,--,--,2182.0
71 -3,U10086,13,P,-18.57,--,2400.0
71 -4 +4,N 6070,6,A,-20.72,--,2058.0
71 -4,U10288,5,--,-19.89,--,2099.0
71 -4,U10290,9,--,-18.94,--,2039.0
71 +4,U10133,5,X,-19.41,--,1978.0
71 -5 +5,U 9977,5,--,-19.4,--,1944.0
71 -5,U 9979,10,--,-18.58,--,2006.0
71 -6 +6,1534+30,13,P,-17.57,--,1788.0
71 -6,N 5961,13,P,-18.48,--,1800.0
71 -6,N 5974,13,P,-18.24,--,1875.0
71 -0,1559+18,13,P,-18.14,--,2638.0
71 -0,N 6035,5,X,-18.43,--,2357.0
71 -0,N 6106,5,A,-19.58,--,1542.0
71 -0,N 6118,6,A,-20.62,--,1629.0
71 -0,N 6181,5,X,-20.92,--,2515.0
71 -0,U10020,7,A,-19.22,--,2195.0
71 -0,U10041,8,X,-19.13,--,2224.0
71 -0,U10058,9,B,--,--,2282.0
71 -0,U10419,10,--,--,--,2786.0
72 -1 +1,N 5929,-5,--,--,--,2606.0
72 -1,N 5930,3,XP,-20.41,--,2873.0
72 -1,U 9857,10,B,--,--,2491.0
72 -1,U 9858,4,X,-20.54,--,2774.0
72 +1,N 5899,5,X,-20.79,--,2701.0
72 +1,U 9936,9,--,-18.15,--,2800.0
72 -0,1452+42,13,P,-18.69,--,2669.0
72 -0,1544+46,13,P,-18.45,--,2970.0
72 -0,N 5981,5,--,-19.12,--,1921.0
73 -1 +1,N 6570,9,B,-20.29,--,2478.0
73 -1,N 6574,4,X,-20.76,--,2509.0
73 +1,N 6555,5,X,-20.85,--,2424.0
73 +1,U11141,8,--,-19.14,--,2426.0
73 -2 +2,N 6509,6,--,-19.85,--,1974.0
73 -2,U11074,7,--,-19.13,--,2059.0
73 -2,U11093,5,--,-19.99,--,2122.0
73 -3 +3,N 6384,4,X,-21.31,--,1805.0
73 -3,U10862,5,B,-19.35,--,1834.0
73 -0,U10805,9,B,-17.28,--,1715.0
73 -0,U11105,8,--,-18.87,--,2435.0
73 -0,U11113,6,X,-18.66,--,2547.0
73 -0,U11152,8,B,-19.73,--,2935.0
20 +1 +1,U 3587,12,--,-19.07,--,1173.0
20 +1,U 3658,10,--,--,--,1089.0
20 -0,U 3390,8,X,--,--,1534.0
20 -0,U 3463,4,X,-20.55,--,2811.0
20 -0,U 5707,6,X,-19.49,--,2816.0
30 +1 +1,N 2339,4,X,-20.77,--,2166.0
30 +1,U 3691,6,A,-20.09,--,2102.0
30 +2 +1,N 2357,5,--,-19.59,--,2201.0
30 +2 +1,U 3808,7,B,-18.8,--,2317.0
30 -0,N 2377,3,X,--,--,2242.0
30 -0,N 3246,8,X,-19.62,--,1977.0
30 -0,U 3234,10,--,--,--,1370.0
40 -0,1517-36,4,B,-20.7,--,2940.0
40 -0,N 6000,6,--,--,--,2029.0
40 -0,N 6951,4,X,-20.73,--,1707.0
40 -0,U11557,8,X,-19.57,--,1684.0
40 -0,U11861,8,X,-20.87,--,1760.0
50 -0,0144-58,10,--,--,--,2055.0
60 -1 +1,U  608,8,X,-18.85,--,3000.0
60 -1,U  625,4,X,-21.14,--,2852.0
60 -0,0016-19,9,--,--,--,2116.0
60 -0,2059-17,4,A,--,--,1605.0
60 -0,2335-48,5,--,--,--,2786.0
60 -0,N   48,5,XP,-18.11,--,2036.0
60 -0,N 7744,-2,X,-20.53,--,2952.0
60 -0,N 7755,5,B,-21.24,--,2988.0
60 -0,U  477,9,--,-19.15,--,2843.0
70 -1 +1,1604+41,13,P,-17.9,--,2221.0
70 -1,U10200,13,P,-18.93,--,2137.0
70 +1,U10095,10,--,--,--,2055.0
70 -0,1634+52,13,P,-17.87,--,2883.0
70 -0,1638+37,13,P,-17.68,--,2100.0
70 -0,1742+40,13,P,-17.82,--,1800.0
70 -0,N 6339,6,B,-19.84,--,2336.0
70 -0,N 6368,3,--,-21.26,--,2920.0
70 -0,N 6667,2,XP,-20.88,--,2847.0
70 -0,N 6703,-2,--,-20.56,--,2591.0
70 -0,N 6764,4,B,-20.54,--,2691.0
70 -0,U 9762,9,--,--,--,2396.0
70 -0,U11124,6,B,-19.15,--,1852.0
70 -0,U11220,10,--,--,--,1706.0
70 -0,U11283,8,BP,-19.19,--,2230.0
