HCG,m_HCG,RAh,RAm,RAs,DE-,DEd,DEm,DEs,a,b,MType,T,morph,RVhel,e_RVhel,q_RVhel,Bmag,q_Bmag,DBmag,Rmag,q_Rmag,DRmag,B-R,BTmag,BTc,e_BTmag,MB-5log(h),Names
1,a,0,23,29.92,+,25,26,53.9,37.6,26.9,Sc,7,m,10237,39,0,15.02,0,55.0,13.33,2,87.7,1.29,14.87,14.43,0.2,-20.6,U248a
1,b,0,23,28.77,+,25,26,31.9,42.8,10.7,Im,12,m,10266,40,0,15.68,0,32.5,13.85,2,65.7,1.36,15.96,15.04,0.1,-20.0,U248b
1,c,0,23,17.29,+,25,26,47.6,10.7,10.7,E0,0,--,10056,34,0,10.21,0,23.8,14.15,0,51.6,1.69,15.89,15.57,0.1,-19.5,--
1,d,0,23,21.66,+,25,26,53.4,8.5,4.8,S0,1,--,10120,47,0,17.4,0,12.0,15.77,0,13.9,1.6,16.92,16.5,0.2,-18.5,--
2,a,0,28,48.85,+,8,11,32.0,40.5,19.7,SBd,9,m,4326,30,0,14.02,0,60.7,13.1,0,67.5,0.88,13.84,13.35,0.1,--,U312
2,b,0,28,43.74,+,8,11,57.0,21.2,18.4,cI,13,m,4366,34,0,14.62,0,37.6,13.4,0,50.5,1.14,14.63,14.39,0.1,--,Mk552 MCG1-2-18
2,c,0,28,54.32,+,8,7,28.9,32.9,18.1,SBc,7,m,4235,34,0,15.14,0,48.9,13.97,0,55.4,1.1,14.6,14.15,0.1,--,U314
2,d,0,29,3.31,+,8,6,53.1,13.2,12.0,SBb,5,--,21340,85,0,16.74,0,24.7,15.12,0,28.6,1.54,16.0,15.72,0.2,--,U315
3,a,0,31,40.7,-,7,50,25.4,26.6,8.0,Sc,7,--,7302,51,0,15.6,0,30.8,14.11,0,39.3,1.41,15.36,14.72,0.1,--,--
3,b,0,31,52.61,-,7,52,30.9,15.4,9.6,SB0a,2,--,7860,45,0,15.76,0,24.4,14.0,0,31.7,1.71,15.64,15.28,0.1,--,--
3,c,0,31,47.55,-,7,52,32.8,23.7,6.4,Sd,9,--,11545,68,1,16.75,0,19.8,15.27,0,26.2,1.37,16.54,15.87,0.1,--,--
3,d,0,31,37.33,-,7,52,39.9,13.1,9.7,S0,1,--,7804,30,0,15.98,0,20.1,14.15,0,34.7,1.69,15.91,15.64,0.1,--,--
4,a,0,31,43.69,-,21,42,50.9,41.1,33.5,Sc,7,m,8097,36,0,13.8,0,67.5,12.71,0,75.2,1.01,13.78,13.5,0.1,-21.1,--
4,b,0,31,44.16,-,21,44,44.8,24.2,9.1,Sc,7,--,7065,44,0,15.7,0,30.9,14.62,0,34.0,1.03,15.52,14.97,0.2,-19.3,--
4,c,0,31,45.62,-,21,41,36.2,12.8,10.0,E2,0,m,8863,74,1,16.11,0,24.4,14.45,0,37.3,1.51,15.9,15.69,0.1,-19.1,--
4,d,0,31,46.77,-,21,45,11.5,12.7,7.4,E4,0,m,8215,37,0,16.12,0,20.5,14.86,0,26.4,1.19,15.68,15.47,0.1,-19.1,--
4,e,0,31,38.37,-,21,42,41.1,12.9,9.4,Sab,4,--,18480,180,1,16.61,0,19.0,15.26,0,21.3,1.31,16.37,16.05,0.1,--,--
5,a,0,36,19.61,+,6,47,16.6,24.4,24.3,Sab,4,m,12147,34,0,15.08,1,43.5,13.39,1,62.4,1.58,14.79,14.55,0.2,-20.7,N190N U397a
5,b,0,36,19.62,+,6,46,53.1,17.9,17.5,E0,0,m,12221,29,0,15.99,1,28.2,13.7,1,49.2,2.03,15.76,15.52,0.2,-19.9,N1905 U397b
5,c,0,36,17.72,+,6,47,52.8,15.1,13.4,S0,1,--,12489,47,0,16.72,1,21.7,13.77,1,39.1,1.72,16.52,16.26,0.2,-19.2,--
5,d,0,36,19.9,+,6,46,23.9,12.3,5.0,Sc,7,--,8215,37,1,17.3,1,17.2,15.49,1,27.4,1.68,17.27,16.72,0.2,-18.7,--
6,a,0,36,41.7,-,8,40,7.7,14.3,7.3,S0a,2,--,11669,52,1,15.87,1,25.2,13.94,1,44.2,1.62,15.69,15.27,0.2,-20.1,--
6,b,0,36,38.1,-,8,40,18.6,21.2,8.7,Sab,4,m,11377,61,0,16.16,1,29.5,14.18,1,48.4,1.74,16.03,15.5,0.2,-19.8,--
6,c,0,36,38.98,-,8,40,29.1,21.9,11.0,E5,0,--,10967,61,0,15.97,1,27.1,14.09,1,44.7,1.64,15.59,15.37,0.2,-19.9,--
6,d,0,36,35.5,-,8,40,32.7,9.0,4.8,Sbc,6,--,11434,62,0,17.89,1,14.0,16.45,1,20.5,1.39,17.63,17.19,0.2,-18.1,--
7,a,0,36,39.66,+,0,35,20.5,56.8,27.6,Sb,5,m,4210,20,0,13.5,0,80.2,11.97,0,96.3,1.48,13.46,12.98,0.1,-20.1,N192 U401
7,b,0,36,44.13,+,0,38,17.3,40.1,29.2,SB0,1,--,4238,25,0,13.94,0,69.8,12.4,0,92.2,1.44,14.02,13.74,0.2,-19.4,N196 U405
7,c,0,37,1.15,+,0,35,6.3,52.3,42.6,SBc,7,m,4366,36,0,13.65,0,91.0,12.41,0,102.7,1.19,12.9,12.6,0.7,-20.6,N201 U419
7,d,0,36,45.08,+,0,37,0.8,38.3,27.9,SBc,7,--,4116,38,0,14.85,0,59.3,13.39,0,83.8,1.12,15.11,14.77,0.2,-18.3,N197 U406
8,a,0,46,54.48,+,23,18,20.0,31.5,16.6,E5,0,m,16014,51,0,15.5,1,13.7,13.23,1,88.6,1.76,14.8,14.5,0.5,-21.5,--
8,b,0,46,55.51,+,23,19,8.2,14.7,8.8,S0,1,m,15966,38,0,16.41,1,24.3,14.44,1,36.0,1.82,15.79,15.41,0.2,-20.6,--
8,c,0,46,56.12,+,23,18,41.9,13.9,11.8,S0,1,--,17087,51,0,16.31,1,25.9,14.28,1,43.3,1.81,15.65,15.33,0.2,-20.9,--
8,d,0,46,56.99,+,23,18,2.7,15.6,13.1,S0,1,--,16341,39,0,16.41,1,26.0,14.27,1,50.5,1.76,15.74,15.42,0.2,-20.7,--
9,a,0,51,53.57,-,23,49,25.2,23.6,18.7,E2,0,--,20155,125,0,15.59,1,38.6,13.55,1,70.6,1.6,15.1,14.89,0.2,--,--
9,b,0,51,49.15,-,23,48,23.1,11.1,7.9,S0,1,--,9406,150,1,15.95,1,32.6,15.17,1,23.8,1.11,15.8,15.5,0.5,--,--
9,c,0,51,52.51,-,23,50,21.5,9.0,7.9,Sc,7,--,10300,192,0,16.96,0,16.2,15.32,0,27.4,1.34,16.81,16.56,0.2,--,--
9,d,0,51,50.06,-,23,49,24.9,13.3,12.5,SBcd,8,--,17726,193,0,16.69,0,16.9,15.38,0,21.1,1.09,16.72,16.49,0.2,--,--
10,a,1,23,31.03,+,34,26,33.3,104.8,35.9,SBb,5,m,5148,19,0,13.49,0,93.6,11.81,0,123.9,1.56,13.36,12.62,0.1,--,N536 U1013
10,b,1,22,50.05,+,34,27,11.1,51.2,48.0,E1,0,m,4862,22,0,13.35,0,97.3,11.68,0,127.3,1.57,13.07,12.7,0.1,--,N529 U995
10,c,1,23,28.38,+,34,29,40.1,55.4,12.9,Sc,7,m,4660,32,0,14.98,0,49.2,13.23,0,63.6,1.66,14.94,14.07,0.1,--,N531 U1012
10,d,1,23,40.43,+,34,24,56.5,29.2,7.3,Scd,8,--,4620,40,0,15.82,0,28.4,14.23,0,35.8,1.52,15.54,14.69,0.2,--,N542
11,a,1,24,10.8,-,23,29,7.6,53.9,48.5,SBbc,6,--,5504,33,0,13.65,0,91.9,12.37,0,107.3,1.22,13.21,12.97,0.2,--,--
11,b,1,24,10.67,-,23,31,29.8,15.6,11.2,SBc,7,--,13295,86,0,15.93,0,26.5,14.75,0,28.5,1.15,15.62,15.3,0.2,--,--
11,c,1,24,5.84,-,23,27,11.0,11.6,5.8,Scd,8,--,12904,61,0,17.26,0,17.8,15.99,0,19.9,1.2,17.01,16.56,0.1,--,--
11,d,1,24,22.47,-,23,28,50.0,9.6,7.6,SB0,1,--,9686,61,0,16.86,0,18.3,15.37,0,24.4,1.39,16.8,16.55,0.1,--,--
12,a,1,25,1.78,-,4,56,30.2,22.9,15.9,S0,1,m,14407,53,0,15.25,0,37.8,13.37,0,61.4,1.71,15.09,14.82,0.1,-21.0,--
12,b,1,25,2.73,-,4,54,39.7,18.7,11.6,SB0,1,m,14956,38,0,16.82,0,19.6,14.96,0,26.5,1.76,16.58,16.29,0.2,-19.6,--
12,c,1,25,5.7,-,4,55,12.6,12.0,5.4,S0,1,--,14569,66,1,17.82,0,9.5,16.01,0,13.4,1.74,17.64,17.3,0.1,-18.6,--
12,d,1,25,5.46,-,4,55,39.2,14.5,8.3,Sbc,6,--,14241,62,0,18.16,0,12.8,16.14,0,21.7,1.74,17.61,17.21,0.2,-18.6,--
12,e,1,24,56.21,-,4,56,11.0,6.8,4.6,S0,1,--,14469,62,0,18.25,0,9.1,16.51,0,11.5,1.68,18.25,17.98,0.1,--,--
13,a,1,29,50.52,-,8,7,1.0,29.1,11.3,SBab,4,--,12469,42,0,15.69,1,34.8,13.72,1,55.8,1.8,15.14,14.61,0.2,-20.9,--
13,b,1,29,52.38,-,8,7,50.9,19.9,18.0,E0,0,m,12100,101,0,15.97,1,33.7,13.86,1,57.3,1.8,15.45,15.25,0.2,-20.2,--
13,c,1,29,53.26,-,8,8,14.4,10.8,5.8,S0,1,m,12240,105,0,16.96,1,20.2,15.0,1,31.6,1.71,16.55,16.24,0.2,-19.2,--
13,d,1,29,49.24,-,8,9,13.6,6.8,4.8,S0,1,--,12209,107,0,17.69,0,10.5,15.99,0,13.5,1.64,17.73,17.47,0.1,-18.0,--
13,e,1,29,56.06,-,8,7,37.2,9.1,5.0,S0,1,--,12593,61,0,17.82,0,13.3,15.76,0,28.3,1.61,17.58,17.28,0.1,-18.2,--
14,a,1,57,20.23,-,7,18,4.0,26.8,11.6,Sb,5,m,5929,35,0,15.67,2,32.0,13.67,2,49.8,1.86,15.26,14.77,0.2,--,--
14,b,1,57,22.66,-,7,19,42.5,30.8,16.7,E5,0,m,5365,28,0,15.18,2,51.9,13.51,2,66.4,1.54,14.37,14.17,0.2,--,--
14,c,1,57,19.08,-,7,16,22.1,18.0,7.3,Sbc,6,m,5145,37,0,17.68,2,15.9,15.58,2,21.8,1.94,17.1,16.58,0.2,--,--
14,d,1,57,13.96,-,7,13,28.5,13.2,10.7,Sd,9,--,8416,58,0,16.98,0,21.2,15.73,0,25.6,1.15,16.43,16.16,0.2,--,--
15,a,2,5,18.02,+,1,55,50.1,36.0,20.7,Sa,3,m,6967,30,0,14.87,0,48.7,13.08,0,72.3,1.62,14.69,14.29,0.2,-19.9,U1624
15,b,2,4,59.15,+,1,52,40.8,25.6,25.6,E0,0,m,7117,36,0,15.31,0,38.4,13.41,0,69.8,1.7,14.95,14.74,0.1,-19.5,U1617
15,c,2,5,4.78,+,1,54,45.3,24.5,24.1,E0,0,--,7222,30,0,14.91,0,45.9,13.34,0,56.2,1.52,14.58,14.37,0.1,-19.9,U1620
15,d,2,5,2.51,+,1,56,37.0,24.1,18.9,E2,0,m,6244,36,0,15.6,1,36.6,13.69,1,56.5,1.7,14.86,14.65,0.2,-19.3,U1618a
15,e,2,4,50.39,+,1,52,43.8,22.0,18.0,Sa,3,--,7197,32,0,15.94,0,29.9,13.96,0,58.8,1.69,15.84,15.56,0.1,-18.7,U1617
15,f,2,5,2.85,+,1,57,11.2,16.8,10.0,Sbc,6,m,6242,102,0,16.73,1,25.7,15.35,1,34.1,1.3,16.13,15.74,0.2,-18.2,U1618b
16,a,2,6,57.41,-,10,22,20.0,34.9,32.6,SBab,4,m,4152,39,0,13.05,1,77.1,12.24,1,75.4,0.82,12.99,12.76,0.15,-20.3,N835 Mk1021
16,b,2,6,53.32,-,10,22,8.9,49.4,23.1,Sab,4,m,3977,25,0,13.83,1,61.3,12.75,1,60.9,1.07,13.74,13.27,0.15,-19.7,N833
16,c,2,7,11.25,-,10,22,56.0,31.5,25.1,Im,12,m,3851,36,0,13.72,0,68.9,12.65,0,68.3,1.04,13.4,13.1,0.08,-19.8,N838 Mk1022
16,d,2,7,15.6,-,10,25,11.1,41.1,22.0,Im,7,m,3847,44,0,13.98,0,63.5,12.7,0,64.9,1.29,13.9,13.42,0.09,-19.5,N839
17,a,2,11,22.8,+,13,4,41.0,10.7,10.3,E0,0,--,18228,44,0,17.15,1,18.6,14.7,1,49.2,1.88,16.75,16.52,0.2,-19.8,--
17,b,2,11,21.4,+,13,4,48.7,9.0,8.9,E0,0,--,17904,48,0,17.28,1,17.8,14.7,1,50.9,1.92,16.82,16.59,0.2,-19.7,--
17,c,2,11,22.77,+,13,5,3.9,8.1,6.1,S0,1,--,18224,105,0,17.76,1,14.3,15.32,1,34.7,1.91,17.73,17.45,0.2,-18.9,--
17,d,2,11,25.31,+,13,4,24.8,4.3,4.1,S0,1,--,18124,107,0,18.88,0,7.8,16.8,0,13.4,1.85,18.78,18.54,0.1,-17.8,--
17,e,2,11,21.88,+,13,5,9.8,3.4,2.6,S0,1,--,17976,142,1,19.55,0,6.2,17.4,0,11.1,1.9,19.26,18.98,0.2,-17.3,--
18,a,2,36,21.72,+,18,9,8.5,33.9,10.8,S0a,2,--,10019,47,0,15.62,1,42.2,14.11,1,45.5,1.42,15.61,15.01,0.2,--,--
18,b,2,36,18.47,+,18,10,4.1,50.0,26.8,Im,12,--,--,--,--,15.57,1,47.1,14.34,1,59.2,0.98,15.5,14.9,0.7,--,U2140a
18,c,2,36,18.2,+,18,10,24.5,22.8,13.7,Im,12,--,4143,37,0,16.24,1,30.1,15.25,1,35.8,0.82,16.09,15.61,0.2,--,U2140b
18,d,2,36,16.95,+,18,10,43.9,21.6,18.3,Im,12,--,4067,58,0,15.73,1,37.8,15.03,1,38.2,0.71,15.43,15.1,0.2,--,U2140c
19,a,2,40,14.26,-,12,38,0.4,26.2,20.4,E2,0,--,4279,25,0,14.51,1,46.1,12.85,1,68.9,1.56,14.23,14.0,0.2,-19.2,--
19,b,2,40,17.99,-,12,38,23.6,24.1,7.8,Scd,8,--,4210,25,0,15.79,1,28.5,14.44,1,34.4,1.28,15.86,15.24,0.2,-17.9,--
19,c,2,40,22.67,-,12,36,35.6,32.4,14.5,Sdm,10,--,--,--,--,15.58,0,45.8,14.25,0,58.5,1.12,14.97,14.46,0.1,-18.6,--
19,d,2,40,18.66,-,12,39,33.5,13.4,6.5,SBb,5,--,--,--,--,17.71,0,15.5,15.87,0,23.8,1.6,17.13,16.65,0.1,-16.5,--
20,a,2,41,17.08,+,25,53,17.1,14.5,5.5,S0,1,--,14477,45,0,17.43,1,16.2,15.26,1,29.9,1.85,17.17,16.7,0.2,-19.1,--
20,b,2,41,17.58,+,25,53,54.7,9.4,5.0,E5,0,--,14424,42,0,17.46,1,14.0,15.21,1,27.7,1.87,17.03,16.73,0.2,-19.1,--
20,c,2,41,18.64,+,25,53,40.0,9.2,8.5,E1,0,--,15032,45,0,17.36,1,17.6,15.18,1,33.7,1.83,16.94,16.64,0.2,-19.3,--
20,d,2,41,23.5,+,25,53,49.0,7.4,6.2,S0a,2,--,10561,61,0,17.88,1,13.3,16.01,1,19.2,1.75,17.72,17.37,0.2,--,--
20,e,2,41,21.9,+,25,53,30.4,5.4,4.1,E2,0,--,14312,49,0,18.53,1,9.5,16.6,1,12.6,1.84,17.99,17.69,0.2,-18.1,--
20,f,2,41,22.19,+,25,54,0.6,6.3,3.0,S0a,2,--,14280,62,0,19.54,1,6.1,17.36,1,10.2,1.75,18.77,18.25,0.2,-17.5,--
21,a,2,42,58.42,-,17,55,7.5,44.8,13.2,Sc,7,m,7614,29,0,15.29,3,44.9,13.14,3,77.0,1.87,14.79,14.13,0.2,-20.3,--
21,b,2,43,16.59,-,17,53,56.5,45.9,19.1,Sab,4,--,7568,35,0,14.69,3,54.4,12.64,3,82.6,1.89,14.39,13.85,0.2,-20.6,--
21,c,2,42,34.04,-,17,52,12.8,29.2,26.8,E1,0,--,7356,31,0,14.88,3,50.6,12.66,3,95.3,1.62,14.34,14.1,0.2,-20.2,--
21,d,2,43,9.92,-,17,45,9.5,18.0,15.0,E2,0,--,8835,48,0,15.96,3,30.6,14.17,3,44.6,1.62,15.42,15.18,0.2,-19.6,--
21,e,2,43,2.86,-,17,44,37.0,17.4,14.7,SB0a,2,--,8843,61,0,16.34,3,28.8,14.58,3,39.6,1.62,16.1,15.81,0.2,-18.9,--
22,a,3,1,18.22,-,15,48,30.4,79.8,62.5,E2,0,m,2705,22,0,12.78,0,111.2,10.95,0,172.2,1.62,12.49,12.24,0.13,--,N1199
22,b,3,1,5.95,-,15,51,24.5,30.6,12.4,Sa,3,--,2625,38,0,15.32,0,38.4,13.64,0,57.5,1.52,15.04,14.47,0.1,--,--
22,c,3,1,4.02,-,15,49,5.8,52.2,47.3,SBcd,8,--,2728,60,0,14.55,0,81.4,13.19,0,99.0,1.2,14.2,13.9,0.7,--,--
22,d,3,1,10.73,-,15,52,49.8,23.3,15.7,E3,0,--,9342,45,0,15.6,1,34.3,13.7,1,55.4,1.71,15.22,14.97,0.2,--,--
22,e,3,1,14.52,-,15,52,25.3,25.8,13.0,E5,0,--,9506,49,0,15.68,1,31.5,13.84,1,49.7,1.65,15.37,15.12,0.2,--,--
23,a,3,4,30.36,-,9,44,9.5,37.2,11.9,Sab,4,m,4798,37,0,15.13,3,36.7,13.45,3,50.1,1.59,14.96,14.32,0.2,-19.1,N1214
23,b,3,4,44.07,-,9,47,6.1,46.1,28.7,SBc,7,m,4921,30,0,15.14,3,48.7,13.41,3,64.4,1.59,14.83,14.42,0.2,-19.0,N1215
23,c,3,4,53.01,-,9,48,17.5,23.2,6.8,S0,1,m,5016,97,0,16.0,3,19.4,13.67,3,32.3,2.25,15.98,15.52,0.2,-18.0,N1216
23,d,3,4,29.78,-,9,49,17.2,19.3,15.2,Sd,9,m,4562,54,0,16.66,3,26.7,15.19,3,35.1,1.28,16.3,16.0,0.5,-17.3,--
23,e,3,4,44.94,-,9,46,9.0,12.1,5.5,Sm,11,--,10150,60,0,17.77,3,15.6,16.09,3,21.0,1.52,17.59,17.03,0.2,--,--
24,a,3,17,51.42,-,11,2,35.0,18.7,17.7,S0,1,--,9248,41,0,15.89,1,34.0,13.81,1,63.2,1.69,15.51,15.23,0.2,-19.6,--
24,b,3,17,58.94,-,11,2,49.5,22.6,16.7,SBa,3,m,9137,44,0,15.6,0,38.7,13.94,0,48.9,1.54,15.26,14.89,0.2,-19.9,--
24,c,3,17,48.95,-,11,2,35.4,12.0,8.3,SB0,1,--,9283,109,0,17.26,1,19.6,15.35,1,30.9,1.61,16.93,16.6,0.2,-18.2,--
24,d,3,17,56.24,-,11,2,16.4,6.5,4.7,S0a,2,--,8779,61,0,17.95,0,11.0,16.25,0,16.0,1.61,17.83,17.46,0.1,-17.3,--
24,e,3,17,54.31,-,11,2,49.1,4.7,4.6,E0,0,--,9323,61,0,18.3,1,9.5,16.45,1,14.5,1.63,17.91,17.64,0.2,-17.2,--
25,a,3,18,10.47,-,1,17,19.8,38.4,17.5,SBc,7,m,6285,30,0,14.7,0,51.1,13.63,0,54.3,1.05,14.39,13.86,0.1,-20.2,U2690
25,b,3,18,12.86,-,1,13,27.5,29.0,19.1,SBa,3,m,6408,35,0,15.15,1,41.2,12.33,1,54.5,1.75,14.85,14.45,0.2,-19.6,U2691a
25,c,3,18,10.57,-,1,10,55.3,22.3,8.8,Sb,5,--,10864,61,0,16.1,1,23.9,14.6,1,27.9,1.46,15.93,15.35,0.2,--,--
25,d,3,18,6.07,-,1,12,53.8,9.8,7.0,S0,1,m,6401,36,0,16.36,0,16.6,14.58,0,21.0,1.46,16.24,15.92,0.1,-18.1,--
25,e,3,18,10.04,-,1,11,9.7,9.3,8.7,Sdm,10,--,10965,38,0,16.67,1,17.0,15.38,1,19.3,1.25,16.17,15.89,0.2,--,--
25,f,3,18,12.82,-,1,14,1.3,11.1,9.9,S0,1,m,6279,37,0,16.66,1,18.8,14.96,1,29.2,1.52,17.26,16.98,0.2,-17.1,U2691b
25,g,3,18,19.6,-,1,14,34.1,8.7,6.2,S0,1,--,12179,26,0,17.38,0,13.7,15.6,0,17.8,1.7,17.25,16.93,0.1,--,--
26,a,3,19,34.1,-,13,49,44.9,32.0,5.8,Scd,8,m,9678,50,0,17.34,1,20.1,15.93,1,27.8,0.75,17.0,16.1,0.7,-18.9,--
26,b,3,19,35.95,-,13,49,36.0,19.5,9.6,E0,0,m,9332,39,0,16.74,1,21.1,15.46,1,25.1,1.3,15.88,15.61,0.2,-19.3,--
26,c,3,19,28.35,-,13,49,26.1,9.6,4.4,S0,1,--,9618,62,0,17.61,0,11.9,16.46,0,13.7,1.1,17.51,17.1,0.1,-17.8,--
26,d,3,19,35.34,-,13,49,25.3,5.6,5.0,cI,13,m,9133,62,0,16.94,1,17.3,16.77,1,13.9,0.54,16.08,15.81,0.2,-19.0,--
26,e,3,19,29.94,-,13,50,35.1,10.5,3.5,Im,12,m,9623,50,0,18.34,0,11.4,17.57,0,12.9,0.66,17.8,17.05,0.1,-17.9,--
26,f,3,19,36.4,-,13,50,31.8,5.4,3.7,cI,13,--,9626,46,0,18.93,0,7.3,18.57,0,7.3,0.36,18.95,18.68,0.1,-16.2,--
26,g,3,19,34.03,-,13,49,37.3,5.9,5.0,S0,1,--,9293,62,0,18.48,1,11.8,17.61,1,11.2,1.03,17.7,17.4,0.7,-17.5,--
27,a,4,17,5.85,-,11,51,11.0,15.6,5.9,Sb,5,--,18340,62,0,17.01,0,17.5,15.23,0,22.5,1.71,16.77,16.06,0.1,--,--
27,b,4,16,57.47,-,11,49,17.7,13.8,8.5,SBc,7,--,18530,61,0,16.58,0,21.7,15.28,0,23.1,1.29,16.25,15.71,0.1,--,--
27,c,4,17,2.75,-,11,50,34.3,11.1,8.0,Sa,3,--,26352,62,0,17.5,0,16.0,15.47,0,23.6,1.89,17.26,16.78,0.1,-20.4,--
27,d,4,16,54.25,-,11,48,40.6,8.3,4.5,S0a,2,--,26256,62,0,18.02,0,12.2,16.14,0,17.5,1.74,17.8,17.25,0.1,-19.9,--
27,e,4,17,0.39,-,11,49,51.3,2.8,2.8,S0,1,--,26044,115,0,19.22,0,8.0,17.18,0,11.1,1.9,18.4,18.0,0.5,-19.1,--
27,f,4,16,57.07,-,11,48,48.7,5.0,3.9,S0,1,m,26100,134,2,19.46,0,7.2,17.1,0,14.5,1.86,18.5,18.1,0.7,-19.0,--
28,a,4,24,56.04,-,10,25,1.7,25.7,5.7,Sb,5,m,11441,26,0,16.31,0,25.8,14.91,0,31.2,1.33,16.24,15.33,0.1,--,--
28,b,4,24,57.48,-,10,26,13.5,21.4,11.1,E5,0,--,11489,23,0,16.24,0,27.0,15.1,0,27.7,1.19,15.7,15.31,0.1,--,--
28,c,4,24,55.67,-,10,25,43.9,10.8,6.5,S0,1,m,11290,26,0,16.67,0,17.3,15.35,0,21.2,1.26,16.24,15.76,0.1,--,--
28,d,4,24,56.65,-,10,26,11.7,5.8,5.8,Sdm,10,--,30205,63,0,18.42,0,13.9,16.76,0,18.0,1.15,17.8,17.4,0.7,--,--
29,a,4,32,46.53,-,30,38,50.1,9.4,7.0,cI,13,--,13328,46,0,15.24,2,32.7,15.16,2,21.9,0.67,14.84,14.49,0.2,--,--
29,b,4,32,47.81,-,30,38,45.0,10.0,5.8,S0,1,--,30824,64,0,18.66,0,14.1,16.77,2,16.9,1.91,17.5,17.0,0.5,--,--
29,c,4,32,48.7,-,30,38,38.9,8.2,6.2,E2,0,--,31669,64,0,18.25,0,12.0,16.67,0,18.9,1.51,17.75,17.4,0.2,--,--
29,d,4,32,50.45,-,30,38,45.0,5.0,5.0,SB0,1,--,31714,63,0,18.9,0,9.4,17.36,0,12.2,1.48,18.7,18.35,0.2,--,--
30,a,4,33,47.98,-,2,55,55.7,55.5,40.5,SB-,3,--,4697,20,0,13.79,2,87.8,11.29,2,170.9,2.11,13.41,12.87,0.2,-20.5,--
30,b,4,33,59.72,-,2,58,1.9,36.5,23.5,Sa,3,m,4625,24,0,14.33,0,59.7,12.59,0,82.1,1.63,14.23,13.65,0.1,-19.7,--
30,c,4,33,52.64,-,2,54,2.2,17.3,12.5,SBbc,6,m,4508,38,1,15.87,0,39.3,14.7,0,40.9,1.12,15.6,15.06,0.1,-18.2,--
30,d,4,34,6.07,-,2,56,36.7,15.4,10.2,S0,1,m,4666,49,0,16.76,0,22.9,15.05,0,32.8,1.53,16.19,15.69,0.1,-17.7,--
31,a,4,59,9.86,-,4,19,51.8,32.3,19.9,Sdm,10,m,4042,44,0,15.62,2,33.6,14.43,2,40.2,1.13,15.52,14.83,0.2,--,N1741
31,b,4,59,6.53,-,4,20,8.4,26.1,13.7,Sm,11,m,4171,43,0,15.35,2,31.5,14.73,2,30.2,0.7,15.09,14.31,0.2,--,--
31,c,4,59,8.91,-,4,19,45.5,18.3,7.0,Im,12,m,4068,34,0,13.44,2,74.5,12.76,2,74.1,0.82,13.4,12.5,0.5,--,Mk1089
31,d,4,59,8.54,-,4,19,42.2,5.4,4.5,Sbc,6,--,26900,65,0,18.53,0,10.6,17.06,0,13.2,1.34,17.86,17.27,0.1,--,--
32,a,4,59,29.38,-,15,31,12.8,18.9,15.3,E2,0,--,12547,38,0,14.72,4,62.5,13.23,2,73.5,1.44,14.3,13.8,0.7,-21.7,--
32,b,4,59,24.22,-,15,28,11.6,16.1,6.7,SB0,1,--,12125,57,0,16.07,0,33.6,14.56,0,36.5,1.47,15.91,15.28,0.1,-20.2,--
32,c,4,59,32.77,-,15,30,7.0,13.7,8.7,S0a,2,--,11984,49,1,17.12,2,20.9,15.23,4,28.5,1.73,16.6,16.0,0.7,-19.4,--
32,d,4,59,29.58,-,15,30,7.8,13.7,7.3,S0,1,--,12313,52,1,17.59,4,12.3,15.76,2,16.7,1.76,17.33,16.74,0.2,-18.7,--
33,a,5,7,53.09,+,17,57,27.5,11.1,10.1,E1,0,m,7570,41,0,16.89,4,21.8,13.69,1,67.9,2.34,16.15,15.35,0.2,--,--
33,b,5,7,52.73,+,17,58,6.7,15.9,10.0,E4,0,m,8006,21,0,16.94,4,19.5,13.69,1,70.3,2.31,16.21,15.41,0.2,--,--
33,c,5,7,50.29,+,17,57,30.5,23.3,6.7,Sd,9,m,7823,47,1,18.06,4,18.7,14.85,1,55.3,2.32,17.7,16.4,0.7,--,--
33,d,5,7,58.66,+,17,58,19.2,7.2,7.2,E0,0,--,7767,37,0,18.42,4,8.6,15.37,4,27.9,2.2,17.53,16.73,0.2,--,--
34,a,5,19,4.51,+,6,38,27.5,19.6,16.1,E2,0,m,8997,31,0,14.89,4,61.2,12.23,2,130.3,2.11,14.9,14.2,0.5,--,N1875
34,b,5,19,8.49,+,6,37,43.6,8.5,3.7,Sd,9,m,9620,40,0,17.41,4,22.2,14.77,2,45.0,2.11,17.6,16.56,0.2,--,--
34,c,5,19,7.55,+,6,38,2.7,11.2,5.8,SBd,9,m,9392,40,0,17.1,4,24.6,15.15,2,41.8,1.58,17.26,16.28,0.2,--,--
34,d,5,19,6.33,+,6,38,8.9,4.5,3.0,S0,1,--,8817,66,1,18.29,4,13.2,15.64,2,28.5,2.08,18.4,17.57,0.2,--,--
35,a,8,41,57.67,+,44,42,10.5,14.4,6.1,S0,1,m,15919,38,0,16.24,1,24.7,14.46,1,34.7,1.69,16.03,15.56,0.2,-20.5,--
35,b,8,41,57.08,+,44,41,29.0,15.8,13.7,E1,0,--,16338,32,0,15.8,1,35.2,14.45,1,39.1,1.36,15.45,15.13,0.2,-21.0,--
35,c,8,41,54.89,+,44,42,35.7,10.4,9.1,E1,0,--,16357,39,0,16.36,1,23.3,14.05,1,51.7,1.91,16.01,15.69,0.2,-20.4,--
35,d,8,41,57.11,+,44,43,19.0,11.6,5.0,Sb,5,--,15798,40,0,17.13,4,19.5,16.18,4,39.4,1.89,17.42,16.81,0.2,-19.2,--
35,e,8,41,57.16,+,44,41,8.4,5.9,3.5,S0,1,--,16773,57,0,17.72,1,12.7,16.04,1,17.2,1.61,17.46,17.05,0.2,-19.1,--
35,f,8,41,57.31,+,44,42,56.0,4.1,3.7,E1,0,--,16330,62,0,18.71,4,9.9,16.42,4,24.8,1.86,18.44,18.12,0.2,-18.0,--
36,a,9,6,35.82,+,15,59,58.0,38.0,17.5,Sb,5,--,3808,29,0,15.14,2,35.7,13.53,2,51.7,1.5,15.04,14.5,0.2,--,I528 Mk1225 U4811
36,b,9,6,39.75,+,16,0,30.8,14.3,5.0,Sc,7,--,6333,41,0,16.86,2,15.7,15.61,2,17.7,1.21,16.61,15.98,0.2,--,--
36,c,9,6,33.61,+,16,0,33.6,9.2,6.5,Scd,8,--,8635,45,0,17.61,2,13.8,16.37,2,16.6,1.16,17.25,16.86,0.2,--,--
36,d,9,6,35.57,+,15,58,57.2,15.1,4.1,Sbc,6,--,15668,62,0,17.85,2,13.4,16.23,2,17.4,1.51,17.8,17.08,0.2,--,--
37,a,9,10,39.82,+,30,11,57.9,51.9,8.6,E7,0,m,6745,20,0,13.92,1,67.0,12.05,1,94.5,1.79,13.23,12.97,0.2,-21.2,N2783 U4859
37,b,9,10,32.96,+,30,12,24.0,48.4,28.1,Sbc,6,m,6741,34,0,15.51,1,40.8,13.33,1,57.2,1.99,14.95,14.5,0.2,-19.7,U4856
37,c,9,10,37.59,+,30,12,23.4,11.9,8.7,S0a,2,m,7357,41,0,16.51,1,24.2,14.44,1,38.4,1.76,15.93,15.57,0.2,-18.8,--
37,d,9,10,34.19,+,30,13,16.8,12.0,9.5,SBdm,10,m,6207,50,1,16.41,0,26.1,15.87,0,23.8,0.51,16.21,15.87,0.2,-18.3,--
37,e,9,10,34.34,+,30,14,48.0,9.1,9.1,E0,0,m,6363,20,0,17.01,0,18.7,15.97,0,23.8,1.02,16.47,16.21,0.1,--,--
38,a,9,24,51.8,+,12,29,14.1,22.1,8.6,Sbc,6,m,8760,75,0,16.13,0,27.4,14.53,0,31.6,1.55,15.83,15.25,0.1,--,--
38,b,9,25,0.74,+,12,30,19.2,30.0,17.6,SBd,9,m,8739,42,0,15.43,1,38.4,13.87,1,53.2,1.39,15.2,14.76,0.2,--,U5044a
38,c,9,25,1.64,+,12,30,21.8,21.8,9.3,Im,12,m,8770,89,0,16.09,1,33.4,14.62,1,32.9,1.52,16.01,15.39,0.2,--,U5044b
38,d,9,24,51.42,+,12,31,9.4,13.1,5.5,SBa,3,--,24282,62,0,17.3,0,17.1,15.53,0,21.5,1.69,17.15,16.6,0.2,--,--
39,a,9,26,54.92,-,1,7,34.2,10.5,8.2,Sb,5,--,21119,52,0,17.42,1,18.7,15.74,1,20.5,1.76,16.94,16.58,0.2,-20.1,--
39,b,9,26,55.81,-,1,7,47.8,7.9,5.6,S0,1,--,21176,61,1,17.63,1,14.7,15.95,1,17.5,1.65,17.53,17.2,0.2,-19.5,--
39,c,9,26,56.74,-,1,7,59.4,7.9,5.5,Sc,7,--,20667,35,0,17.57,0,14.0,16.18,0,16.3,1.32,17.34,16.94,0.1,-19.7,--
39,d,9,26,54.39,-,1,7,12.4,7.0,4.7,S0,1,--,21048,37,0,17.87,0,12.3,16.17,0,15.0,1.65,17.66,17.32,0.1,-19.3,--
40,a,9,36,23.02,-,4,37,21.5,32.9,24.3,E3,0,m,6628,27,0,14.09,1,65.3,12.18,1,94.1,1.75,13.7,13.44,0.2,-20.7,--
40,b,9,36,24.55,-,4,38,22.8,18.7,14.6,S0,1,m,6842,27,0,15.19,1,39.5,13.24,1,56.7,1.84,14.89,14.58,0.2,-19.6,--
40,c,9,36,22.7,-,4,37,58.7,36.9,9.6,Sbc,6,m,6890,21,0,15.82,1,36.5,13.66,1,58.2,2.0,15.88,15.15,0.2,-19.0,--
40,d,9,36,25.26,-,4,36,39.4,23.9,11.0,SBa,3,m,6492,21,0,15.2,1,41.0,13.54,1,53.8,1.56,15.06,14.53,0.2,-19.5,--
40,e,9,36,24.95,-,4,37,52.8,17.8,6.2,Sc,7,m,6625,49,0,17.36,1,17.8,15.41,1,27.4,1.84,17.32,16.69,0.2,--,--
41,a,9,54,27.5,+,45,28,5.3,35.2,9.6,Sab,4,--,3751,27,0,14.7,0,37.7,13.16,0,46.4,1.49,14.59,13.88,0.1,--,U5345
41,b,9,54,32.68,+,45,29,50.4,32.6,10.3,Sab,4,--,7241,24,0,15.44,0,37.3,13.91,0,52.2,1.38,15.11,14.45,0.1,--,U5346
41,c,9,54,19.23,+,45,28,36.9,16.9,7.9,Sb,5,--,9717,40,0,16.63,0,20.2,15.31,0,23.4,1.28,16.36,15.84,0.1,--,--
41,d,9,54,42.49,+,45,28,1.5,8.3,4.7,S0,1,--,4431,67,0,18.21,0,11.0,16.41,0,14.1,1.71,18.13,17.77,0.2,--,--
42,a,9,57,52.29,-,19,23,45.5,97.1,69.2,E3,0,m,3625,32,0,12.34,1,135.4,10.31,1,210.3,1.56,11.98,11.69,0.2,--,N3091
42,b,9,58,11.38,-,19,25,16.8,27.2,26.3,SB0,1,--,4198,28,0,14.52,0,59.1,13.03,0,64.0,1.47,14.48,14.18,0.2,--,--
42,c,9,57,48.44,-,19,22,54.3,21.8,17.9,E2,0,--,4005,31,0,14.56,1,41.2,12.86,1,51.8,1.74,14.21,13.92,0.2,--,--
42,d,9,57,51.1,-,19,25,55.8,13.3,10.7,E2,0,--,4076,48,0,16.54,0,19.8,14.73,0,27.4,1.72,16.13,15.84,0.2,--,--
43,a,10,8,46.08,+,0,13,25.6,21.1,8.1,Sb,5,--,10163,38,0,15.94,0,27.0,14.4,0,32.9,1.48,15.69,15.13,0.1,-19.9,--
43,b,10,8,33.79,+,0,12,15.6,30.2,5.5,SBcd,8,m,10087,35,0,16.25,0,25.8,14.76,0,35.8,1.36,16.0,15.18,0.1,-19.9,--
43,c,10,8,38.87,+,0,10,44.7,15.0,8.3,SB0,1,m,9916,33,0,16.27,0,20.4,14.51,0,30.2,1.67,16.15,15.82,0.1,-19.2,--
43,d,10,8,39.23,+,0,9,34.8,8.9,8.0,Sc,7,--,9630,37,0,17.35,0,15.5,15.98,0,16.9,1.34,17.08,16.82,0.1,-18.1,--
43,e,10,8,40.56,+,0,11,43.0,8.2,7.4,S0,1,--,9636,68,0,17.8,0,14.9,15.79,0,22.1,1.82,17.4,17.2,0.5,-17.7,--
43,f,10,8,44.85,+,0,14,18.3,21.2,5.9,Sbc,6,--,19505,64,0,18.63,0,10.7,17.16,0,14.1,1.27,17.94,17.27,0.1,--,--
44,a,10,15,20.64,+,22,4,54.9,100.7,47.3,Sa,3,m,1293,24,0,12.43,3,130.5,11.14,3,141.4,1.28,11.99,11.52,0.05,-19.0,N3190 U5559
44,b,10,15,39.55,+,22,8,36.8,53.0,44.4,E2,0,m,1378,19,0,14.21,3,65.5,12.19,3,136.5,1.69,11.83,11.62,0.04,-19.1,N3193 U5562
44,c,10,14,53.29,+,21,56,18.8,56.8,33.4,SBc,7,m,1218,14,0,13.35,3,91.5,12.37,3,95.4,0.97,12.94,12.55,0.06,-17.9,N3185 U5554
44,d,10,15,2.47,+,22,7,25.4,67.7,27.4,Sd,9,m,1579,91,0,14.28,3,70.3,14.06,3,66.4,0.26,13.61,13.09,0.07,-17.9,N3187 U5556
45,a,10,15,51.41,+,59,22,54.4,41.4,13.5,Sa,3,m,21811,34,0,15.87,0,38.4,14.14,0,56.1,1.57,15.9,15.2,0.5,-21.5,U5564
45,b,10,15,43.07,+,59,21,22.4,11.4,9.4,S0a,2,--,22195,29,0,16.95,0,21.3,15.33,0,23.2,1.59,17.59,17.24,0.1,-19.5,--
45,c,10,15,45.68,+,59,20,6.5,12.5,2.9,Sc,7,--,21799,72,0,18.34,0,11.5,16.78,0,13.1,1.4,18.4,17.6,0.7,-19.1,--
45,d,10,15,53.97,+,59,23,18.3,8.5,5.2,S0,1,--,20735,43,0,17.81,0,13.9,16.07,0,19.9,1.63,17.63,17.26,0.1,-19.4,--
46,a,10,19,24.39,+,18,5,26.8,10.9,8.0,E3,0,m,8201,35,0,16.83,3,17.8,15.08,3,31.9,1.34,16.61,16.4,0.2,-18.2,--
46,b,10,19,30.12,+,18,6,22.0,9.5,7.8,S0,1,--,8571,36,0,16.95,3,16.5,15.29,3,26.4,1.4,16.52,16.28,0.2,-18.4,--
46,c,10,19,29.87,+,18,6,44.7,7.8,6.9,E1,0,--,7906,42,0,16.81,3,14.9,15.17,3,24.5,1.39,16.34,16.13,0.2,-18.4,--
46,d,10,19,34.36,+,18,8,4.6,12.5,7.5,SB0,1,--,7703,33,0,16.81,3,19.1,15.02,3,27.1,1.68,16.41,16.11,0.2,-18.3,--
47,a,10,23,5.93,+,13,58,17.0,26.3,17.9,SBb,5,m,9581,31,0,15.29,1,40.3,13.56,1,56.3,1.59,14.95,14.61,0.2,-20.3,U5644
47,b,10,23,8.23,+,13,58,56.9,17.9,12.8,E3,0,m,9487,32,0,16.28,1,25.7,14.26,1,37.0,1.86,15.88,15.67,0.2,-19.2,--
47,c,10,23,8.66,+,14,0,27.4,9.2,8.3,Sc,7,--,9529,50,0,17.58,1,18.5,16.33,1,18.2,1.1,16.87,16.63,0.2,-18.3,--
47,d,10,23,7.45,+,14,0,11.5,13.7,10.7,Sd,9,--,9471,56,0,17.16,1,21.8,15.99,1,27.1,1.11,16.5,16.2,0.7,-18.7,--
48,a,10,35,25.58,-,26,49,13.1,45.7,35.1,E2,0,m,3014,48,0,14.02,3,81.3,12.39,3,103.0,1.54,13.5,13.21,0.2,--,I2597
48,b,10,35,27.9,-,26,51,41.5,22.0,20.4,Sc,7,m,2385,51,0,15.11,3,44.1,14.26,3,41.6,0.87,14.95,14.63,0.2,--,--
48,c,10,35,18.89,-,26,47,51.2,15.4,6.8,S0a,2,--,4203,36,0,16.52,3,20.7,14.75,3,27.2,1.71,16.36,15.82,0.2,--,--
48,d,10,35,19.93,-,26,47,2.1,8.8,7.5,E1,0,--,3045,139,0,17.48,3,15.7,15.62,3,23.3,1.68,16.99,16.7,0.2,--,--
49,a,10,53,23.11,+,67,27,8.5,14.3,13.3,Scd,8,m,9939,36,0,16.32,1,21.6,14.92,1,40.0,1.04,16.19,15.87,0.2,-19.1,--
49,b,10,53,20.72,+,67,26,50.9,13.2,8.7,Sd,9,m,9930,51,0,16.76,1,15.9,15.47,1,28.8,0.9,16.74,16.3,0.2,-18.7,--
49,c,10,53,18.2,+,67,26,54.3,10.1,7.9,Im,12,m,9926,60,0,17.67,1,13.7,16.24,1,23.8,1.06,17.58,17.18,0.2,-17.8,--
49,d,10,53,14.95,+,67,26,42.9,10.2,6.7,E5,0,m,10010,72,0,17.33,1,11.8,16.0,1,22.2,0.97,17.28,16.99,0.2,-18.0,--
50,a,11,14,14.37,+,55,11,23.2,5.9,5.8,E0,0,--,41870,118,0,19.08,1,9.2,16.2,1,23.1,2.17,18.7,18.4,0.5,-19.8,--
50,b,11,14,16.31,+,55,11,25.0,8.2,4.4,SB0,1,--,41170,111,0,19.15,1,9.0,16.46,1,19.6,2.14,18.9,18.5,0.7,-19.6,--
50,c,11,14,12.11,+,55,11,37.3,4.5,4.1,S0,1,--,41398,62,0,19.92,1,7.1,17.19,1,15.7,2.14,19.6,19.3,0.5,-18.9,--
50,d,11,14,14.53,+,55,11,46.8,7.3,4.1,S0,1,--,42546,62,0,19.83,1,7.1,17.02,1,15.8,2.25,19.5,19.2,0.7,-19.0,--
50,e,11,14,16.93,+,55,11,34.6,4.3,2.9,S0,1,--,41650,62,0,20.32,1,5.4,17.64,1,12.0,2.13,20.0,19.7,0.7,-18.5,--
51,a,11,19,47.57,+,24,34,23.1,40.0,37.0,E1,0,--,7696,34,0,14.49,1,58.5,12.68,1,79.0,1.68,14.08,13.89,0.2,-20.5,N3651 U6388
51,b,11,19,35.51,+,24,34,25.1,28.8,16.1,SBbc,6,--,8183,62,0,15.69,0,26.1,13.78,0,49.1,1.51,15.67,15.28,0.1,-19.3,--
51,c,11,19,51.42,+,24,33,12.2,34.4,22.9,S0,1,--,8902,20,0,14.76,1,52.4,12.3,1,102.8,1.67,14.43,14.17,0.2,-20.6,N3653
51,d,11,19,51.9,+,24,34,25.8,16.4,14.9,Sa,3,--,7529,35,0,15.81,1,30.3,12.97,1,74.1,1.47,15.4,15.18,0.2,-19.2,--
51,e,11,19,34.58,+,24,35,27.4,20.3,16.5,E2,0,m,7700,23,0,15.41,0,40.7,13.87,0,41.2,1.55,15.0,14.81,0.2,-19.6,--
51,f,11,19,47.72,+,24,34,4.4,17.0,8.5,S0,1,--,7532,30,0,15.4,1,43.9,13.67,1,65.8,1.56,15.1,14.79,0.2,-19.6,--
51,g,11,19,49.49,+,24,34,9.6,7.0,5.7,cI,13,--,--,--,--,16.34,1,19.7,15.03,1,22.5,1.27,15.92,15.73,0.2,-18.7,--
52,a,11,23,41.32,+,21,22,16.2,24.9,14.3,SBab,4,--,12979,38,0,15.54,0,38.9,13.88,0,47.9,1.57,15.28,14.9,0.1,--,--
52,b,11,23,38.86,+,21,22,54.9,21.0,4.7,Sc,7,--,13040,73,0,16.83,0,21.2,15.24,0,25.3,1.53,16.37,15.66,0.2,--,--
52,c,11,23,41.59,+,21,19,47.4,23.8,7.9,Scd,8,--,12630,61,0,16.68,0,23.7,15.41,0,28.9,1.17,16.26,15.69,0.2,--,--
52,d,11,23,38.68,+,21,21,47.3,8.2,6.1,Sdm,10,--,6293,65,0,17.7,0,15.6,16.68,0,17.3,0.97,17.05,16.76,0.2,--,--
53,a,11,26,13.01,+,21,4,15.3,69.6,23.4,SBbc,6,--,6261,31,0,13.87,0,75.3,12.52,0,86.3,1.3,13.48,12.91,0.2,--,N3697 U6479
53,b,11,26,22.67,+,21,0,54.2,24.5,14.3,S0,1,m,6166,81,0,15.11,1,35.2,13.44,1,46.9,1.57,15.01,14.73,0.2,--,--
53,c,11,26,21.21,+,21,1,32.3,19.5,12.0,SBd,9,m,6060,50,0,15.26,1,37.9,14.22,1,43.6,1.0,15.17,14.81,0.2,--,Mk1296
53,d,11,26,37.44,+,21,2,57.3,14.8,8.2,Sc,7,--,9070,174,2,16.78,0,21.5,15.44,0,26.6,1.22,16.66,16.27,0.1,--,--
54,a,11,26,37.92,+,20,51,33.2,11.6,11.6,Sdm,10,m,1397,46,0,14.16,1,44.9,13.94,1,63.2,0.88,14.05,13.86,0.2,--,I700 U6487
54,b,11,26,36.8,+,20,51,25.7,5.7,3.9,Im,12,m,1412,33,0,16.38,1,22.7,15.55,1,28.7,0.7,16.43,16.08,0.2,--,--
54,c,11,26,39.01,+,20,51,43.6,4.8,4.4,Im,12,m,1420,35,0,17.05,1,20.5,16.24,1,26.1,0.65,17.0,16.8,0.7,--,--
54,d,11,26,39.25,+,20,51,51.3,5.4,2.5,Im,12,--,1670,50,0,18.26,1,11.9,17.85,1,13.1,0.53,18.54,18.02,0.2,--,--
55,a,11,29,8.44,+,71,5,29.4,13.2,12.9,E0,0,--,15820,100,0,16.25,1,23.1,14.36,1,38.8,1.67,15.71,15.43,0.2,-20.6,U6514
55,b,11,29,6.99,+,71,4,57.4,7.9,7.0,S0,1,--,15690,100,0,16.88,1,15.9,15.0,1,26.1,1.68,16.37,16.06,0.2,-20.0,U6514
55,c,11,29,7.19,+,71,5,13.4,17.2,11.3,E3,0,m,15480,100,0,17.43,1,18.8,15.31,1,32.8,1.83,16.88,16.6,0.2,-19.4,U6514
55,d,11,29,8.38,+,71,5,50.8,8.2,6.6,E2,0,--,16070,100,0,17.63,1,12.6,15.62,1,20.5,1.81,17.09,16.81,0.2,-19.2,U6514
55,e,11,29,9.09,+,71,5,41.5,6.6,5.0,Sc,7,--,36880,100,0,18.03,1,15.3,16.52,1,18.7,1.35,17.44,17.06,0.2,--,U6514
56,a,11,30,1.85,+,53,13,1.5,27.9,7.0,Sc,7,m,8245,35,0,16.36,0,24.3,14.81,0,27.1,1.51,15.96,15.24,0.2,-19.4,Mk176
56,b,11,29,55.61,+,53,13,36.0,17.1,10.4,SB0,1,m,7919,38,0,15.0,1,33.6,13.52,1,41.2,1.43,14.83,14.5,0.2,-20.0,U6257
56,c,11,29,51.83,+,53,13,25.4,18.4,14.0,S0,1,m,8110,28,0,15.87,1,23.7,14.27,1,30.7,1.52,15.66,15.37,0.2,-19.2,U6257
56,d,11,29,50.42,+,53,13,24.2,12.5,7.9,S0,1,m,8346,56,0,17.01,1,18.7,15.32,1,24.4,1.62,16.84,16.52,0.2,-18.1,U6257
56,e,11,29,47.85,+,53,12,55.3,12.5,9.5,S0,1,m,7924,63,0,16.54,0,20.3,15.19,0,29.3,1.2,16.52,16.23,0.1,-18.3,--
57,a,11,35,17.26,+,22,15,27.9,51.5,19.1,Sb,5,m,8727,31,0,14.66,1,56.6,12.74,1,81.1,1.73,14.52,13.99,0.2,-20.7,N3753 U6602a
57,b,11,35,7.13,+,22,17,10.4,30.0,18.9,SBb,5,m,9022,20,0,15.15,0,43.5,13.45,0,53.7,1.55,14.67,14.32,0.2,-20.5,N3746 U6597
57,c,11,35,15.23,+,22,15,2.7,27.4,21.0,E3,0,m,9081,36,0,15.23,1,35.1,13.52,1,49.1,1.57,14.82,14.63,0.2,-20.2,N3750
57,d,11,35,18.6,+,22,15,45.2,17.3,15.5,SBc,7,m,8977,41,0,15.2,1,44.3,14.06,1,47.4,1.26,14.74,14.51,0.2,-20.3,N3754
57,e,11,35,12.63,+,22,18,9.6,18.0,9.1,S0a,2,m,8992,105,0,15.91,0,43.5,14.1,0,36.5,1.71,15.76,15.37,0.1,-19.4,N3748
57,f,11,35,17.57,+,22,12,46.8,20.8,12.0,E4,0,m,9594,105,0,15.23,0,48.0,14.07,0,53.8,1.07,15.41,15.22,0.1,-19.7,N3751
57,g,11,35,8.06,+,22,17,51.8,13.4,7.9,SB0,1,m,9416,105,0,16.35,0,16.4,14.56,0,14.6,1.65,16.12,15.84,0.1,-19.0,N3745
57,h,11,35,14.16,+,22,17,19.6,10.0,8.5,SBb,5,--,--,--,--,17.38,0,16.7,15.75,0,20.6,1.53,16.99,16.75,0.1,-18.1,--
58,a,11,39,36.31,+,10,33,18.4,36.7,24.0,Sb,5,m,6138,20,0,14.28,3,58.2,12.97,3,55.7,1.31,13.89,13.56,0.2,-20.4,N3822 U6661
58,b,11,39,48.82,+,10,32,29.9,40.1,32.3,SBab,4,--,6503,17,0,14.1,3,74.6,12.52,3,76.1,1.57,13.66,13.4,0.2,-20.7,N3825 U6668
58,c,11,39,18.38,+,10,34,53.3,30.6,22.4,SB0a,2,m,6103,19,0,14.51,3,55.3,13.24,3,55.0,1.27,14.11,13.83,0.2,-20.1,N3817 U6657
58,d,11,39,31.13,+,10,37,41.8,28.4,25.0,E1,0,m,6270,27,0,15.14,3,43.1,13.62,3,48.8,1.48,14.67,14.49,0.2,-19.5,N3819
58,e,11,39,30.06,+,10,39,40.6,23.2,14.1,Sbc,6,m,6052,33,0,15.59,3,32.5,14.33,3,37.4,1.2,15.21,14.86,0.2,-19.1,N3820
59,a,11,45,52.91,+,13,0,19.0,17.7,16.3,Sa,3,m,4109,31,0,14.96,0,38.1,13.48,0,53.4,1.38,14.73,14.52,0.1,-18.6,I736
59,b,11,45,45.55,+,12,59,38.7,15.0,14.4,E0,0,m,3908,58,0,15.92,1,29.1,14.22,1,42.2,1.55,15.38,15.2,0.2,-17.8,--
59,c,11,45,57.88,+,12,58,59.5,24.7,7.0,Sc,7,--,4347,38,0,16.04,1,32.8,15.05,1,32.6,1.03,15.0,14.4,0.5,-18.8,--
59,d,11,45,56.12,+,13,0,27.9,17.7,11.5,Im,12,m,3866,36,0,16.29,1,28.0,15.21,1,38.5,0.77,16.17,15.8,0.2,-17.3,1737
59,e,11,45,44.88,+,13,2,7.1,12.8,6.3,Scd,8,--,23700,240,0,17.76,1,16.8,16.06,0,20.8,1.58,17.0,16.6,0.5,--,--
60,a,12,0,34.23,+,51,57,12.3,17.3,13.4,E2,0,--,19007,46,0,16.08,0,31.6,14.14,1,45.5,1.76,15.27,15.04,0.2,-21.4,--
60,b,12,0,23.76,+,51,58,24.5,11.3,7.0,E4,0,m,18318,90,1,17.24,0,18.9,15.37,0,26.7,1.69,16.2,16.0,0.5,-20.4,--
60,c,12,0,34.0,+,51,57,48.9,11.1,7.8,SBc,7,--,19277,180,0,17.39,1,19.9,15.63,1,27.4,1.6,16.51,16.16,0.2,-20.4,--
60,d,12,0,36.85,+,51,57,22.8,9.4,6.7,S0,1,--,18300,154,1,17.2,1,19.5,15.41,1,26.8,1.61,16.45,16.16,0.2,-20.2,--
61,a,12,9,46.6,+,29,27,28.2,54.3,33.7,S0a,2,m,3784,18,0,13.2,0,89.7,11.67,0,101.1,1.5,13.15,12.82,0.1,--,N4169 U7202
61,b,12,9,48.31,+,29,29,23.4,103.7,27.1,Im,12,--,1127,20,0,13.73,1,91.3,12.81,1,98.8,0.94,13.36,12.59,0.2,--,N4173 U7204
61,c,12,9,59.03,+,29,26,47.6,51.8,15.5,Sbc,6,m,3956,20,0,14.31,0,57.4,12.71,0,68.0,1.56,14.14,13.53,0.1,--,N4175 U7211
61,d,12,9,54.84,+,29,25,37.7,25.6,13.7,S0,1,m,3980,30,0,14.48,0,38.7,13.05,0,45.6,1.4,14.42,14.12,0.1,--,N4174 Mk761 U7206
62,a,12,50,29.7,-,8,55,59.7,52.3,34.3,E3,0,m,4355,38,0,13.79,1,59.9,11.25,1,129.3,2.0,13.58,13.36,0.2,-19.8,--
62,b,12,50,28.32,-,8,55,39.2,44.2,33.3,S0,1,--,3651,41,0,14.21,1,42.9,12.04,1,99.9,1.71,14.03,13.76,0.2,-19.1,--
62,c,12,50,33.8,-,8,55,36.4,24.6,12.3,S0,1,m,4359,37,0,15.0,1,40.2,13.59,1,31.9,1.45,14.91,14.57,0.2,-18.6,--
62,d,12,50,30.62,-,8,59,12.4,19.9,16.8,E2,0,--,4123,76,0,16.3,0,19.7,14.11,0,52.8,1.71,16.03,15.81,0.1,-17.3,--
63,a,12,59,32.64,-,32,29,37.3,33.0,7.9,SBbc,6,--,5228,29,0,15.03,3,44.4,13.49,3,57.8,1.43,14.8,13.97,0.2,--,--
63,b,12,59,22.33,-,32,31,7.6,41.7,22.3,SBc,7,m,9346,29,0,14.47,3,60.4,14.07,3,59.5,0.41,13.82,13.27,0.2,--,--
63,c,12,59,28.14,-,32,29,55.0,16.6,14.9,SBc,7,--,9460,112,0,15.66,3,34.8,14.54,3,36.6,1.1,15.27,14.9,0.2,--,--
63,d,12,59,19.57,-,32,30,23.4,8.9,6.6,Sc,7,m,9141,133,0,17.51,3,15.3,16.44,3,20.7,0.83,17.23,16.79,0.2,--,--
64,a,13,23,9.87,-,3,36,15.2,39.9,13.4,SBc,7,m,10596,46,0,15.58,1,41.2,13.89,1,90.8,1.48,15.3,14.7,0.5,--,--
64,b,13,23,7.61,-,3,35,35.3,26.9,15.3,Scd,8,m,10723,32,0,16.74,1,20.6,15.06,1,71.3,1.42,16.25,15.84,0.2,--,--
64,c,13,23,4.24,-,3,33,17.4,20.7,17.1,Sd,0,--,6147,76,0,15.6,5,16.0,15.1,5,85.0,0.8,14.9,14.7,0.5,--,--
64,d,13,23,6.78,-,3,35,24.6,6.2,4.1,S0,1,--,11100,89,0,17.98,1,11.8,16.36,1,65.1,1.42,17.48,17.19,0.2,--,--
65,a,13,27,2.96,-,29,15,24.4,37.0,26.8,E3,0,m,14105,44,0,14.67,0,57.7,12.88,1,77.2,1.59,14.03,13.71,0.1,-22.1,--
65,b,13,27,6.93,-,29,14,21.9,27.4,11.9,S0,1,--,14700,55,1,15.49,1,42.2,14.16,1,47.8,1.63,15.01,14.54,0.2,-21.3,--
65,c,13,27,5.38,-,29,14,2.5,19.0,14.8,E2,0,m,14243,46,0,15.79,1,34.8,13.7,1,58.0,1.66,15.15,14.83,0.2,-20.9,--
65,d,13,27,4.19,-,29,15,18.7,10.0,7.0,E3,0,m,13733,27,0,15.94,1,34.9,13.93,1,48.4,1.77,15.26,14.94,0.2,-20.8,--
65,e,13,27,7.51,-,29,14,1.1,4.5,4.5,E0,0,m,14405,107,0,17.01,1,23.4,15.66,1,27.2,1.43,15.37,15.05,0.2,-20.8,--
66,a,13,36,48.38,+,57,33,56.2,13.4,11.6,E1,0,--,20688,36,0,16.15,1,26.6,14.15,1,43.9,1.78,15.58,15.38,0.2,-21.2,--
66,b,13,36,50.55,+,57,33,56.6,12.8,5.9,S0,1,--,21472,64,0,17.27,1,18.5,15.39,1,28.9,1.68,16.84,16.5,0.2,-20.2,--
66,c,13,36,45.16,+,57,33,41.6,9.6,4.7,S0,1,--,20801,74,0,17.16,1,15.8,15.32,1,24.4,1.67,16.72,16.39,0.2,-20.2,--
66,d,13,36,44.48,+,57,33,27.7,5.0,4.2,E2,0,--,20850,76,0,18.22,1,10.5,16.26,1,16.8,1.76,17.65,17.45,0.2,-19.2,--
67,a,13,46,33.78,-,6,58,33.8,58.8,54.4,E1,0,m,7262,26,0,13.43,1,86.9,11.73,1,115.5,1.59,12.97,12.74,0.2,-21.6,--
67,b,13,46,21.99,-,6,56,50.7,68.4,12.3,Sc,7,m,7644,45,0,15.26,0,48.1,14.64,0,42.2,1.75,14.71,13.89,0.2,-20.5,--
67,c,13,46,34.98,-,6,57,40.8,19.9,14.4,Scd,8,m,7430,45,0,15.83,1,38.7,14.21,1,39.9,1.3,15.4,15.06,0.2,-19.3,--
67,d,13,46,32.25,-,6,59,1.0,16.5,9.8,S0,1,m,7071,43,0,15.94,1,30.2,13.28,1,72.6,1.6,15.57,15.25,0.2,-19.0,--
68,a,13,51,19.59,+,40,31,42.5,77.4,59.9,S0,1,m,2162,27,0,12.04,1,112.3,10.19,1,197.3,1.63,12.08,11.84,0.08,-19.8,N5353 U8813
68,b,13,51,19.7,+,40,32,52.8,86.4,71.1,E2,0,m,2635,23,0,12.52,1,114.3,10.56,1,234.1,1.63,12.44,12.24,0.06,-19.9,N5354 U8814
68,c,13,51,14.81,+,40,36,32.0,76.7,61.9,SBbc,6,m,2313,38,0,12.11,2,134.3,10.9,2,166.4,1.1,12.2,11.93,0.2,-19.9,N5350 Mk1485 U8810
68,d,13,51,38.79,+,40,35,0.5,31.1,21.8,E3,0,m,2408,29,0,14.27,0,52.8,12.97,0,54.4,1.3,13.93,13.73,0.1,-18.2,N5355 U8819
68,e,13,51,52.87,+,40,31,6.8,35.2,15.5,S0,1,--,2401,27,0,14.74,0,43.7,13.27,0,56.4,1.4,14.56,14.22,0.1,-17.7,N5358 U8826
69,a,13,53,11.13,+,25,19,5.8,47.5,11.1,Sc,7,m,8856,48,0,15.93,1,39.4,14.19,1,53.7,1.57,15.66,14.94,0.2,-19.8,U8842
69,b,13,53,15.68,+,25,17,38.2,14.8,11.3,SBb,5,m,8707,36,0,16.09,0,23.8,14.52,0,31.1,1.49,15.9,15.59,0.1,-19.1,--
69,c,13,53,13.9,+,25,19,7.2,13.4,11.0,S0,1,--,8546,44,0,15.93,1,25.0,14.36,1,32.1,1.45,15.19,14.94,0.2,-19.7,U8842
69,d,13,53,9.62,+,25,19,4.7,10.8,7.0,SB0,1,--,9149,55,0,17.04,1,18.1,15.4,1,24.1,1.51,16.35,16.06,0.2,-18.8,U8842
70,a,14,1,59.15,+,33,34,34.3,35.0,7.0,S0a,2,--,8238,25,0,15.3,1,30.3,13.66,1,37.6,1.6,15.21,14.5,0.2,--,I4371 U8990
70,b,14,1,59.88,+,33,32,47.2,22.7,15.5,SBa,3,--,8198,47,0,15.26,0,35.5,13.71,0,42.4,1.51,15.1,14.75,0.1,--,I4369
70,c,14,2,9.55,+,33,33,36.2,25.6,7.3,Sbc,6,--,8079,48,0,16.17,0,26.5,14.85,0,30.5,1.27,15.69,15.03,0.2,--,--
70,d,14,1,59.0,+,33,35,3.9,11.1,9.1,Sc,7,--,18846,49,0,16.24,1,23.2,14.81,1,27.6,1.38,15.71,15.42,0.2,-21.0,I4370
70,e,14,1,54.87,+,33,33,33.7,12.8,11.9,Sbc,6,--,19117,55,0,16.32,0,24.1,15.06,0,26.4,1.24,16.16,15.91,0.1,-20.5,--
70,f,14,1,53.34,+,33,34,3.7,7.9,6.4,SBb,5,--,19243,130,0,17.25,0,17.4,16.36,0,18.2,0.88,16.69,16.4,0.2,-20.0,--
70,g,14,1,49.07,+,33,34,13.4,7.2,6.4,Sa,3,--,19010,90,0,16.43,0,16.7,14.93,0,24.3,1.39,16.65,16.39,0.1,-20.0,--
71,a,14,8,40.48,+,25,43,53.7,31.5,25.8,SBc,7,--,9320,17,0,14.57,0,53.4,13.28,0,57.9,1.27,14.05,13.75,0.2,--,I4381 U9073
71,b,14,8,45.98,+,25,45,16.1,18.1,5.4,Sb,5,m,9335,65,0,15.56,0,22.6,14.21,0,25.8,1.33,15.55,14.9,0.1,--,14382
71,c,14,8,48.59,+,25,43,2.5,13.7,9.9,SBc,7,--,8450,76,1,16.43,0,25.2,15.44,0,26.0,0.97,15.9,15.56,0.1,--,--
71,d,14,8,51.7,+,25,41,32.9,7.9,5.4,S0,1,--,20590,103,1,17.18,0,14.9,15.41,0,20.0,1.69,17.22,16.92,0.1,--,--
72,a,14,45,35.17,+,19,17,4.3,15.1,6.0,Sa,3,--,12506,36,0,16.28,0,20.3,14.56,0,26.1,1.66,14.43,13.86,0.2,-21.6,--
72,b,14,45,36.56,+,19,16,4.7,15.7,6.7,S0,1,m,12356,38,0,16.14,1,27.4,14.43,1,37.7,1.57,15.88,15.48,0.2,-20.0,U9532
72,c,14,45,38.57,+,19,15,9.0,11.1,8.8,E2,0,m,13062,40,0,16.12,1,30.3,14.44,1,40.6,1.54,15.72,15.47,0.2,-20.1,--
72,d,14,45,37.48,+,19,15,52.3,12.0,7.4,SB0,1,m,12558,45,0,16.3,1,26.6,14.32,1,37.2,1.86,15.98,15.64,0.2,-19.9,--
72,e,14,45,36.96,+,19,15,32.1,7.4,7.4,Scd,8,--,24050,288,1,18.56,1,13.6,17.2,1,16.1,1.19,18.0,17.8,0.5,--,--
72,f,14,45,36.71,+,19,15,19.0,9.1,6.0,S0,1,--,13950,103,0,18.59,1,10.6,17.03,1,13.5,1.41,18.25,17.93,0.2,--,--
73,a,15,0,29.05,+,23,31,40.5,41.5,30.8,Scd,8,--,5728,43,0,14.14,0,76.3,12.93,0,89.2,1.13,13.68,13.3,0.1,--,N5829 U9673
73,b,15,0,25.26,+,23,32,39.7,11.4,8.7,Im,12,m,13600,107,0,17.02,0,22.7,14.59,0,40.1,2.11,16.61,16.22,0.1,--,--
73,c,15,0,36.95,+,23,33,13.5,7.2,5.9,S0,1,--,13300,75,0,17.0,0,16.2,15.1,0,26.7,1.7,16.94,16.63,0.1,--,--
73,d,15,0,18.65,+,23,33,50.1,9.4,3.0,Sb,5,--,13480,103,0,18.66,0,9.9,16.13,0,16.9,2.25,18.22,17.55,0.1,--,--
73,e,15,0,18.29,+,23,31,20.0,9.1,5.4,Sd,9,--,28500,109,1,17.92,0,12.2,16.65,0,14.1,1.2,17.52,17.07,0.2,--,--
74,a,15,17,10.7,+,21,4,34.1,24.7,23.0,E1,0,m,12255,30,0,14.96,1,48.1,12.75,1,88.1,1.9,14.35,14.06,0.2,-21.4,--
74,b,15,17,10.16,+,21,4,13.4,18.5,12.9,E3,0,--,12110,43,0,15.97,1,28.2,13.79,1,51.0,1.88,15.36,15.07,0.2,-20.4,--
74,c,15,17,11.97,+,21,4,46.3,13.5,9.0,S0,1,--,12266,43,0,17.0,1,17.9,14.89,1,32.1,1.83,16.46,16.1,0.2,-19.4,--
74,d,15,17,17.8,+,21,3,47.0,9.8,7.9,E2,0,--,11681,42,0,17.06,0,17.4,15.02,0,28.2,1.85,16.61,16.32,0.1,-19.0,--
74,e,15,17,13.82,+,21,5,18.5,5.9,3.8,S0,1,--,11489,97,0,18.6,0,8.4,16.54,0,15.3,1.79,18.17,17.8,0.1,--,--
75,a,15,19,16.68,+,21,22,7.0,21.9,16.0,E4,0,m,12538,42,0,15.32,1,36.9,13.49,1,50.1,1.96,15.5,15.2,0.5,-20.3,--
75,b,15,19,16.62,+,21,22,15.6,19.0,5.2,Sb,5,m,12228,43,0,17.93,1,14.8,15.36,1,26.9,1.96,15.6,14.9,0.7,-20.6,--
75,c,15,19,25.03,+,21,21,18.8,10.5,7.0,S0,1,--,12292,56,0,16.67,1,25.4,15.1,1,27.2,1.54,16.29,15.93,0.2,-19.5,--
75,d,15,19,23.46,+,21,21,35.1,9.8,5.4,Sd,9,m,12334,42,0,16.7,1,21.0,15.4,1,21.8,1.3,16.32,15.82,0.2,-19.7,--
75,e,15,19,20.32,+,21,21,26.0,12.1,5.5,Sa,3,m,12300,300,0,17.1,0,15.1,15.33,0,19.2,1.71,16.93,16.36,0.1,-19.1,--
75,f,15,19,16.09,+,21,21,49.5,6.3,5.2,S0,1,m,13080,67,1,17.33,1,13.1,15.57,1,19.0,1.76,16.99,16.66,0.2,-19.0,--
76,a,15,29,20.8,+,7,28,35.3,24.0,6.3,Sa,3,--,10054,34,0,16.01,0,24.2,14.14,0,33.7,1.79,15.84,15.08,0.1,-20.0,N5944
76,b,15,29,13.51,+,7,30,27.0,20.4,16.4,E2,0,m,10002,30,0,15.23,1,41.1,13.54,1,57.2,1.56,14.74,14.44,0.2,-20.6,--
76,c,15,29,10.12,+,7,28,51.2,21.2,20.2,E0,0,--,10663,29,0,15.63,0,37.1,13.48,0,67.0,1.86,15.03,14.73,0.1,-20.4,N5941
76,d,15,29,15.34,+,7,27,19.5,17.3,14.8,E1,0,--,10150,33,0,16.15,0,28.5,14.08,0,41.5,1.92,15.51,15.21,0.1,-19.8,N5942
76,e,15,29,23.43,+,7,28,46.9,8.2,7.4,SB0,1,--,10328,52,0,17.35,0,15.9,15.71,0,20.1,1.55,16.96,16.65,0.1,-18.4,--
76,f,15,29,12.53,+,7,30,15.0,14.2,9.6,S0,1,m,10216,90,0,17.27,1,20.2,15.71,1,27.1,1.45,16.84,16.48,0.2,-18.6,--
76,g,15,29,8.99,+,7,31,5.5,36.1,6.4,Sc,7,--,9843,81,0,17.65,0,15.7,16.06,0,19.0,1.45,17.3,16.4,0.7,-18.6,--
77,a,15,47,5.96,+,21,58,12.0,26.0,18.4,S0,1,--,10508,56,0,16.38,1,24.4,14.53,1,47.8,1.57,16.14,15.75,0.2,--,U10049
77,b,15,47,5.87,+,21,58,27.4,22.1,13.7,S0,1,--,10690,69,0,16.62,1,20.2,14.64,1,44.5,1.7,16.41,15.99,0.2,--,U10049
77,c,15,47,5.56,+,21,58,56.3,32.4,16.1,Im,12,--,2200,76,0,16.03,1,29.7,15.02,1,34.3,1.06,15.79,15.15,0.2,--,U10049
77,d,15,47,6.13,+,21,58,45.8,11.2,7.7,Im,12,--,2250,63,0,17.42,1,14.5,16.58,1,17.8,0.51,17.04,16.54,0.2,--,U10049
78,a,15,48,4.69,+,68,22,19.2,41.6,18.5,SBb,5,--,8599,31,0,15.01,0,51.1,12.49,0,64.4,1.42,14.87,14.35,0.2,--,U10057
78,b,15,47,55.63,+,68,21,29.6,23.0,7.2,S0,1,--,9544,30,0,15.12,0,25.2,13.66,0,34.7,1.41,15.05,14.61,0.1,--,--
78,c,15,48,29.43,+,68,20,41.5,15.3,4.2,S0,1,--,18200,281,1,18.25,0,15.4,15.73,0,24.1,2.18,18.06,17.59,0.2,--,--
78,d,15,48,20.52,+,68,23,15.8,14.6,9.3,Sm,11,--,10000,187,1,17.23,0,20.7,16.13,0,24.2,0.98,16.61,16.19,0.1,--,--
79,a,15,56,59.59,+,20,53,43.2,50.2,48.6,E0,0,m,4292,35,0,15.12,1,44.7,13.46,1,50.5,1.6,14.7,14.35,0.2,-18.8,N6027 U10116
79,b,15,57,0.8,+,20,54,15.4,60.5,44.1,S0,1,m,4446,25,0,14.55,1,43.0,13.07,1,46.9,1.44,14.19,13.78,0.2,-19.3,N6027 U10116
79,c,15,56,59.14,+,20,54,9.8,40.3,26.1,S0,1,m,4146,50,0,15.48,1,33.8,14.21,1,35.7,1.27,15.15,14.72,0.2,-18.5,N6027 U10116
79,d,15,57,0.18,+,20,53,15.5,28.1,12.3,Sdm,10,m,4503,43,0,16.89,1,23.5,16.74,1,16.1,0.85,16.51,15.87,0.2,-17.4,N6027 U10116
79,e,15,57,1.31,+,20,54,1.5,11.1,8.6,Scd,8,--,19809,50,0,16.61,1,25.1,15.31,1,26.5,1.32,16.31,15.87,0.2,--,N6027 U10116
80,a,15,58,50.69,+,65,22,21.7,25.4,5.4,Sd,9,m,8963,45,0,15.66,0,25.4,14.25,0,29.8,1.38,15.54,14.76,0.1,-20.0,--
80,b,15,58,53.14,+,65,21,46.8,10.2,8.7,Sa,3,--,9584,39,0,16.52,0,22.4,14.97,0,26.9,1.49,16.21,15.92,0.1,-19.0,--
80,c,15,58,38.98,+,65,22,25.8,9.8,8.2,Im,12,m,9550,37,0,16.23,0,21.0,15.24,0,26.6,0.89,16.15,15.83,0.1,-19.1,--
80,d,15,58,43.66,+,65,21,44.0,13.6,5.4,Im,12,--,9108,54,0,17.01,0,19.6,16.19,0,19.1,0.84,16.82,16.18,0.1,-18.6,--
81,a,16,15,53.62,+,12,55,25.4,11.9,4.6,Sc,7,--,14676,46,0,17.11,0,14.2,15.59,0,17.9,1.46,16.98,16.25,0.1,-19.6,U10319
81,b,16,15,53.99,+,12,54,35.1,11.7,5.4,S0,1,--,15150,94,0,17.11,1,15.1,15.59,1,27.5,1.85,17.04,16.51,0.2,-19.4,U10319
81,c,16,15,54.84,+,12,54,50.5,12.6,6.8,S0,1,m,15050,96,0,17.78,1,14.1,15.63,1,24.6,1.89,17.68,17.18,0.2,-18.7,U10319
81,d,16,15,54.54,+,12,54,59.3,7.8,6.9,S0a,2,m,14954,91,0,17.74,1,12.5,15.61,1,22.8,1.87,17.57,17.14,0.2,-18.8,U10319
82,a,16,26,28.51,+,32,57,31.0,24.8,16.9,E3,0,m,11177,30,0,14.94,0,47.7,12.83,0,96.1,1.71,14.51,14.14,0.1,-21.1,N6162 U10403
82,b,16,26,34.1,+,32,57,18.5,24.8,14.7,SBa,3,m,10447,37,0,15.41,0,40.3,13.66,0,49.9,1.67,15.18,14.62,0.1,-20.5,N6163
82,c,16,26,26.6,+,32,55,13.0,24.5,8.5,Im,12,m,10095,38,0,15.74,0,32.9,14.53,0,34.0,1.21,15.61,14.78,0.1,-20.3,N6161
82,d,16,26,22.92,+,32,55,21.6,14.7,5.7,S0a,1,--,11685,46,0,16.72,0,17.1,15.15,0,19.6,1.55,16.61,15.95,0.1,-19.4,--
83,a,16,33,9.41,+,6,22,1.0,7.9,7.9,E0,0,--,15560,60,0,16.83,0,16.9,14.9,0,27.8,1.76,16.45,15.99,0.1,-20.0,--
83,b,16,33,13.35,+,6,21,50.0,8.9,7.0,E2,0,--,16442,69,0,17.04,1,18.1,15.07,1,28.9,1.75,16.5,16.04,0.2,-20.1,--
83,c,16,33,16.31,+,6,22,49.7,7.8,4.2,Scd,8,--,16520,133,0,17.52,0,13.0,16.29,0,15.5,1.16,17.37,16.7,0.1,-19.4,--
83,d,16,33,14.19,+,6,21,37.9,3.7,3.0,Sd,9,--,15500,133,1,19.09,1,7.6,18.05,1,8.3,1.04,18.44,17.91,0.2,-18.1,--
83,e,16,33,11.25,+,6,22,29.4,2.9,2.5,S0,1,--,15560,160,2,19.44,0,6.6,17.51,0,10.5,1.69,18.9,18.4,0.5,-17.6,--
84,a,16,46,43.95,+,77,55,38.8,17.8,14.7,E2,0,m,16654,61,0,15.77,1,32.7,13.99,1,46.1,1.64,14.96,14.66,0.2,-21.5,--
84,b,16,46,35.59,+,77,56,50.7,14.4,6.4,S0,1,--,16554,73,0,16.86,0,17.6,14.97,0,25.7,1.77,16.54,16.1,0.1,-20.0,--
84,c,16,46,51.36,+,77,55,7.8,14.9,7.4,Sa,3,--,16353,71,0,16.82,1,21.7,15.09,1,29.8,1.6,16.21,15.67,0.2,-20.4,--
84,d,16,46,23.83,+,77,56,44.4,8.2,4.6,S0,1,--,16800,92,0,17.54,0,12.8,15.89,0,15.6,1.66,17.2,16.8,0.1,-19.4,--
84,e,16,46,48.57,+,77,55,36.2,4.6,4.6,E0,0,--,16950,81,0,18.0,1,13.8,16.28,1,18.3,1.62,17.19,16.89,0.2,-19.3,--
84,f,16,46,10.16,+,77,56,16.3,6.1,6.1,E0,0,--,32500,100,0,18.42,0,12.4,16.23,0,20.7,1.9,17.22,16.92,0.2,--,--
85,a,18,51,21.97,+,73,17,23.1,16.0,14.7,E1,0,m,11155,38,0,15.77,1,28.7,13.73,1,51.0,1.82,15.47,15.12,0.2,--,--
85,b,18,51,29.97,+,73,17,0.7,13.1,12.3,E1,0,--,12122,36,0,16.26,1,23.7,14.24,1,40.0,1.82,15.97,15.62,0.2,--,--
85,c,18,51,33.22,+,73,17,45.8,9.0,4.1,S0,1,--,11912,47,0,17.65,0,10.3,15.69,0,15.8,1.85,17.47,16.98,0.1,--,--
85,d,18,51,39.84,+,73,17,14.6,6.7,6.4,E0,0,--,11900,96,0,18.12,0,11.8,16.08,0,21.6,1.72,17.36,17.01,0.1,--,--
86,a,19,48,59.87,-,30,57,10.7,25.4,20.3,E2,0,m,6174,39,0,14.63,0,49.4,12.23,0,122.6,1.92,14.3,13.68,0.1,--,--
86,b,19,48,50.03,-,30,56,42.8,22.1,16.6,E2,0,m,6196,45,0,15.13,0,39.0,13.0,0,68.3,1.92,14.8,14.18,0.1,--,--
86,c,19,48,48.25,-,30,59,9.3,17.2,13.3,SB0,1,--,5529,42,0,16.08,0,29.0,13.64,0,48.9,2.2,15.72,15.06,0.1,--,--
86,d,19,48,42.94,-,30,56,15.3,18.7,9.6,S0,1,--,5916,50,0,15.85,0,23.9,14.19,0,35.7,1.66,15.75,15.02,0.1,--,--
87,a,20,45,23.03,-,20,2,5.3,39.8,9.1,Sbc,6,m,8694,35,0,15.41,0,39.7,13.29,0,62.5,1.86,14.95,13.97,0.2,-20.7,--
87,b,20,45,19.03,-,20,2,29.8,17.5,14.1,S0,1,m,8972,65,1,15.6,0,34.3,13.8,0,48.5,1.6,15.6,15.1,0.1,-19.7,--
87,c,20,45,20.15,-,20,1,2.1,21.4,9.1,Sd,9,--,8920,133,1,16.23,0,29.5,14.88,0,34.0,1.28,15.78,15.02,0.1,-19.8,--
87,d,20,45,21.05,-,20,1,53.9,7.8,5.8,Sd,9,--,10200,160,1,17.83,0,13.0,16.34,0,16.4,1.39,17.46,16.89,0.2,-18.2,--
88,a,20,49,56.55,-,5,53,59.7,45.1,20.2,Sb,5,m,6033,25,0,14.22,0,57.3,12.57,0,75.9,1.56,14.02,13.18,0.1,-20.7,N6978
88,b,20,49,50.95,-,5,56,8.5,34.0,26.5,SBb,5,m,6010,22,0,14.28,0,62.2,12.69,0,75.5,1.51,13.88,13.24,0.1,-20.7,N6977
88,c,20,49,47.18,-,5,57,40.8,27.6,21.0,Sc,7,--,6083,26,0,14.95,0,56.1,13.96,0,58.1,0.99,14.52,13.87,0.1,-20.1,N6976
88,d,20,49,33.93,-,5,59,12.7,32.7,8.5,Sc,7,m,6032,59,0,15.96,0,30.6,14.6,0,34.4,1.31,15.52,14.49,0.2,-19.4,N6975
89,a,21,17,24.26,-,4,8,4.4,29.1,16.1,Sc,7,--,8850,61,0,15.5,0,40.9,14.27,0,46.1,1.16,14.8,14.1,0.5,-20.6,--
89,b,21,17,42.47,-,4,6,31.8,20.9,10.2,SBc,7,m,8985,45,0,16.22,0,28.5,15.18,0,30.5,1.01,15.59,14.88,0.2,-19.9,--
89,c,21,17,31.59,-,4,7,48.7,14.4,8.6,Scd,8,--,8872,40,0,16.55,0,24.4,15.39,0,27.0,1.11,16.16,15.52,0.1,-19.2,--
89,d,21,17,31.21,-,4,7,14.6,8.1,5.1,Sm,11,--,8857,32,0,17.16,0,14.9,16.32,0,16.6,0.8,16.92,16.27,0.1,-18.5,--
90,a,21,59,7.58,-,32,6,41.9,71.8,43.2,Sa,3,m,2575,28,0,13.13,0,95.1,11.48,0,112.0,1.6,12.84,12.36,0.07,-19.7,N7172
90,b,21,59,14.08,-,32,13,56.1,39.9,36.4,E0,0,--,2525,29,0,12.66,1,86.9,10.89,1,135.7,1.64,12.88,12.57,0.13,-19.5,N7176
90,c,21,59,8.78,-,32,12,57.7,36.6,30.4,E0,0,m,2696,24,0,14.03,1,47.2,11.25,1,173.5,2.23,13.04,12.73,0.06,-19.3,N7173
90,d,21,59,11.6,-,32,14,8.8,69.3,26.3,Im,12,m,2778,29,0,14.37,1,55.0,12.13,1,98.8,1.83,13.54,12.81,0.15,-19.4,N7174
91,a,22,6,17.17,-,28,3,19.9,43.2,35.0,SBc,7,m,6832,40,0,13.57,1,77.2,12.43,1,94.9,1.09,13.0,12.62,0.13,-21.6,N7214
91,b,22,6,26.02,-,27,58,37.6,28.0,5.1,Sc,7,m,7196,66,0,15.8,0,27.2,14.34,0,31.3,1.43,15.53,14.63,0.2,-19.7,--
91,c,22,6,23.7,-,28,1,41.4,23.9,16.4,Sc,7,--,7319,49,0,15.39,0,41.8,14.24,0,47.6,1.08,14.91,14.47,0.2,-19.9,--
91,d,22,6,18.12,-,28,2,47.6,13.4,10.2,SB0,1,m,7195,41,0,15.48,1,25.8,13.91,1,36.7,1.37,15.34,14.99,0.2,-19.3,--
92,a,22,33,45.95,+,33,41,20.6,69.8,44.2,Sd,9,--,786,20,0,13.47,1,84.1,12.38,1,86.4,1.09,13.28,12.53,0.09,--,N7320 U12101
92,b,22,33,41.05,+,33,42,23.7,66.6,32.9,Sbc,6,m,5774,24,0,14.06,1,70.1,12.47,1,90.0,1.43,14.01,13.18,0.13,--,N7318B U12100
92,c,22,33,46.33,+,33,42,57.4,52.8,41.5,SBc,7,m,6764,28,0,14.25,1,83.2,12.65,1,81.5,1.62,14.0,13.33,0.1,--,N7319 U12102
92,d,22,33,39.4,+,33,42,22.3,36.6,30.7,Sc,7,m,6630,23,0,14.47,1,57.8,13.13,1,68.2,1.23,14.28,13.63,0.08,--,N7318A U12099
92,e,22,33,34.71,+,33,41,7.0,22.9,21.2,E1,0,--,6599,26,0,14.93,1,50.0,12.72,1,62.5,1.16,14.6,14.01,0.08,--,N7317
93,a,23,12,46.8,+,18,41,19.2,36.2,33.4,E1,0,m,5140,31,0,13.48,0,95.9,11.85,0,104.7,1.6,12.95,12.61,0.1,-21.0,N7550 U12456
93,b,23,12,48.0,+,18,46,7.6,57.4,19.5,SBd,9,m,4672,38,0,14.13,0,64.1,12.79,0,72.2,1.3,13.9,13.18,0.1,-20.2,N7594 U12457
93,c,23,12,34.43,+,18,42,1.3,35.9,15.9,SBa,3,m,5132,33,0,14.87,0,41.4,12.92,0,68.3,1.79,14.56,13.94,0.1,-19.6,N7547 U12453
93,d,23,13,3.91,+,18,46,30.1,16.9,16.5,SB0,1,--,5173,34,0,15.85,0,27.6,13.9,0,41.3,1.83,15.61,15.27,0.1,-18.3,--
93,e,23,13,9.07,+,18,38,47.9,27.1,21.8,Sa,3,--,8881,39,0,16.02,0,30.1,13.85,0,55.0,1.87,15.82,15.4,0.1,--,--
94,a,23,14,44.0,+,18,26,4.4,25.9,23.9,E1,0,m,12040,42,0,14.66,1,63.7,12.93,1,73.3,1.67,14.25,13.91,0.2,-21.5,N7578B U12477
94,b,23,14,42.5,+,18,25,39.5,17.3,12.8,E3,0,m,11974,37,0,15.28,1,50.5,13.54,1,61.3,1.63,14.87,14.53,0.2,-20.9,N7578A U12478
94,c,23,14,50.82,+,18,27,39.7,20.1,8.6,S0,1,m,12120,52,0,16.38,0,22.4,14.43,0,32.6,1.83,16.06,15.58,0.1,-19.9,--
94,d,23,14,45.75,+,18,26,18.7,9.3,5.8,S0,1,m,13009,42,0,16.52,1,26.7,14.8,1,31.4,1.65,16.21,15.79,0.2,-19.8,--
94,e,23,14,46.0,+,18,27,12.1,14.8,3.7,Sd,9,m,12250,103,0,18.15,0,12.1,16.37,0,15.8,1.66,17.72,16.9,0.2,-18.6,--
94,f,23,14,49.1,+,18,27,57.0,7.0,5.0,S0,1,--,12920,108,0,18.16,0,11.0,16.22,0,17.2,1.76,18.18,17.78,0.1,--,--
94,g,23,14,50.51,+,18,28,32.6,5.9,3.3,S0,1,--,13200,114,0,18.57,0,8.4,16.64,0,13.1,1.76,18.4,17.96,0.1,--,--
95,a,23,16,58.17,+,9,14,2.9,26.3,19.5,E3,0,m,11888,45,0,15.23,1,37.3,13.43,1,49.1,1.7,14.71,14.42,0.2,-21.0,N7609
95,b,23,17,2.04,+,9,13,16.0,20.7,8.9,Scd,8,m,11637,48,0,16.12,0,25.1,14.63,0,29.9,1.44,15.93,15.34,0.1,-20.0,--
95,c,23,16,56.13,+,9,13,14.0,28.4,9.4,Sm,11,m,11562,40,0,16.38,1,26.3,14.66,1,37.2,1.51,15.93,15.2,0.2,-20.1,--
95,d,23,16,59.31,+,9,13,44.2,22.1,4.4,Sc,7,m,12350,97,0,17.23,0,16.9,15.37,0,22.0,1.77,17.0,16.14,0.1,-19.3,--
96,a,23,25,24.61,+,8,30,9.9,33.3,30.6,Sc,7,m,8698,25,0,14.01,1,61.6,12.64,1,73.8,1.33,13.84,13.53,0.2,-21.2,N7674 Mk533 U12608
96,b,23,25,33.75,+,8,29,34.5,18.7,14.1,E2,0,m,8616,42,0,15.04,0,39.7,13.2,0,60.7,1.68,14.77,14.49,0.1,-20.2,--
96,c,23,25,26.52,+,8,30,26.4,12.2,8.8,Sa,3,m,8753,35,0,16.1,1,19.8,14.38,1,26.1,1.61,16.09,15.69,0.2,-19.0,--
96,d,23,25,27.9,+,8,29,30.7,6.6,3.7,Im,12,m,8975,57,0,17.13,0,13.2,16.1,0,15.9,0.97,17.1,16.56,0.1,-18.2,--
97,a,23,44,49.08,-,2,34,43.9,45.9,25.0,E5,0,m,6910,25,0,14.27,1,68.9,12.75,1,115.8,1.76,14.41,14.16,0.2,-20.1,I5357
97,b,23,45,3.87,-,2,35,42.3,34.1,9.1,Sc,7,--,6940,72,0,15.86,0,30.2,14.17,0,39.7,1.57,15.54,14.83,0.1,-19.4,I5359
97,c,23,44,49.78,-,2,37,45.6,23.3,14.8,Sa,3,--,5995,35,0,15.11,0,35.5,13.51,0,48.9,1.51,14.95,14.54,0.1,-19.4,I5356
97,d,23,44,44.94,-,2,35,28.3,28.3,24.7,E1,0,--,6239,33,0,14.95,0,41.9,12.66,1,105.4,1.5,14.7,14.45,0.1,-19.5,I5351
97,e,23,44,45.87,-,2,33,32.1,11.6,9.8,S0a,2,--,6579,45,0,16.75,1,17.1,14.81,1,30.1,1.67,16.61,16.31,0.2,-17.8,--
98,a,23,51,36.36,+,0,6,16.3,45.8,22.1,SB0,1,m,7855,20,0,14.14,1,65.4,12.43,1,85.3,1.6,14.04,13.67,0.2,--,N7783A U12837a
98,b,23,51,38.49,+,0,5,54.1,21.3,15.4,S0,1,m,7959,26,0,15.16,1,33.9,13.41,1,49.8,1.58,15.99,15.69,0.2,--,N7783B U12837b
98,c,23,51,40.14,+,0,4,43.4,8.7,6.7,E2,0,--,8145,33,0,16.59,0,15.4,14.85,0,25.4,1.62,16.42,16.17,0.1,--,--
98,d,23,51,36.98,+,0,6,56.9,8.2,8.2,Sc,7,--,14950,67,0,16.94,0,15.3,15.93,0,16.4,1.0,17.46,17.21,0.1,--,--
99,a,23,58,4.56,+,28,6,23.9,34.7,15.2,Sa,3,--,8705,20,0,14.98,1,42.6,13.25,1,48.2,1.7,14.62,13.97,0.2,-20.7,U12897
99,b,23,58,13.5,+,28,7,24.7,24.8,22.1,E2,0,--,8846,30,0,15.0,1,40.0,13.05,1,64.0,1.76,14.39,14.03,0.2,-20.7,U12899
99,c,23,58,10.6,+,28,7,23.0,9.4,6.1,SB0a,2,--,8216,34,0,15.85,1,35.9,13.9,1,54.3,1.76,15.36,14.87,0.2,-19.7,--
99,d,23,58,11.69,+,28,5,35.9,21.5,13.9,S0a,2,--,8643,82,0,17.44,0,15.8,15.65,0,21.3,1.67,17.22,16.73,0.1,-18.0,--
99,e,23,58,8.92,+,28,5,27.2,11.3,8.9,S0,1,--,9007,96,0,17.84,0,11.1,16.07,0,16.0,1.65,17.68,17.28,0.1,--,--
100,a,23,58,46.33,+,12,49,57.2,33.2,19.0,Sb,5,m,5300,27,0,14.2,0,48.9,12.62,0,61.7,1.53,14.13,13.66,0.1,-20.0,N7803 U12906
100,b,23,58,52.35,+,12,50,3.8,17.3,15.7,Sm,11,m,5253,37,0,15.4,0,33.0,14.28,0,38.8,1.05,15.21,14.9,0.1,-18.7,Mk0934
100,c,23,58,39.75,+,12,51,56.1,22.1,9.6,SBc,7,m,5461,38,0,16.01,0,31.4,15.46,0,31.3,1.23,15.78,15.22,0.1,-18.5,--
100,d,23,58,41.0,+,12,50,3.3,16.0,6.1,Scd,8,m,--,--,--,16.97,0,19.3,14.67,0,40.2,1.18,16.58,15.97,0.1,-17.8,--
