LDN,RAh,RAm,DE-,DEd,DEm,GLON,GLAT,Area,Opacity,ID,Seq,Lynds2,Barn
1,16,26,-,16,0,0.18,21.82,0.054,3,49,8,452,--
2,18,4,-,31,30,0.13,-5.32,1.24,2,0,4,837,--
3,18,0,-,31,0,0.15,-4.33,5.6,2,0,6,817,--
4,16,59.5,-,22,8,0.18,11.82,0.004,5,27,7,533,--
5,17,13.2,-,24,22,0.2,7.96,0.012,4,0,9,595,--
6,17,6,-,23,10,0.23,9.99,0.052,3,25,11,544,--
7,17,25.5,-,26,15,0.22,4.6,0.036,6,0,10,657,--
8,16,43.5,-,19,10,0.3,16.59,0.084,4,44,12,482,--
9,17,7,-,23,10,0.36,9.81,0.07,3,24,14,546,--
10,17,54.6,-,30,6,0.35,-2.88,0.003,4,0,13,776,--
11,17,5.1,-,22,50,0.38,10.36,0.012,6,0,15,541,57
12,17,55,-,30,7,0.38,-2.96,0.003,4,0,16,784,--
13,17,1,-,22,6,0.42,11.55,0.012,3,26,18,536,--
14,17,22,-,25,30,0.4,5.67,0.02,4,0,17,648,260
15,17,1.4,-,22,6,0.47,11.48,0.043,6,26,19,537,51
16,17,13,-,24,0,0.48,8.2,0.12,3,0,20,589,--
17,17,5,-,22,40,0.5,10.47,0.404,3,0,22,539,246  60
18,17,6,-,22,50,0.5,10.19,0.01,4,0,23,543,--
19,17,26,-,26,0,0.49,4.64,0.642,4,0,21,661,265 264
20,17,5.5,-,22,40,0.57,10.38,0.047,4,0,24,542,--
21,17,26,-,25,54,0.57,4.7,0.023,5,0,25,660,--
22,16,44,-,18,50,0.65,16.7,0.28,3,43,26,484,--
23,17,14.2,-,23,55,0.71,8.03,0.002,5,0,28,597,--
24,17,14.5,-,23,58,0.7,7.94,0.004,5,0,27,599,--
25,17,29.4,-,26,9,0.78,3.92,0.007,6,0,29,680,--
26,18,2,-,30,30,0.79,-4.46,0.034,3,0,30,825,--
27,16,25,-,15,0,0.85,22.64,3.46,1,49,32,449,--
28,17,16,-,24,0,0.87,7.64,2.22,2,0,33,610,--
29,18,3.6,-,30,38,0.85,-4.83,0.03,3,0,31,831,--
30,17,10,-,23,0,0.91,9.34,0.215,1,24,34,573,--
31,16,47,-,19,0,0.96,16.04,0.022,6,43,35,502,--
32,17,8,-,22,35,0.98,9.96,0.111,4,0,36,551,--
33,16,38.5,-,17,20,1.05,18.65,0.312,2,46,37,476,--
34,17,45,-,28,0,1.08,0,25,3,0,38,739,--
35,17,53.3,-,29,4,1.1,-2.11,0.02,4,0,39,771,289
36,17,25.6,-,25,10,1.13,5.18,0.004,5,0,40,658,267
37,17,17,-,23,50,1.14,7.55,0.014,3,0,41,617,--
38,17,8.3,-,22,25,1.16,10,0.008,5,0,42,558,--
39,17,8.6,-,22,26,1.19,9.93,0.017,5,0,44,559,317
40,17,54,-,29,4,1.17,-2.24,0.029,4,0,43,774,--
41,18,2,-,30,0,1.23,-4.22,0.009,3,0,45,824,--
42,17,30,-,25,40,1.26,4.08,1.45,4,0,46,685,78
43,16,31.6,-,15,44,1.31,20.94,0.07,6,47,49,464,--
44,17,17,-,23,40,1.28,7.64,0.036,1,0,47,616,--
45,17,28,-,25,20,1.29,4.64,0.348,4,0,48,669,--
46,17,10,-,22,30,1.32,9.63,0.348,3,0,50,572,--
47,16,47,-,18,30,1.37,16.34,0.28,3,46,54,501,--
48,17,55,-,29,0,1.34,-2.4,6.14,1,0,51,783,--
49,17,59,-,29,30,1.35,-3.4,1.04,3,0,52,806,--
50,17,22,-,24,20,1.37,6.32,0.018,4,0,53,647,76  73
51,17,9.6,-,22,17,1.45,9.83,0.034,4,0,56,570,--
52,17,29.1,-,25,19,1.44,4.44,0.006,6,0,55,678,--
53,17,20.1,-,23,52,1.52,6.94,0.001,6,0,57,636,71
54,17,20.5,-,23,55,1.53,6.84,0.002,4,0,58,638,70
55,17,20,-,23,50,1.53,6.98,0.003,6,0,59,634,69
56,17,12,-,22,30,1.59,9.25,0.462,3,0,60,580,--
57,17,19.6,-,23,41,1.61,7.14,0.003,6,0,62,631,68
58,17,27.4,-,24,53,1.6,5,0.004,5,0,61,663,--
59,17,17.6,-,23,20,1.64,7.72,0.007,3,0,63,622,255
60,17,9,-,21,55,1.67,10.16,0.035,4,23,64,560,--
61,17,28.3,-,24,53,1.71,4.83,0.008,5,0,65,672,--
62,16,47,-,18,0,1.79,16.64,1.74,1,46,67,499,--
63,16,47,-,18,0,1.79,16.64,0.037,6,46,66,500,--
64,17,37,-,26,0,1.83,2.57,0.995,4,0,68,709,--
65,17,10,-,21,50,1.88,10.01,0.088,6,22,69,571,--
66,17,21,-,23,30,1.94,6.98,0.009,6,0,70,641,72
67,17,11,-,21,50,2.01,9.82,0.088,5,0,72,578,--
68,18,3.9,-,29,22,1.99,-4.27,0.006,3,0,71,833,--
69,17,25,-,24,0,2.03,5.94,2.19,3,0,73,655,77 269
70,17,22,-,23,30,2.07,6.79,0.01,4,0,74,646,--
71,17,11,-,21,40,2.15,9.92,0.142,4,22,75,577,--
72,17,17,-,22,30,2.25,8.3,0.308,2,0,76,615,--
73,17,28,-,24,10,2.27,5.28,0.278,2,0,77,668,--
74,17,35,-,25,10,2.3,3.4,0.038,6,0,79,698,--
75,18,5,-,29,10,2.28,-4.38,0.068,1,0,78,845,--
76,17,34,-,25,0,2.31,3.68,0.531,3,0,80,693,--
77,17,16,-,22,12,2.37,8.66,0.005,2,0,81,609,--
78,17,58,-,28,11,2.38,-2.56,0.001,3,0,82,801,294
79,17,12,-,21,25,2.49,9.87,0.3,4,0,83,579,--
80,17,36,-,25,5,2.49,3.25,0.005,5,0,84,704,--
81,17,22,-,22,58,2.52,7.08,0.009,5,0,85,645,74
82,17,43,-,26,0,2.55,1.43,2.26,2,0,86,734,--
83,16,31.5,-,14,10,2.62,21.92,0.056,5,64,88,463,--
84,17,33,-,24,30,2.61,4.14,0.328,4,0,87,691,--
85,17,23,-,22,58,2.64,6.89,0.036,4,0,89,652,261
86,17,18,-,22,10,2.66,8.3,0.063,2,0,90,623,--
87,17,15.6,-,21,45,2.7,8.99,0.001,5,0,91,605,--
88,17,17.5,-,22,0,2.74,8.49,0.027,2,0,92,620,--
89,17,15.5,-,21,39,2.77,9.07,0.005,5,0,94,602,--
90,17,36.5,-,24,50,2.76,3.29,0.036,5,0,93,706,--
91,17,20.5,-,22,25,2.78,7.68,0.016,4,0,95,637,262
92,17,16,-,21,40,2.82,8.96,0.005,5,0,96,608,--
93,17,59.6,-,27,50,2.86,-2.69,0.007,5,0,97,808,86
94,17,17,-,21,43,2.91,8.74,0.041,2,0,98,614,--
95,17,17,-,21,38,2.98,8.79,0.01,5,0,99,613,--
96,18,5,-,28,20,3.01,-3.97,0.03,1,0,100,844,--
97,18,4.2,-,28,11,3.06,-3.75,0.011,3,0,101,838,--
98,16,33,-,13,51,3.13,21.83,0.011,4,63,105,468,--
99,17,16,-,21,20,3.1,9.15,0.09,3,0,102,607,63
100,17,13,-,20,50,3.11,10.01,0.075,6,0,103,588,62
101,17,18.8,-,21,45,3.12,8.38,0.002,5,0,104,626,--
102,17,19.5,-,21,50,3.14,8.2,0.035,6,0,106,629,67A
103,17,18.5,-,21,40,3.15,8.48,0.009,3,0,107,625,--
104,17,13,-,20,45,3.18,10.06,0.019,6,40,108,587,--
105,16,33.6,-,13,51,3.22,21.72,0.001,5,65,109,470,--
106,16,33.9,-,13,51,3.27,21.66,0.001,5,66,112,471,--
107,17,23,-,22,15,3.25,7.29,0.023,5,0,111,651,--
108,18,7,-,28,20,3.22,-4.36,0.003,6,0,110,865,--
109,17,36,-,24,5,3.33,3.79,0.007,5,0,113,703,83
110,16,47,-,16,0,3.47,17.84,0.354,3,61,116,498,82  81
111,17,12.2,-,20,18,3.45,10.47,0.007,6,41,114,584,61
112,17,22,-,21,50,3.47,7.71,0.034,5,0,115,644,75
113,17,35.5,-,23,50,3.48,4.02,0.041,2,0,117,700,--
114,17,37,-,24,0,3.53,3.64,0.496,2,0,118,708,--
115,16,51,-,16,35,3.57,16.72,0.142,3,46,119,510,--
116,18,3.4,-,27,30,3.57,-3.26,0.002,3,0,120,21,--
117,17,22,-,21,40,3.61,7.81,0.172,2,0,121,643,--
118,16,52,-,16,40,3.65,16.47,0.054,4,46,124,512,--
119,18,0,-,27,0,3.63,-2.35,0.342,2,0,123,816,--
120,18,3.3,-,27,25,3.63,-3.2,0.01,3,0,122,20,299
121,16,37,-,13,55,3.7,21.02,0.017,5,62,126,474,--
122,16,52.3,-,16,40,3.69,16.42,0.02,6,46,125,514,--
123,18,4.5,-,27,25,3.76,-3.43,0.002,4,0,127,839,--
124,18,10,-,28,0,3.84,-4.78,4.32,2,0,128,890,--
125,17,33,-,23,0,3.88,4.95,0.975,3,0,129,690,272
126,17,40,-,24,0,3.89,3.06,0.361,1,0,130,722,--
127,18,5,-,27,19,3.9,-3.48,0.007,4,0,131,843,--
128,17,28,-,22,10,3.96,6.37,0.81,2,0,132,667,--
129,16,52.1,-,16,15,4.01,16.7,0.009,6,60,134,513,--
130,17,42,-,24,10,3.99,2.58,0.296,2,0,133,731,281
131,17,22,-,21,10,4.03,8.08,0.362,3,0,135,642,--
132,16,52,-,16,10,4.07,16.77,0.052,4,60,137,511,--
133,17,56,-,26,0,4.05,-1.08,0.117,4,0,136,792,--
134,15,51,-,4,30,4.18,35.75,0.22,5,85,142,432,--
135,17,59,-,26,20,4.1,-1.83,0.008,4,0,138,805,--
136,17,26,-,21,40,4.12,7.03,0.151,1,0,139,659,--
137,16,48,-,15,20,4.18,18.04,0.896,4,61,141,504,--
138,17,21,-,20,50,4.18,8.46,1.03,1,0,140,640,--
139,17,13.8,-,19,40,4.2,10.52,0.115,3,42,143,596,251
140,17,50,-,25,0,4.22,0.59,1.01,2,0,144,758,--
141,16,48,-,15,10,4.32,18.14,0.077,5,61,146,503,--
142,17,40,-,23,30,4.32,3.32,1.48,3,0,145,721,279
143,18,7,-,27,0,4.39,-3.71,0.5,3,0,147,864,--
144,17,37.5,-,23,0,4.44,4.07,0.029,4,0,148,712,277
145,16,32.5,-,12,10,4.49,22.95,0.145,1,68,150,466,--
146,16,53.5,-,15,55,4.5,16.62,0.066,5,61,151,517,--
147,18,1,-,26,10,4.46,-2.14,0.047,4,0,149,819,--
148,16,43.6,-,14,5,4.58,19.64,0.012,5,61,153,483,--
149,17,24,-,20,50,4.57,7.88,0.518,3,0,152,654,266
150,17,54,-,25,0,4.68,-0.19,13.55,3,0,154,773,--
151,18,3,-,26,10,4.68,-2.53,0.398,2,0,155,828,--
152,16,47,-,14,30,4.74,18.72,1.04,3,61,157,497,--
153,17,37,-,22,35,4.73,4.39,0.511,3,0,156,707,--
154,17,39,-,22,50,4.76,3.87,0.497,1,0,159,717,--
155,17,35,-,22,15,4.76,4.96,1.61,2,0,158,697,--
156,16,34.5,-,12,10,4.81,22.56,0.127,1,67,161,472,--
157,18,6,-,26,25,4.8,-3.24,0.008,4,0,160,852,--
158,16,45,-,14,0,4.86,19.41,0.056,6,61,165,490,--
159,17,45.5,-,23,40,4.83,2.16,0.071,1,0,162,740,--
160,17,42,-,23,10,4.84,3.11,0.054,2,0,163,730,--
161,17,48,-,24,0,4.85,1.5,0.117,2,0,164,750,--
162,16,46.3,-,14,10,4.92,19.06,0.124,6,61,166,495,--
163,16,47,-,14,15,4.95,18.87,0.032,2,61,167,496,--
164,17,34,-,21,50,4.99,5.38,0.063,3,0,168,692,--
165,18,13,-,27,0,5.04,-4.89,0.054,1,0,169,909,--
166,17,59,-,25,10,5.11,-1.25,0.008,5,0,170,804,--
167,18,3,-,25,40,5.12,-2.28,0.144,1,0,171,827,--
168,17,30,-,21,0,5.2,6.61,1.05,3,0,172,684,80
169,15,50,-,3,10,5.28,36.77,0.86,4,85,175,431,--
170,17,44,-,23,0,5.23,2.8,0.479,1,0,174,735,--
171,18,0,-,25,10,5.22,-1.44,0.316,2,0,173,815,--
172,17,35,-,21,35,5.33,5.32,0.026,4,0,176,696,274
173,17,14.3,-,18,20,5.39,11.17,0.02,6,0,178,598,64
174,17,36,-,21,40,5.38,5.08,0.02,3,0,177,702,--
175,17,15.4,-,18,28,5.43,10.88,0.016,5,0,180,601,--
176,18,7,-,25,50,5.42,-3.15,0.308,2,0,179,863,--
177,17,20,-,19,10,5.45,9.58,0.034,4,0,181,633,259
178,17,29,-,20,30,5.49,7.08,0.672,4,0,182,676,268
179,17,21,-,19,15,5.51,9.34,0.047,1,0,183,639,--
180,18,0,-,24,45,5.58,-1.24,2.76,1,0,184,814,--
181,18,28,-,28,7,5.59,-8.35,0.008,3,0,185,6,--
182,17,30,-,20,30,5.62,6.88,1.11,2,0,186,683,--
183,15,51.3,-,3,0,5.7,36.62,0.24,5,85,188,434,--
185,17,29,-,20,15,5.7,7.22,0.108,5,0,187,675,270
186,17,41,-,22,0,5.72,3.92,0.3,1,0,190,724,--
187,18,9,-,25,45,5.71,-3.5,0.694,2,0,189,879,--
188,17,50,-,23,10,5.8,1.53,0.298,4,0,191,757,--
189,17,40,-,21,40,5.88,4.29,0.596,1,0,192,720,--
190,16,45.5,-,12,50,5.94,20,0.022,4,59,193,491,--
191,16,45,-,12,40,6.01,20.2,0.158,5,59,196,489,--
192,17,28,-,19,45,6,7.68,0.278,5,0,195,666,--
193,17,33,-,20,30,6,6.29,0.104,4,0,194,689,--
194,18,10,-,25,30,6.04,-3.58,0.316,3,0,197,889,--
195,18,12.8,-,25,45,6.12,-4.25,0.003,3,0,198,23,306
196,18,7,-,25,0,6.15,-2.74,0.002,5,0,199,862,--
197,18,10,-,25,21,6.17,-3.51,0.014,2,0,200,888,--
198,18,10.5,-,25,23,6.19,-3.62,0.01,4,0,201,891,--
199,18,12,-,25,28,6.28,-3.96,0.001,5,0,202,902,--
200,18,7,-,24,50,6.29,-2.66,1.05,2,0,203,861,--
201,18,17,-,26,0,6.35,-5.2,3.45,2,0,204,938,--
202,17,35.5,-,20,20,6.46,5.88,0.122,2,0,206,699,--
203,18,11.3,-,25,11,6.45,-3.68,0.004,4,0,205,894,--
204,16,45,-,12,0,6.59,20.58,0.167,6,59,207,488,--
205,18,23,-,26,25,6.6,-6.59,0.026,2,0,208,974,--
206,17,28,-,19,0,6.64,8.09,3.56,3,0,209,665,--
207,17,42,-,21,0,6.69,4.24,2,3,0,210,729,280
208,18,10,-,24,40,6.77,-3.18,0.032,1,0,211,887,--
209,17,35,-,19,50,6.82,6.25,0.013,4,0,214,695,--
210,18,6.1,-,24,8,6.8,-2.14,0.001,5,0,212,853,303
211,18,6.5,-,24,10,6.82,-2.24,0.008,5,0,213,855,--
212,18,8,-,24,20,6.84,-2.62,0.093,5,0,215,872,--
213,18,6,-,24,1,6.89,-2.07,0.001,5,0,216,851,302
214,18,6,-,23,59,6.92,-2.05,0.001,5,0,217,850,--
215,17,55,-,22,30,6.96,0.88,8.83,2,0,218,782,--
216,17,35,-,19,38,6.99,6.36,0.011,6,0,219,694,79
217,18,25,-,26,10,7.03,-6.87,0.009,2,0,220,984,--
218,17,52,-,21,58,7.06,1.75,0.025,3,0,221,766,--
219,17,36.5,-,19,45,7.08,5.99,0.084,6,0,222,705,--
220,17,28,-,18,26,7.12,8.4,0.007,4,0,223,664,--
221,18,8,-,24,0,7.13,-2.46,1.62,3,0,224,871,--
222,17,38.2,-,19,45,7.29,5.65,0.001,6,0,226,716,--
223,17,37.8,-,19,41,7.3,5.77,0.001,6,0,227,715,--
224,18,5.5,-,23,30,7.29,-1.71,0.015,5,0,225,847,--
225,17,30,-,18,30,7.32,7.96,0.088,2,0,230,682,--
226,17,37.6,-,19,38,7.32,5.84,0.003,6,0,229,713,--
227,18,7,-,23,40,7.31,-2.09,0.05,5,0,228,860,90
228,17,37.8,-,19,36,7.37,5.81,0.002,6,0,231,714,--
229,17,37.2,-,19,29,7.39,6,0.002,6,0,233,710,--
230,18,6,-,23,28,7.37,-1.8,0.003,5,0,232,849,--
231,17,37.4,-,19,30,7.4,5.95,0.001,6,0,234,711,83A
232,18,2,-,22,50,7.47,-0.68,0.086,1,0,235,823,--
233,17,42.1,-,20,0,7.56,4.74,0.001,6,0,236,19,--
234,16,46,-,11,0,7.61,20.96,1.41,3,59,240,492,--
235,17,43.5,-,20,10,7.59,4.38,0.038,6,0,238,18,84
236,18,23,-,25,20,7.57,-6.09,0.029,3,0,237,973,--
237,17,58,-,22,10,7.59,0.45,0.524,1,0,239,800,--
238,16,33,-,8,40,7.66,24.93,0.054,3,87,241,467,--
239,18,30.3,-,26,3,7.68,-7.88,0.018,6,0,242,26,98
240,18,34,-,26,25,7.73,-8.79,0.022,3,0,243,47,--
241,18,8.5,-,23,20,7.77,-2.23,0.021,4,0,245,873,--
242,18,9.1,-,23,25,7.76,-2.39,0.01,4,0,244,880,--
243,18,9,-,23,20,7.83,-2.33,0.524,3,0,246,878,--
244,16,49,-,11,10,7.92,20.27,0.086,4,59,247,506,--
245,18,28,-,25,30,7.94,-7.17,0.44,1,0,248,5,--
246,17,42,-,19,30,7.98,5.02,10,3,0,249,728,--
247,18,21,-,24,35,8.03,-5.34,0.034,1,0,250,959,--
248,18,33,-,25,50,8.15,-8.33,0.052,1,0,251,38,--
249,18,7,-,22,30,8.33,-1.53,0.19,1,0,254,859,--
250,18,20.3,-,24,10,8.32,-5,0.002,3,0,252,954,--
251,18,26,-,24,50,8.33,-6.46,0.185,1,0,253,990,--
252,18,20.1,-,24,5,8.38,-4.93,0.004,3,0,255,952,--
253,18,37,-,26,0,8.41,-9.21,0.689,1,0,256,70,--
254,17,47,-,19,40,8.44,3.93,0.235,2,0,257,746,--
255,16,45,-,9,50,8.48,21.84,0.032,6,59,259,487,--
256,18,12,-,23,0,8.45,-2.78,0.377,2,0,258,901,--
257,18,8,-,22,25,8.52,-1.69,0.075,2,0,260,870,--
258,17,42,-,18,50,8.55,5.37,0.18,2,0,261,727,--
259,18,22,-,24,1,8.64,-5.28,0.023,3,0,262,966,--
260,16,45,-,9,30,8.78,22.03,0.074,6,59,263,486,--
261,17,33,-,17,10,8.84,8.07,0.268,2,0,265,688,--
262,18,0,-,21,0,8.84,0.63,0.009,6,0,264,813,--
263,18,33,-,25,0,8.91,-7.95,2.43,2,0,266,37,--
264,17,46,-,18,50,9.04,4.56,0.142,2,0,267,742,--
265,18,14,-,22,30,9.11,-2.94,0.33,2,0,268,916,--
266,18,28,-,24,10,9.14,-6.56,0.418,2,0,269,4,--
267,18,20.5,-,23,10,9.23,-4.58,0.005,2,0,271,955,--
268,18,20.5,-,23,10,9.23,-4.58,0.005,4,0,270,956,--
269,18,26.5,-,23,50,9.28,-6.11,0.041,2,0,272,993,276
270,17,46,-,18,20,9.47,4.82,0.45,2,0,274,741,--
271,18,8,-,21,20,9.46,-1.16,0.016,3,0,273,869,--
272,18,15,-,22,10,9.51,-2.99,0.07,3,0,275,921,308
273,17,41.5,-,17,35,9.56,6.12,0.007,3,0,276,725,--
274,18,6.3,-,20,58,9.59,-0.64,0.02,4,0,277,854,--
275,18,9,-,21,12,9.69,-1.3,0.001,3,0,278,877,--
276,17,41,-,17,20,9.71,6.35,0.043,3,0,279,723,--
277,17,42.5,-,17,28,9.78,5.98,0.005,3,0,280,732,--
278,16,56,-,10,10,9.83,19.41,1.15,3,59,282,521,--
279,17,50,-,18,30,9.81,3.92,0.462,2,0,281,756,--
280,16,56,-,10,0,9.98,19.51,0.251,4,59,285,520,--
281,18,2,-,20,0,9.94,0.72,1.28,2,0,283,822,--
282,18,10,-,21,0,9.98,-1.41,0.052,4,0,284,886,--
283,17,36,-,16,0,10.23,8.07,4.78,2,0,286,701,--
284,18,33,-,23,30,10.26,-7.28,0.199,1,0,287,36,--
285,17,53,-,18,20,10.32,3.39,0.214,4,0,289,770,--
286,17,59,-,19,10,10.31,1.74,0.115,2,0,288,803,--
287,17,20,-,13,20,10.43,12.77,0.158,1,58,291,632,--
288,17,55,-,18,30,10.41,2.9,0.05,5,0,290,781,--
289,17,58,-,18,50,10.48,2.11,0.027,2,0,292,799,--
290,17,40,-,16,0,10.73,7.25,1.32,1,0,293,719,--
291,18,17,-,21,0,10.76,-2.84,0.274,4,0,294,937,--
292,17,54.8,-,18,0,10.82,3.19,0.05,4,0,295,777,--
293,17,55,-,18,0,10.85,3.15,2.02,1,0,296,780,--
294,18,29,-,22,20,10.88,-5.93,0.002,3,0,297,14,--
295,18,29.8,-,22,23,10.92,-6.12,0.002,3,0,298,17,--
296,18,29.5,-,22,20,10.94,-6.03,0.002,3,38,300,16,--
297,18,44,-,24,0,10.93,-9.76,0.176,1,320,299,103,--
298,17,56,-,18,0,10.97,2.94,0.106,3,0,301,791,--
299,16,58,-,9,10,11,19.56,0.208,2,59,302,529,--
300,18,48,-,24,20,11.03,-10.72,0.37,1,32,303,122,--
301,18,32.4,-,22,32,11.06,-6.72,0.018,2,36,304,34,--
302,17,54.6,-,17,40,11.09,3.4,0.04,5,0,305,775,84A
303,18,5,-,19,0,11.16,0.59,18,3,0,306,842,304 301 297
304,18,32,-,22,10,11.35,-6.47,0.02,2,35,307,33,--
305,17,47,-,16,15,11.39,5.68,4.17,2,0,308,745,--
306,18,20.2,-,20,40,11.41,-3.34,0.025,4,0,309,953,--
307,18,3.3,-,18,27,11.44,1.21,0.001,6,0,310,829,--
308,18,3.8,-,18,26,11.51,1.12,0.001,6,0,311,832,--
309,18,28,-,21,30,11.52,-5.34,0.014,4,0,312,3,--
310,18,4,-,18,22,11.59,1.11,0.004,6,0,313,836,--
311,18,46.5,-,23,30,11.64,-10.06,0.224,2,32,314,115,--
312,17,48,-,16,0,11.73,5.6,2.61,1,0,316,749,--
313,18,30.5,-,21,35,11.71,-5.9,0.018,3,37,315,27,99
314,18,18,-,20,0,11.76,-2.57,3.6,3,0,317,941,--
315,18,15,-,19,30,11.86,-1.71,6,2,0,318,920,--
316,18,41.7,-,22,40,11.91,-8.7,0.108,1,33,319,95,--
317,16,58,-,8,0,12.04,20.2,1.6,4,88,320,528,--
318,17,57,-,16,50,12.1,3.32,0.009,4,0,321,796,--
319,17,59,-,16,50,12.34,2.9,0.043,1,0,322,802,--
320,17,57,-,16,30,12.39,3.48,1.42,2,0,323,795,--
321,18,47.3,-,22,42,12.45,-9.88,0.025,3,32,324,119,--
322,18,17,-,19,0,12.53,-1.89,1.29,2,0,325,936,--
323,18,12.6,-,18,12,12.73,-0.59,0.016,6,0,326,905,92
324,17,19,-,10,20,12.91,14.58,5.8,1,0,327,627,--
325,17,51,-,15,0,12.96,5.49,0.9,3,0,328,762,--
326,17,47,-,14,25,12.97,6.62,0.03,4,0,329,744,--
327,18,14,-,18,5,12.99,-0.83,0.011,4,0,330,915,93
328,18,14,-,18,1,13.05,-0.8,0.001,6,0,331,914,--
329,18,37.5,-,20,55,13.06,-7.05,0.052,2,34,332,74,--
330,17,47.6,-,14,16,13.18,6.57,0.011,6,0,333,748,284
331,18,14,-,17,50,13.21,-0.71,0.005,4,0,334,913,--
332,18,18,-,18,10,13.37,-1.7,0.014,3,0,335,940,--
333,18,8,-,16,50,13.39,1.03,0.498,1,0,337,868,--
334,18,37,-,20,30,13.38,-6.76,0.075,1,53,336,69,--
335,18,16.2,-,17,50,13.46,-1.17,0.004,3,0,338,22,307
336,18,17,-,17,55,13.48,-1.38,0.047,3,0,339,935,--
337,17,55,-,14,51,13.58,4.73,0.022,4,0,340,779,--
338,17,53,-,14,30,13.64,5.32,0.034,4,0,341,769,--
339,17,53.7,-,14,35,13.65,5.13,0.016,4,0,342,772,--
340,17,56,-,14,36,13.92,4.64,0.035,3,0,344,790,--
341,17,56.5,-,14,40,13.92,4.5,0.011,4,0,343,793,--
342,18,19,-,17,40,13.92,-1.68,0.795,1,0,345,946,--
343,18,26,-,18,26,14.03,-3.5,0.987,3,0,346,989,--
344,18,39,-,20,0,14.04,-6.95,0.016,3,52,347,83,315
345,17,51,-,13,40,14.12,6.16,0.24,2,0,348,761,--
346,18,40,-,20,0,14.15,-7.16,0.016,3,0,349,93,--
347,18,5,-,15,30,14.21,2.31,0.19,2,0,350,841,--
348,18,7,-,15,40,14.3,1.81,0.027,2,0,351,858,--
349,17,48.3,-,13,0,14.37,7.06,0.011,4,0,352,751,--
350,18,25,-,17,50,14.45,-3.01,0.145,3,0,353,983,310
351,18,21,-,17,15,14.52,-1.9,0.029,4,0,354,958,--
352,17,43,-,12,0,14.58,8.68,5.25,1,0,356,733,--
353,18,30,-,18,20,14.56,-4.3,3.33,1,0,355,25,--
354,18,22,-,17,17,14.6,-2.13,0.029,4,0,357,965,--
355,17,49,-,12,40,14.74,7.08,0.075,4,0,358,753,--
356,18,27.5,-,17,45,14.8,-3.5,0.011,4,0,359,998,311
357,18,13,-,15,45,14.92,0.5,0.151,1,0,360,908,--
358,17,50,-,12,30,15.01,6.95,0.75,3,0,361,755,--
359,18,20,-,16,30,15.07,-1.33,5,3,0,362,951,--
360,17,48.9,-,12,15,15.09,7.31,0.009,5,0,363,752,--
361,17,49.2,-,12,10,15.2,7.29,0.012,5,0,364,754,--
362,18,27,-,17,10,15.26,-3.13,0.465,2,0,365,997,--
363,17,56,-,13,0,15.31,5.44,2.19,2,0,366,789,--
364,18,32,-,17,40,15.37,-4.41,0.102,3,0,367,32,--
365,18,40,-,18,30,15.5,-6.49,0.093,1,54,368,91,--
367,17,47,-,11,0,15.95,8.34,0.8,4,0,370,743,--
368,18,2.5,-,13,10,15.95,3.98,1.55,4,0,369,826,--
369,18,43.2,-,18,15,16.06,-7.05,0.016,2,39,371,100,--
370,18,27.7,-,16,15,16.15,-2.85,0.009,4,0,372,0,--
371,17,15,-,6,0,16.2,17.7,1.02,2,90,373,600,--
372,18,27.7,-,16,6,16.29,-2.78,0.001,6,0,374,999,--
373,17,23,-,7,0,16.38,15.48,0.395,1,89,375,650,--
374,18,27,-,15,50,16.44,-2.5,0.348,3,0,376,996,--
375,18,6,-,13,0,16.51,3.32,0.118,4,0,377,848,--
376,18,20,-,14,40,16.68,-0.47,0.73,4,0,378,950,--
377,19,29.3,-,22,30,16.74,-18.64,0.002,3,0,379,292,--
378,18,34,-,16,0,17.08,-4.07,0.088,3,0,380,46,--
379,18,28,-,15,10,17.15,-2.41,0.181,4,0,381,2,312
380,18,20,-,14,0,17.27,-0.15,0.258,4,0,382,949,--
381,18,34.5,-,15,50,17.28,-4.1,0.005,4,0,383,50,--
382,17,45,-,9,0,17.45,9.77,0.219,4,0,384,738,--
383,18,0,-,11,0,17.54,5.57,0.754,3,0,385,812,--
384,18,0,-,10,45,17.76,5.69,7.16,1,0,386,811,--
385,18,32,-,14,53,17.85,-3.13,0.011,3,0,387,31,--
386,18,10,-,12,0,17.86,2.95,18.7,3,0,388,885,--
387,17,16,-,4,0,18.14,18.51,0.548,2,91,389,606,--
388,18,30,-,14,15,18.18,-2.41,5.89,1,0,390,24,--
389,18,30,-,14,10,18.26,-2.37,0.121,3,0,391,23,--
390,18,33,-,14,30,18.3,-3.17,0.147,3,0,392,35,--
391,17,13,-,3,0,18.65,19.67,0.393,3,92,394,586,--
392,17,51,-,8,30,18.64,8.73,0.01,5,0,393,760,--
393,17,42,-,7,10,18.69,11.33,20,2,0,395,726,--
394,18,19,-,12,15,18.69,0.89,1.5,1,0,396,945,--
395,18,36,-,14,10,18.93,-3.66,0.416,3,0,397,61,--
396,18,29.2,-,13,15,18.98,-1.77,0.004,3,0,398,15,--
397,18,0,-,9,20,19.01,6.39,0.283,4,0,400,810,--
398,18,30,-,13,20,19,-1.98,0.011,3,0,399,22,--
399,18,24,-,12,30,19.05,-0.3,1.05,1,0,401,979,--
400,17,53,-,8,15,19.1,8.43,0.095,4,404,402,768,--
401,18,35.3,-,13,50,19.15,-3.36,0.007,5,0,403,58,102
402,18,27,-,12,45,19.17,-1.06,0.006,5,0,404,995,--
403,18,34,-,13,30,19.3,-2.92,0.011,4,0,405,45,--
404,18,27,-,12,30,19.39,-0.95,0.013,2,400,406,994,--
405,18,20,-,11,30,19.47,1.03,10.5,3,0,407,948,--
406,18,23,-,11,50,19.52,0.23,0.746,5,0,408,972,95
407,18,32,-,13,0,19.52,-2.26,0.339,2,0,409,30,--
408,18,8,-,9,30,19.82,4.58,0.474,4,0,410,867,--
409,18,39,-,13,30,19.86,-4,1.46,4,0,411,82,--
410,18,40,-,13,30,19.97,-4.22,5,3,0,412,90,--
411,18,25,-,11,30,20.05,-0.05,0.01,5,0,413,982,--
412,18,29,-,12,0,20.06,-1.15,0.018,4,0,414,13,--
413,18,23.8,-,11,15,20.13,0.33,0.01,5,0,415,975,--
414,18,21.5,-,10,52,20.2,1.01,0.01,5,0,416,962,--
415,18,22,-,10,40,20.44,1,0.14,4,0,417,964,96  94
416,18,22.5,-,10,40,20.49,0.89,0.005,6,0,418,968,--
417,18,22.5,-,10,38,20.52,0.9,0.003,5,0,419,967,--
418,18,12,-,9,10,20.59,3.87,0.16,3,0,420,900,--
419,18,10,-,8,40,20.79,4.55,0.108,4,0,421,884,--
420,18,23,-,10,20,20.85,0.94,0.01,5,0,422,971,--
421,17,51.6,-,5,48,21.1,9.93,0.02,5,0,423,765,--
422,18,9,-,8,10,21.11,5,0.007,6,0,424,876,--
423,18,25,-,10,15,21.15,0.54,0.012,5,0,425,981,--
424,18,12,-,8,30,21.17,4.19,0.131,3,0,426,899,--
425,17,44.2,-,4,40,21.19,12.09,0.017,5,93,427,736,--
426,18,8.8,-,7,58,21.26,5.14,0.001,3,0,428,874,--
427,18,24,-,9,50,21.4,0.95,0.004,5,0,429,978,--
428,17,45,-,4,30,21.43,12,0.37,3,93,430,737,--
429,18,14,-,8,20,21.56,3.84,0.068,6,0,431,912,--
430,18,9,-,7,38,21.58,5.26,0.003,5,0,432,875,--
431,18,11,-,7,50,21.64,4.73,0.093,4,0,433,893,--
432,17,56,-,5,45,21.68,9,0.008,6,0,434,788,--
433,18,40,-,11,30,21.75,-3.3,1.71,1,0,436,88,--
434,18,40,-,11,30,21.75,-3.3,1.11,4,0,435,89,--
435,18,30,-,10,0,21.95,-0.43,8.4,4,0,437,21,97
436,18,12,-,7,25,22.13,4.71,0.006,6,0,438,898,--
437,18,17.5,-,8,0,22.26,3.23,0.163,5,0,439,939,--
438,18,11.5,-,7,10,22.29,4.94,0.008,6,0,440,896,--
439,17,57,-,5,0,22.47,9.14,0.181,3,0,441,794,--
440,18,17,-,7,30,22.65,3.58,0.014,4,0,442,934,--
441,18,1,-,5,20,22.65,8.11,2.56,2,0,443,818,--
442,17,55,-,4,30,22.67,9.82,0.014,4,0,444,778,--
443,18,30,-,9,10,22.69,-0.04,0.045,5,0,445,20,100 101
444,18,0,-,5,0,22.83,8.48,1.03,4,0,447,809,--
445,18,35,-,9,40,22.82,-1.37,0.086,5,0,446,56,314
446,18,28,-,8,40,22.9,0.63,0.14,4,0,448,1,--
447,18,13,-,6,40,22.91,4.85,0.546,4,0,449,907,--
448,18,34,-,9,20,23,-0.99,0.027,4,0,450,44,--
449,18,49,-,11,10,23.06,-5.11,0.05,2,57,451,132,--
450,18,30,-,8,40,23.13,0.19,0.048,4,0,452,19,--
451,18,19,-,7,10,23.17,3.3,0.022,5,0,453,944,--
452,18,54,-,11,40,23.17,-6.43,1.27,3,4,454,152,--
453,18,22,-,7,30,23.23,2.49,2.43,3,0,455,963,--
454,18,26,-,8,0,23.25,1.38,0.14,4,0,456,988,--
455,18,35,-,9,10,23.26,-1.13,0.018,5,0,457,55,--
456,18,50,-,11,0,23.32,-5.26,0.032,3,57,459,140,321
458,18,54,-,11,30,23.32,-6.36,1.27,3,55,458,151,--
459,18,40,-,9,40,23.38,-2.46,3,3,0,460,87,--
460,17,56,-,3,45,23.46,9.96,0.006,6,0,461,787,--
461,18,7,-,5,10,23.52,6.87,0.117,4,0,462,857,--
462,18,4,-,4,40,23.61,7.77,0.041,6,0,464,835,--
463,18,29,-,8,0,23.6,0.72,1,3,0,463,12,--
464,18,50,-,10,40,23.62,-5.11,0.034,3,56,465,138,--
466,18,17,-,6,10,23.82,4.21,0.012,6,0,466,933,--
467,18,16.3,-,6,0,23.89,4.44,0.006,5,0,467,926,--
468,17,58,-,3,30,23.92,9.64,0.016,5,0,468,798,--
469,18,10.8,-,5,7,24.02,6.07,0.003,5,0,469,892,--
470,18,16,-,5,45,24.07,4.63,0.007,6,0,470,924,--
471,18,17,-,5,50,24.12,4.37,0.056,4,0,471,932,--
472,18,11.5,-,5,0,24.21,5.97,0.032,4,0,472,895,--
473,18,35,-,8,0,24.29,-0.59,0.224,3,0,473,54,--
474,18,49,-,9,45,24.33,-4.47,1.76,1,0,474,131,--
475,18,16.5,-,5,30,24.35,4.63,0.029,4,0,475,930,--
476,18,16,-,5,25,24.37,4.78,0.004,3,0,476,923,--
477,18,16.5,-,5,25,24.43,4.67,0.006,3,0,477,929,--
478,18,10,-,4,30,24.47,6.53,0.104,4,0,478,883,--
479,18,16.5,-,5,10,24.65,4.79,0.003,5,0,479,928,--
480,18,42,-,8,30,24.65,-2.36,0.44,1,0,480,96,--
481,18,23,-,6,0,24.67,2.97,7.26,2,0,481,970,--
482,18,16.5,-,5,8,24.68,4.81,0.014,5,0,482,927,--
483,18,15,-,4,50,24.77,5.28,0.038,6,0,483,919,--
484,18,37,-,7,30,24.97,-0.8,1.87,2,0,484,68,--
485,18,34,-,7,0,25.06,0.09,0.665,4,0,485,43,--
486,18,4,-,3,0,25.09,8.56,1.53,3,0,486,834,--
487,18,14.2,-,4,20,25.12,5.69,0.004,4,0,487,917,--
488,18,14,-,4,15,25.17,5.77,0.004,4,0,488,911,--
489,18,26,-,5,40,25.32,2.47,0.238,3,0,489,987,--
490,18,12.5,-,3,50,25.36,6.3,0.002,6,0,491,904,--
491,18,25,-,5,30,25.35,2.77,0.262,3,0,490,980,--
492,18,13,-,3,50,25.42,6.19,0.008,6,0,492,906,--
493,18,10,-,3,20,25.51,7.08,0.081,4,0,493,882,--
494,18,34.3,-,6,30,25.54,0.25,0.011,4,0,494,48,--
495,18,36.2,-,6,42,25.58,-0.26,0.002,6,0,495,62,--
496,18,45,-,7,50,25.58,-2.72,1.24,2,0,496,109,109
497,18,36.5,-,6,40,25.65,-0.31,0.027,6,0,497,63,103
498,18,37.3,-,6,42,25.71,-0.5,0.004,5,0,498,73,--
499,18,38,-,6,30,25.97,-0.56,0.05,4,0,499,77,--
500,18,14,-,3,20,25.98,6.2,0.004,5,0,500,910,--
501,18,15,-,3,20,26.1,5.98,0.022,5,0,501,918,--
502,18,4.9,-,1,52,26.21,8.9,0.005,6,0,502,840,--
503,18,26.5,-,4,40,26.26,2.83,0.008,6,0,503,992,--
504,18,16,-,3,10,26.36,5.84,0.002,5,0,504,922,--
505,18,17,-,3,15,26.41,5.58,0.007,5,0,507,931,--
506,18,45,-,6,55,26.4,-2.29,0.001,4,0,505,24,105
507,18,12.4,-,2,38,26.41,6.89,0.016,5,0,506,903,--
508,18,7,-,1,40,26.63,8.53,0.036,3,0,508,856,--
509,18,51,-,7,22,26.68,-3.82,0.003,6,100,509,145,118 117
510,18,12,-,2,15,26.71,7.15,0.05,5,0,510,897,--
511,18,23,-,3,40,26.74,4.06,0.812,3,0,511,969,--
512,18,50.5,-,7,10,26.8,-3.62,0.066,3,100,512,144,116
513,18,8,-,1,34,26.84,8.36,0.127,6,0,513,866,--
514,18,50.2,-,7,0,26.92,-3.48,0.005,5,100,514,142,114
515,18,35,-,5,0,26.95,0.8,8.44,3,0,515,53,--
516,18,48.7,-,6,40,27.04,-3,0.027,4,101,516,125,--
517,18,42.5,-,5,40,27.22,-1.17,0.265,1,0,517,97,--
518,18,50.5,-,6,40,27.25,-3.39,0.003,5,100,518,143,115
519,18,10,-,1,10,27.44,8.1,0.138,4,0,519,881,--
520,18,19,-,2,20,27.46,5.57,0.097,5,0,520,943,--
521,18,49.8,-,5,58,27.79,-2.92,0.014,5,0,521,135,--
522,18,49,-,5,50,27.82,-2.68,0.176,4,0,522,130,320
523,18,46.5,-,5,30,27.83,-1.98,0.061,4,0,523,114,--
524,18,43,-,5,0,27.87,-0.97,0.59,1,0,524,99,--
525,18,36,-,4,0,27.95,1.04,2.16,2,0,525,60,--
526,18,24,-,2,20,28.04,4.46,0.905,3,0,526,977,--
527,18,43.8,-,4,50,28.11,-1.07,0.005,4,0,527,101,--
528,18,44.5,-,4,50,28.19,-1.23,0.267,3,0,528,108,--
529,18,43,-,4,30,28.32,-0.74,0.258,2,0,529,98,--
530,18,47,-,4,50,28.48,-1.78,0.124,6,0,530,118,107 106 110
531,19,3.4,-,6,55,28.49,-6.36,0.005,6,94,531,184,133
532,18,44.5,-,4,25,28.56,-1.03,0.016,5,0,532,107,104
533,18,21,-,1,20,28.58,5.59,0.022,4,0,533,957,--
534,18,50,-,5,0,28.67,-2.52,3.185,3,0,534,25,111 108 119A117A323 325
535,18,34.5,-,2,56,28.73,1.86,0.029,1,0,535,49,--
536,18,32,-,2,35,28.75,2.58,0.253,3,0,536,29,--
537,18,20,-,1,0,28.76,5.97,0.534,1,0,538,947,--
538,18,34,-,2,50,28.76,2.02,0.133,4,0,537,42,--
539,18,21.4,-,1,6,28.83,5.61,0.022,6,0,539,961,--
540,19,3.4,-,6,30,28.86,-6.17,0.113,3,94,540,183,--
541,18,33.7,-,2,30,29.02,2.24,0.043,4,0,541,40,--
542,18,59,-,5,40,29.11,-4.82,0.075,3,97,542,167,130
543,19,4,-,6,15,29.15,-6.19,0.007,6,94,543,186,134
544,18,58.9,-,5,30,29.24,-4.72,0.007,5,99,544,166,127
545,18,54.1,-,4,50,29.29,-3.35,0.006,5,0,545,153,122
546,18,54.9,-,4,50,29.38,-3.53,0.007,4,0,546,156,--
547,18,48,-,3,55,29.41,-1.58,2.3,4,0,547,121,--
548,18,47,-,3,45,29.44,-1.28,1,5,0,548,117,113
549,18,59.5,-,5,20,29.46,-4.78,0.006,5,98,549,168,129
550,19,5,-,5,50,29.64,-6.22,3.11,1,0,550,192,--
551,18,55.2,-,4,30,29.71,-3.44,0.002,5,0,551,160,123
552,19,1.7,-,5,20,29.71,-5.26,0.032,3,95,552,178,327
553,19,0.5,-,5,10,29.72,-4.92,0.02,3,96,553,175,--
554,19,5.4,-,5,45,29.76,-6.27,0.029,3,0,554,193,--
555,18,38.9,-,2,20,29.77,1.17,0.008,4,0,555,80,316
556,18,56.5,-,4,35,29.79,-3.77,0.13,4,0,556,162,126
557,18,36,-,1,50,29.88,2.04,0.181,6,0,557,59,--
558,18,35,-,1,40,29.91,2.34,0.432,3,0,558,52,--
559,18,30,-,1,0,29.92,3.75,17,4,0,559,18,--
560,18,39,-,2,0,30.07,1.3,0.043,3,0,560,81,--
561,18,55,-,4,0,30.13,-3.17,1.55,2,0,561,157,121 120 119
562,19,0,-,4,35,30.19,-4.54,0.02,5,0,562,169,131
563,18,37,-,1,35,30.21,1.93,2.5,1,0,563,67,--
564,18,35,-,1,15,30.28,2.53,0.208,5,0,565,51,--
565,18,53,-,3,35,30.28,-2.53,1.37,2,0,564,147,--
566,18,48,-,2,50,30.37,-1.08,0.05,5,0,566,120,--
567,19,1.5,-,4,33,30.39,-4.86,0.024,6,0,567,177,132 328
568,18,56.8,-,3,50,30.49,-3.49,0.01,3,0,568,163,324
569,18,16,--,1,30,30.52,8.01,31,2,0,569,925,--
570,18,24,-,0,30,30.56,5.78,0.066,6,0,570,976,--
571,18,28,--,0,0,30.58,4.66,0.142,3,0,572,7,--
572,18,28,--,0,0,30.58,4.66,14,4,0,571,8,--
573,18,26,-,0,25,30.72,5.3,0.026,3,0,573,986,--
574,19,4.5,-,4,30,30.77,-5.5,0.061,4,0,574,190,--
575,18,25.5,-,0,40,30.88,5.52,0.078,3,0,575,985,--
576,18,28.9,-,0,25,31.05,4.65,0.005,5,0,576,11,--
577,19,3,-,4,0,31.05,-4.94,0.784,3,0,577,179,--
578,18,28.6,-,0,32,31.12,4.77,0.008,5,0,578,10,--
579,18,53,-,2,30,31.24,-2.04,1.71,3,0,579,146,--
580,19,6,-,4,10,31.24,-5.68,0.041,4,0,580,194,--
581,19,4.8,-,4,0,31.26,-5.34,0.072,6,0,581,191,136 135
582,18,50,-,2,0,31.34,-1.14,0.283,5,0,582,137,--
583,18,31,--,0,35,31.44,4.26,0.084,5,0,583,28,--
584,18,54,-,2,20,31.5,-2.18,0.077,4,0,584,150,--
585,18,21,--,2,0,31.55,7.13,1.32,1,0,585,960,--
586,18,36.5,--,0,0,31.56,2.77,0.034,3,0,586,64,--
587,18,37,--,0,0,31.62,2.66,0.093,5,0,587,71,--
588,18,33.5,-,0,30,31.66,3.67,0.034,6,0,588,39,--
589,18,50,-,1,30,31.78,-0.91,1.68,2,0,589,136,--
590,19,4,-,3,5,31.98,-4.75,10,2,0,590,185,326
591,18,34,-,0,50,32.01,3.71,0.33,3,0,591,41,--
592,18,26,--,2,0,32.13,6.02,0.011,4,0,592,991,--
593,18,37,-,0,40,32.21,2.97,0.462,3,0,593,66,--
594,18,58,-,1,50,32.41,-2.84,0.005,3,0,594,165,--
595,19,43,-,7,30,32.44,-15.4,0.052,3,102,595,344,--
596,18,45.6,--,0,10,32.76,0.83,0.061,4,0,596,113,--
597,18,48.2,--,0,1,32.92,0.19,0.018,5,0,597,124,--
598,18,44.2,--,0,40,33.04,1.37,0.001,5,0,598,104,--
599,18,49,--,0,5,33.07,0.04,0.022,4,0,599,133,--
600,18,28,--,2,50,33.11,5.96,0.029,4,0,601,9,--
601,18,44.2,--,0,45,33.11,1.41,0.001,5,0,600,105,--
602,18,49,-,0,8,33.12,0.06,0.003,4,0,602,126,--
603,18,43.8,--,0,50,33.14,1.54,0.004,6,0,603,102,--
604,18,49,--,0,10,33.15,0.08,0.152,5,0,604,134,--
605,18,44.2,--,0,50,33.19,1.45,0.002,5,0,605,106,--
606,18,49,-,0,15,33.22,0.12,0.002,4,0,606,127,--
607,18,45.5,-,0,45,33.26,1.12,0.147,2,0,607,112,--
608,18,49,-,0,30,33.44,0.23,0.004,4,0,608,128,--
609,18,49,-,0,35,33.52,0.27,0.003,4,0,609,129,--
610,18,47,-,0,55,33.58,0.87,0.129,2,0,610,116,--
611,18,53.1,-,0,20,33.77,-0.76,0.015,5,0,611,148,--
612,18,53.4,-,0,30,33.95,-0.75,0.003,4,0,612,149,--
613,18,54.2,-,0,25,33.97,-0.96,0.007,5,0,614,154,--
614,18,54.2,-,0,25,33.97,-0.96,0.032,4,0,613,155,--
615,19,17,-,2,10,34.3,-7.21,1.35,3,0,615,224,--
616,18,45,--,2,0,34.32,1.81,2.39,2,0,616,110,--
617,18,55,--,1,0,34.58,-0.87,0.745,5,0,618,158,--
618,19,13,-,1,20,34.58,-5.94,0.018,3,0,617,26,137
619,19,15.5,-,1,33,34.68,-6.59,0.016,5,0,619,219,139
620,19,18,-,1,15,35.23,-7.01,0.018,3,0,620,235,--
621,18,45,--,3,10,35.35,2.34,45,3,0,621,111,--
622,19,9,-,0,25,35.68,-4.25,0.297,3,0,622,200,--
623,19,52,-,5,0,35.81,-16.27,3.19,3,0,623,372,--
624,19,3,--,1,30,35.94,-2.41,0.486,1,0,624,180,--
625,19,4,--,1,30,36.06,-2.64,0.002,3,0,625,187,--
626,19,4,--,1,35,36.13,-2.6,0.003,3,0,626,188,--
627,19,11.5,--,0,45,36.26,-4.65,2.99,2,0,627,210,138
628,18,56,--,3,22,36.79,0,2,4,0,628,161,--
629,19,15,--,1,0,36.89,-5.3,0.392,3,0,629,218,--
630,18,36.5,--,6,0,36.91,5.52,0.301,1,118,630,65,--
631,19,10,--,2,30,37.64,-3.5,0.02,2,0,631,201,329
632,19,18,--,1,30,37.69,-5.74,0.765,1,0,632,236,141
633,18,38.5,--,7,0,38.03,5.53,0.075,2,119,633,78,--
634,18,39,--,7,30,38.53,5.65,0.059,2,120,634,84,--
635,19,7,--,4,3,38.67,-2.12,0.001,5,0,635,196,--
636,19,4,--,4,35,38.79,-1.21,0.22,5,0,636,189,--
637,18,39,--,8,10,39.13,5.95,0.03,3,121,637,85,--
638,18,48,--,7,15,39.33,3.55,20,2,0,638,123,--
639,19,10,--,5,0,39.86,-2.34,1.37,2,0,639,202,--
640,19,20,--,4,0,40.14,-5.01,1.62,1,0,640,251,--
641,19,14,--,5,0,40.32,-3.22,0.38,1,0,641,216,--
642,19,17,--,5,0,40.68,-3.88,0.554,3,0,642,225,140
643,19,21.6,--,4,44,40.98,-5.02,0.015,5,0,643,261,--
644,19,17,--,6,30,42,-3.18,2.34,2,0,644,226,--
645,19,17,--,7,15,42.66,-2.82,5,1,0,645,227,--
646,19,12,--,8,0,42.75,-1.38,2.52,2,0,646,211,--
647,19,17.5,--,7,25,42.87,-2.85,0.206,4,0,647,231,330
648,18,37,--,12,40,42.96,8.41,0.011,6,141,648,72,--
649,19,10,--,8,35,43.03,-0.67,23,2,0,649,203,--
650,18,37.5,--,13,0,43.32,8.45,0.05,4,141,650,75,--
651,19,17,--,8,0,43.33,-2.47,0.025,4,0,651,228,--
652,19,16,--,8,20,43.5,-2.09,0.217,2,0,652,220,--
653,18,40,--,13,0,43.59,7.9,0.643,2,141,653,94,--
654,19,27,--,7,0,43.62,-5.13,4.56,1,0,654,282,331 332
655,19,17.9,--,8,27,43.83,-2.45,0.02,5,0,655,234,--
656,19,18.9,--,8,22,43.87,-2.71,0.001,5,0,656,242,--
657,19,19,--,8,48,44.27,-2.53,0.075,5,0,657,244,--
658,19,18.5,--,9,0,44.38,-2.33,0.016,4,146,658,238,--
659,18,39,--,14,0,44.39,8.56,1.46,3,141,659,86,--
660,18,35,--,14,30,44.41,9.65,2.28,1,141,660,57,--
661,19,19.4,--,9,0,44.49,-2.52,0.008,4,145,661,249,--
662,18,55,--,12,20,44.65,4.34,0.416,1,0,662,159,--
663,19,34.5,--,7,27,44.91,-6.54,0.005,6,126,663,305,335
664,19,18.5,--,9,40,44.97,-2.01,0.183,4,0,664,239,--
665,18,37.5,--,14,50,44.99,9.26,0.077,3,141,665,76,--
666,18,38.5,--,15,0,45.25,9.11,0.131,4,141,666,79,--
667,19,3,--,12,0,45.25,2.45,2.63,3,0,667,181,--
668,19,41,--,7,15,45.53,-8.05,0.037,3,123,668,332,338
669,19,0,--,12,45,45.58,3.44,1.28,4,0,669,170,128
670,19,40,--,7,30,45.62,-7.71,0.168,2,123,670,327,--
671,19,35,--,8,20,45.75,-6.23,0.102,2,125,671,294,--
672,19,45,--,7,0,45.79,-9.04,0.687,1,122,672,351,--
673,19,18.5,--,11,10,46.29,-1.3,0.199,6,0,673,240,--
674,19,26,--,10,20,46.44,-3.32,0.458,1,140,674,275,--
675,19,21.6,--,11,0,46.51,-2.05,0.003,6,0,675,262,--
676,19,19.2,--,11,25,46.6,-1.33,0.006,6,0,676,248,--
677,19,20,--,11,28,46.73,-1.48,0.006,6,0,677,252,--
678,19,42,--,8,30,46.75,-7.66,0.05,4,124,679,335,--
679,19,11,--,12,40,46.75,1.03,0.936,3,0,678,209,--
680,19,42.3,--,8,31,46.8,-7.71,0.007,5,124,680,342,--
681,19,42,--,8,40,46.9,-7.57,0.066,2,124,681,336,339
682,19,26.5,--,10,50,46.94,-3.18,0.052,3,139,683,281,333
683,19,19,--,11,50,46.94,-1.09,0.104,3,0,682,245,--
684,19,19.5,--,12,20,47.44,-0.96,0.185,5,0,684,250,--
685,19,27.5,--,11,20,47.49,-3.16,0.037,2,138,685,287,--
686,19,21,--,12,20,47.61,-1.28,0.009,4,0,686,258,--
687,19,36.2,--,10,18,47.63,-5.53,0.006,5,130,687,313,--
688,19,36.4,--,10,22,47.71,-5.54,0.016,5,130,688,315,142
689,19,38,--,10,10,47.73,-5.98,0.057,4,130,689,318,--
690,19,38.3,--,10,13,47.81,-6.02,0.035,3,130,690,322,--
691,19,27,--,11,50,47.87,-2.81,0.063,2,137,691,283,--
692,19,20,--,12,50,47.94,-0.83,0.05,4,0,692,253,--
693,19,8,--,14,25,47.96,2.49,17,2,0,693,198,--
694,19,38.3,--,10,50,48.35,-5.72,0.109,6,130,694,323,143
695,19,42,--,10,20,48.36,-6.76,0.351,1,130,695,337,--
696,19,27,--,12,30,48.46,-2.49,0.019,2,136,696,284,--
697,19,0,--,16,0,48.48,4.93,0.561,2,0,697,171,--
698,19,23.8,--,13,0,48.52,-1.57,0.012,6,0,698,269,--
699,19,27,--,12,40,48.61,-2.41,0.02,2,135,699,285,--
700,19,38.9,--,11,8,48.68,-5.7,0.005,4,131,700,324,--
701,19,32.6,--,12,10,48.83,-3.85,0.016,4,134,701,299,334
702,19,34.1,--,12,10,49.01,-4.17,0.005,5,133,702,304,336
703,19,45.2,--,10,43,49.09,-7.25,0.02,2,129,703,356,--
704,19,24.5,--,13,40,49.19,-1.4,0.097,6,0,704,270,--
705,19,34.5,--,12,20,49.2,-4.17,0.086,4,132,705,306,337
706,18,18,--,21,44,49.41,16.36,0.008,4,0,706,942,--
707,19,46.3,--,11,20,49.76,-7.18,0.024,5,128,707,360,340
708,19,0,--,17,30,49.82,5.61,0.02,3,0,708,172,--
709,19,12,--,16,20,50.11,2.53,0.002,6,0,709,212,--
710,19,0,--,18,0,50.27,5.84,0.045,3,0,710,173,--
711,19,0,--,18,0,50.27,5.84,6,1,0,711,174,--
712,18,57,--,18,30,50.4,6.7,0.865,2,0,712,164,--
713,19,10,--,17,0,50.48,3.26,4,3,0,713,204,--
714,19,10,--,17,50,51.22,3.65,0.009,4,0,714,205,--
715,19,3,--,19,0,51.49,5.66,0.115,3,0,715,182,--
716,19,21,--,17,0,51.72,0.94,14,4,0,716,259,--
717,19,14,--,17,55,51.73,2.84,0.147,5,0,717,217,--
718,19,10,--,18,30,51.81,3.96,0.524,4,0,718,206,--
719,19,1,--,19,40,51.87,6.38,0.088,2,0,719,176,--
720,19,35,--,15,20,51.88,-2.81,7,2,0,720,307,--
721,19,29,--,16,35,52.27,-0.94,19,3,0,721,290,--
722,19,22,--,18,20,53,1.37,0.023,5,0,722,263,--
723,19,16,--,19,8,53.03,3,0.01,5,0,723,221,--
724,19,10,--,20,0,53.14,4.65,6,2,0,724,207,--
725,19,26,--,18,4,53.22,0.4,0.005,5,0,725,276,--
726,19,44,--,15,50,53.4,-4.44,0.03,1,155,726,349,--
727,19,29,--,18,10,53.65,-0.17,0.018,4,0,727,291,--
728,19,7,--,21,0,53.71,5.73,1,1,0,728,197,--
729,19,38.1,--,17,10,53.85,-2.55,0.023,5,0,729,321,--
730,19,18,--,19,50,53.87,2.91,0.023,5,0,730,237,--
731,19,36,--,17,30,53.89,-1.95,0.27,4,0,731,312,--
732,19,17.5,--,20,5,54.04,3.13,0.018,5,0,732,232,--
733,19,42,--,17,0,54.17,-3.44,0.398,2,154,733,338,--
734,19,6,--,22,0,54.5,6.4,0.66,2,0,734,195,--
735,19,20,--,20,20,54.54,2.73,0.019,5,0,735,254,--
736,19,12,--,21,30,54.69,4.93,0.66,2,0,736,213,--
737,19,38,--,18,10,54.7,-2.03,0.077,4,0,737,319,--
738,19,19,--,20,50,54.87,3.17,0.062,2,0,738,246,--
739,19,22,--,20,30,54.91,2.4,0.384,3,0,739,264,--
740,19,26,--,20,0,54.92,1.33,3.8,2,0,740,277,--
741,19,19,--,21,0,55.01,3.25,7,4,0,741,247,--
742,19,31,--,19,30,55.05,0.06,0.047,4,0,742,296,--
743,19,36.2,--,18,50,55.07,-1.33,0.014,4,0,743,314,--
744,19,17.3,--,21,20,55.12,3.76,0.027,4,0,744,230,--
745,19,46,--,17,40,55.23,-3.93,0.49,2,153,745,357,--
746,19,20,--,21,12,55.3,3.14,0.035,4,0,746,255,--
747,19,39,--,18,45,55.33,-1.95,0.017,4,0,747,325,--
748,19,23,--,21,0,55.46,2.43,0.57,2,0,748,266,--
749,19,13,--,22,20,55.54,5.11,0.295,3,0,749,215,--
750,19,16,--,22,0,55.57,4.34,8,2,0,750,222,--
751,19,18.9,--,21,39,55.58,3.58,0.003,4,0,751,243,--
752,19,36.7,--,19,25,55.64,-1.15,0.012,4,0,752,316,--
753,19,46,--,18,10,55.66,-3.68,0.005,5,153,753,358,--
754,19,45,--,18,35,55.9,-3.26,0.008,4,152,754,352,--
755,19,25,--,21,20,55.97,2.18,0.167,3,0,755,271,--
756,19,25.5,--,21,20,56.03,2.08,0.007,4,0,756,274,--
757,19,40,--,19,27,56.05,-1.81,0.033,4,0,758,328,--
758,19,44.5,--,18,50,56.05,-3.03,0.029,5,0,757,350,--
759,19,8,--,24,0,56.5,6.89,0.358,1,163,759,199,--
760,19,28,--,21,45,56.68,1.77,0.01,3,0,760,288,--
761,19,34,--,21,0,56.7,0.18,0.116,5,0,761,302,--
762,19,17.8,--,23,5,56.73,4.48,0.01,4,0,762,233,--
763,19,16.5,--,23,20,56.81,4.86,0.008,6,0,763,223,--
764,19,17,--,23,20,56.86,4.76,0.079,3,0,764,229,--
765,19,42,--,20,10,56.91,-1.85,0.04,4,0,765,339,--
766,19,47,--,19,30,56.93,-3.21,1.04,2,151,766,361,--
767,19,23,--,22,40,56.93,3.22,0.201,3,0,767,267,--
768,19,26,--,22,30,57.11,2.54,0.111,4,0,769,278,--
769,19,22,--,23,0,57.11,3.59,0.016,6,0,768,265,--
770,19,30,--,22,0,57.12,1.49,0.344,2,0,770,295,--
771,19,18.6,--,23,26,57.12,4.48,0.005,6,0,771,241,--
772,19,23,--,23,0,57.22,3.38,0.068,4,0,772,268,--
773,19,20.4,--,23,20,57.23,4.07,0.004,4,0,773,256,--
774,19,20.8,--,23,20,57.27,3.99,0.002,5,0,774,257,--
775,19,21.5,--,23,20,57.35,3.85,0.025,4,0,775,260,--
776,19,33,--,22,0,57.46,0.88,0.529,2,0,776,300,--
777,19,10,--,25,0,57.61,6.94,0.226,1,162,777,208,--
778,19,25,--,23,35,57.95,3.26,0.043,6,0,778,272,--
779,19,28,--,23,15,57.99,2.49,0.14,3,0,779,289,--
780,19,12,--,25,20,58.12,6.69,0.127,2,162,780,214,--
781,19,26,--,23,40,58.14,3.1,0.047,3,0,781,279,--
782,19,26,--,23,50,58.28,3.18,0.01,5,0,782,280,--
783,19,25,--,24,0,58.32,3.46,0.05,3,0,783,273,--
784,19,27,--,24,0,58.54,3.06,0.391,2,0,784,286,--
785,19,32,--,24,0,59.09,2.06,0.007,3,161,785,298,--
786,19,29.5,--,24,20,59.11,2.72,0.038,3,0,786,293,--
787,19,51,--,22,0,59.56,-2.73,24,2,0,787,368,--
788,19,31.5,--,24,40,59.62,2.48,0.007,3,0,788,297,--
789,19,47.5,--,23,30,60.43,-1.26,0.014,3,144,789,363,--
790,19,33,--,25,35,60.59,2.63,0.005,4,143,790,301,--
791,19,47.5,--,23,50,60.72,-1.09,0.095,4,0,791,364,--
792,19,35,--,25,35,60.81,2.24,0.145,4,0,792,308,--
793,19,37.5,--,25,20,60.87,1.63,0.066,3,0,793,317,--
794,19,35,--,26,30,61.61,2.69,0.278,1,160,795,309,--
795,19,35,--,26,30,61.61,2.69,0.278,1,142,794,310,--
796,19,42,--,26,15,62.17,1.21,0.014,4,0,796,340,--
797,20,3.5,--,23,20,62.22,-4.48,0.013,3,0,797,398,--
798,19,45,--,26,0,62.29,0.5,2.5,3,0,798,353,--
799,19,40.5,--,26,50,62.5,1.79,0.026,4,0,799,330,--
800,19,42,--,26,40,62.53,1.42,0.036,4,0,800,341,--
801,20,1.3,--,24,10,62.65,-3.61,0.041,3,0,801,389,--
802,19,57.6,--,24,50,62.77,-2.54,0.005,4,0,802,380,--
803,19,40.3,--,27,10,62.77,1.99,0.019,4,0,803,329,--
804,19,40.8,--,27,8,62.8,1.88,0.018,4,0,804,331,--
805,19,59.5,--,24,37,62.81,-3.02,0.005,4,0,805,385,--
806,19,42.3,--,27,0,62.85,1.52,0.006,4,0,806,343,--
807,19,41.6,--,27,15,62.99,1.79,0.025,4,0,807,334,--
808,19,43,--,27,10,63.07,1.47,0.014,4,0,808,345,--
809,20,2,--,25,0,63.44,-3.3,2.2,1,0,809,390,--
810,19,43,--,27,50,63.65,1.81,0.047,4,0,810,346,--
811,19,38,--,28,45,63.89,3.22,0.253,1,178,811,320,--
812,19,43,--,28,25,64.15,2.1,0.145,3,0,812,347,--
813,19,41,--,29,0,64.44,2.78,0.224,3,0,813,333,--
814,20,2,--,26,35,64.78,-2.45,0.032,3,0,814,391,--
815,19,45,--,29,0,64.88,2.02,2.32,3,0,815,354,--
816,19,34,--,30,25,64.92,4.8,0.025,1,177,816,303,--
817,19,39,--,30,0,65.09,3.65,5,2,0,817,326,--
818,20,15,--,26,0,65.89,-5.2,10,1,0,818,425,--
819,19,46,--,30,15,66.07,2.47,0.118,2,0,819,359,--
820,19,43,--,30,50,66.24,3.32,0.378,3,0,820,348,--
821,19,35.2,--,32,20,66.73,5.51,0.007,3,408,821,311,--
822,19,45,--,32,0,67.47,3.54,2.41,1,0,822,355,--
823,20,7,--,30,0,68.25,-1.52,1.44,2,0,823,408,--
824,20,14,--,29,15,68.47,-3.2,0.212,4,0,824,421,--
825,19,50,--,33,0,68.87,3.14,2.05,3,0,825,366,--
826,19,47,--,33,25,68.91,3.89,0.055,3,0,826,362,--
827,20,16,--,29,33,68.96,-3.4,0.055,4,0,827,426,--
828,19,49,--,33,25,69.12,3.53,0.019,3,0,828,365,--
829,19,51.3,--,33,19,69.28,3.07,0.011,4,0,829,369,--
830,19,50,--,33,39,69.43,3.47,0.015,3,0,830,367,--
831,19,52,--,33,35,69.59,3.08,0.012,4,0,831,373,--
832,19,53,--,33,38,69.74,2.93,0.022,4,0,832,376,--
833,19,53,--,33,40,69.77,2.95,1.5,2,0,833,377,--
834,19,52,--,34,16,70.17,3.44,0.015,4,0,834,374,--
835,19,51.5,--,34,33,70.36,3.67,0.014,3,0,835,370,--
836,19,51.5,--,34,35,70.39,3.69,0.012,4,0,836,371,--
837,20,21.9,--,30,37,70.57,-3.84,0.008,4,176,837,440,--
838,20,22,--,30,37,70.58,-3.85,0.008,4,0,838,441,--
839,19,58,--,34,0,70.59,2.24,1.4,1,0,839,381,--
840,19,52.4,--,35,0,70.84,3.75,0.11,3,0,840,375,--
841,20,9,--,33,0,70.99,-0.23,30,3,0,841,414,--
842,20,18,--,31,50,71.09,-2.46,0.016,4,0,842,431,--
843,20,18.7,--,31,46,71.12,-2.62,0.007,4,0,843,436,--
844,20,28.4,--,30,30,71.29,-5.04,0.02,3,0,844,448,--
845,20,3.1,--,34,13,71.34,1.46,0.2,2,0,845,396,--
846,20,40,--,29,0,71.6,-7.96,3,1,0,846,477,--
847,20,0,--,35,0,71.66,2.42,3,3,0,847,386,341
848,20,3.4,--,34,43,71.8,1.68,0.011,4,0,848,397,--
849,20,2.7,--,34,58,71.93,1.94,0.011,4,0,849,395,--
850,20,10,--,34,0,71.94,0.15,0.8,1,0,850,416,--
851,20,28.3,--,31,30,72.09,-4.44,0.02,3,175,851,447,--
852,20,4,--,35,0,72.1,1.73,0.03,3,0,852,399,--
853,20,5,--,35,5,72.28,1.6,0.002,5,0,853,402,147
854,19,56,--,36,15,72.29,3.77,0.108,2,0,854,378,--
855,19,56.7,--,36,15,72.37,3.65,0.008,3,0,855,379,--
856,20,6.3,--,35,2,72.39,1.35,0.015,3,0,856,407,--
857,20,0,--,36,0,72.51,2.95,0.8,1,0,857,387,144
858,20,9.2,--,34,48,72.52,0.73,0.2,4,0,858,415,--
859,20,29.4,--,32,10,72.77,-4.23,0.015,4,0,860,449,--
860,20,3,--,35,55,72.76,2.4,0.001,6,0,859,27,146
861,19,58.6,--,36,38,72.9,3.53,0.005,3,0,861,384,--
862,20,5,--,36,50,73.75,2.55,0.8,1,0,862,403,--
863,20,5.9,--,36,58,73.96,2.47,0.005,4,0,863,405,--
864,20,40,--,32,0,73.99,-6.12,5,3,0,864,478,--
865,20,2.4,--,37,38,74.15,3.42,0.075,4,0,865,394,145
866,20,5.3,--,37,38,74.46,2.94,0.172,3,0,866,404,--
867,19,58.1,--,38,35,74.51,4.64,0.011,3,0,867,383,--
868,20,45,--,32,0,74.65,-6.96,0.654,2,0,868,492,--
869,19,58,--,39,20,75.14,5.05,0.034,1,215,869,382,--
870,20,35,--,35,0,75.74,-3.47,25,2,0,870,464,--
871,20,4,--,39,40,76.04,4.25,0.068,2,216,871,400,--
872,20,0,--,40,20,76.19,5.25,0.083,1,214,872,388,--
873,20,39,--,35,0,76.24,-4.12,0.98,1,181,873,472,--
874,20,40,--,35,0,76.37,-4.28,0.98,1,0,874,479,--
875,20,6,--,39,50,76.38,4.01,0.004,3,216,875,406,--
876,20,7.5,--,39,45,76.47,3.73,0.029,3,217,876,411,--
877,20,12.5,--,39,45,77,2.93,0.007,6,0,877,420,--
878,20,7,--,40,31,77.06,4.23,0.003,4,0,878,409,--
879,20,19,--,39,10,77.23,1.56,0.004,5,0,879,437,--
880,20,12,--,40,10,77.3,3.24,0.015,5,0,880,418,343
881,20,16,--,39,40,77.31,2.32,0.005,6,0,881,427,--
882,20,17.5,--,39,30,77.34,1.99,0.002,5,0,882,430,--
883,20,18,--,39,30,77.39,1.91,0.003,5,0,883,432,--
884,20,4,--,41,20,77.45,5.14,1.23,2,0,884,401,--
885,20,7.5,--,41,0,77.52,4.41,0.002,4,0,885,412,342
886,20,17,--,39,50,77.56,2.26,1.05,2,0,886,428,--
887,20,2,--,42,20,78.1,5.99,0.019,4,0,887,392,--
888,20,17,--,40,30,78.11,2.64,4.46,3,0,888,429,344
889,20,23,--,40,0,78.35,1.41,0.8,4,0,889,444,347
890,20,2,--,42,45,78.45,6.21,0.054,3,213,890,393,--
891,20,12,--,41,50,78.69,4.16,0.011,4,0,891,419,--
892,20,14,--,41,40,78.75,3.76,0.054,4,0,892,422,--
893,20,11,--,42,5,78.79,4.45,0.034,3,0,893,417,--
894,20,14,--,41,45,78.82,3.81,0.004,4,0,894,423,--
895,20,14,--,42,30,79.45,4.22,5.64,2,0,895,424,--
896,20,40,--,39,30,79.91,-1.5,0.028,5,0,896,480,--
897,20,23,--,42,0,79.98,2.57,0.111,4,0,897,445,--
898,20,40,--,39,40,80.04,-1.4,0.07,4,0,898,481,--
899,20,22,--,42,30,80.29,3.01,0.018,4,0,899,442,--
900,20,23,--,42,35,80.46,2.91,0.016,4,0,900,446,--
901,20,19.8,--,43,10,80.6,3.72,0.006,4,0,901,438,--
902,20,20,--,43,10,80.62,3.69,0.001,5,0,902,439,--
903,20,7,--,44,55,80.78,6.61,0.005,5,212,903,410,--
904,20,51,--,39,0,80.87,-3.47,8,1,0,904,499,--
905,20,8,--,45,10,81.09,6.59,0.018,4,211,905,413,--
906,20,35,--,42,0,81.31,0.78,15.78,3,0,906,465,348 346 349
907,20,43.4,--,40,50,81.36,-1.18,0.047,3,0,907,489,--
908,20,18,--,45,0,81.93,5.03,0.366,3,210,909,433,--
909,20,18,--,45,0,81.93,5.03,3.84,3,0,908,434,--
910,20,18,--,45,10,82.07,5.13,0.011,4,0,910,435,--
911,20,39,--,42,45,82.35,0.65,0.013,4,0,911,473,--
912,21,6,--,38,30,82.42,-6,0.8,1,0,912,559,--
913,20,22.6,--,45,10,82.53,4.46,0.011,4,209,913,443,--
914,20,50,--,41,30,82.66,-1.72,5.21,3,0,914,496,--
915,20,43.6,--,42,55,83.01,0.09,0.007,6,0,915,490,--
916,20,56,--,41,0,83.01,-2.9,1.44,2,0,916,508,--
917,20,38.5,--,43,58,83.26,1.47,0.001,6,0,917,471,--
918,20,39.2,--,43,55,83.29,1.34,0.004,6,0,918,475,--
919,20,31,--,45,7,83.36,3.23,0.001,5,208,919,451,--
920,20,31,--,45,10,83.4,3.26,0.001,5,0,921,452,--
921,20,31.5,--,45,6,83.4,3.15,0.002,5,207,920,453,--
922,20,37,--,44,25,83.45,1.96,0.005,6,0,922,468,--
923,20,33,--,45,0,83.48,2.88,0.054,3,206,923,458,--
925,20,32,--,45,10,83.51,3.12,0.002,5,0,924,454,--
926,20,33.7,--,45,9,83.67,2.87,0.002,5,206,925,460,--
927,21,2,--,40,54,83.69,-3.82,0.025,4,0,926,542,--
928,20,39.3,--,44,25,83.7,1.63,0.003,6,0,927,476,--
929,20,34,--,45,10,83.72,2.84,0.002,5,0,928,461,--
930,20,35.2,--,45,10,83.85,2.67,0.002,5,205,929,466,--
931,20,46,--,43,40,83.87,0.23,0.013,5,0,930,494,--
932,21,4,--,41,40,84.51,-3.58,0.004,4,0,931,550,--
933,20,51,--,44,0,84.7,-0.26,0.132,1,0,932,500,--
934,21,5.2,--,41,55,84.85,-3.58,0.011,4,0,933,558,--
935,20,55,--,43,40,84.91,-1.02,2.25,4,0,934,505,152
936,20,50,--,45,0,85.35,0.52,0.914,2,0,935,497,--
937,21,8,--,42,15,85.45,-3.74,8.13,3,0,936,568,--
938,21,7,--,42,30,85.5,-3.43,0.316,3,204,937,564,--
939,20,29.5,--,48,0,85.54,5.15,20,1,0,938,450,--
940,20,52,--,45,24,85.88,0.51,0.151,2,224,939,501,--
941,20,55,--,45,38,86.4,0.26,0.105,5,0,940,506,153
942,21,14.5,--,43,0,86.82,-4.08,0.006,5,203,941,583,--
943,21,14.8,--,43,11,86.99,-4,0.009,3,203,942,584,--
944,21,15.8,--,43,5,87.04,-4.2,0.002,6,202,943,586,--
945,20,56,--,46,20,87.04,0.59,0.16,2,0,944,509,--
946,21,17.1,--,43,15,87.33,-4.25,0.001,5,200,945,587,--
947,21,18.1,--,43,6,87.35,-4.48,0.008,5,198,946,592,--
948,21,18.8,--,43,2,87.4,-4.62,0.001,5,197,947,595,--
949,21,17.5,--,43,19,87.43,-4.25,0.014,5,201,949,588,--
950,20,58.8,--,46,25,87.42,0.28,0.112,5,0,948,524,356
951,21,19.2,--,43,6,87.49,-4.63,0.005,6,195,950,597,--
952,21,18.6,--,43,15,87.52,-4.44,0.001,5,199,951,594,--
953,21,19.5,--,43,10,87.58,-4.62,0.001,6,196,952,599,--
954,21,0,--,47,0,88,0.52,0.45,3,0,953,531,--
955,20,56,--,47,40,88.05,1.47,0.081,3,0,954,510,--
956,21,9.8,--,45,46,88.23,-1.56,0.003,5,223,955,572,--
957,20,59,--,47,35,88.32,1.03,0.256,1,0,956,525,--
958,20,57.3,--,47,55,88.38,1.47,0.012,5,0,957,517,--
959,21,10,--,46,20,88.67,-1.2,0.079,1,223,958,573,--
960,21,6.8,--,46,58,88.75,-0.36,0.003,5,222,959,563,--
961,21,7.1,--,47,2,88.84,-0.36,0.006,5,221,960,566,--
962,21,0,--,48,10,88.87,1.29,0.666,2,0,961,532,--
963,21,12,--,46,20,88.91,-1.45,0.104,3,223,962,577,--
964,21,7.8,--,47,10,89.02,-0.35,0.006,5,220,963,567,--
965,21,18,--,45,40,89.16,-2.66,0.43,3,239,964,590,--
966,20,58.5,--,48,50,89.2,1.92,0.172,4,0,965,523,--
967,21,8.5,--,47,22,89.24,-0.3,0.156,3,220,966,571,--
968,21,20.7,--,45,20,89.26,-3.23,0.014,2,194,967,604,--
969,21,32,--,43,22,89.37,-6.04,0.018,3,192,968,628,--
970,21,11,--,47,10,89.39,-0.75,0.123,4,220,969,576,361
971,20,59.2,--,49,7,89.49,2.02,0.01,5,0,970,528,--
972,21,19.5,--,45,55,89.52,-2.67,0.05,4,239,971,600,--
973,21,35.5,--,43,0,89.6,-6.74,0.029,5,191,972,645,159
974,21,17.5,--,46,25,89.63,-2.07,0.192,4,239,973,589,--
975,21,10,--,47,40,89.64,-0.28,0.075,5,0,974,574,--
976,21,22.3,--,45,48,89.79,-3.09,0,2,239,975,605,--
977,21,37,--,43,0,89.8,-6.93,0.034,4,191,976,649,--
978,20,59.5,--,49,30,89.81,2.24,0.2,5,0,977,530,--
979,21,37.5,--,43,8,89.96,-6.89,0.002,5,191,978,654,--
980,21,23,--,46,0,90.02,-3.03,0,1,239,979,607,--
981,20,58,--,50,0,90.03,2.75,0.033,6,0,980,520,--
982,21,0.8,--,49,43,90.11,2.23,0.019,5,0,981,539,--
983,21,30.5,--,44,50,90.17,-4.78,0.068,3,193,982,624,156 155
984,21,0,--,50,0,90.24,2.51,0.056,4,0,983,533,--
985,20,57.5,--,50,23,90.26,3.06,0.033,4,0,984,519,--
986,21,30.5,--,45,0,90.28,-4.66,0.079,2,193,985,625,--
987,20,59.2,--,50,29,90.52,2.93,0.009,5,0,986,529,--
988,21,3,--,50,0,90.56,2.15,0.21,1,0,987,547,--
989,21,20,--,47,20,90.58,-1.72,1.4,3,239,988,602,--
990,20,57.3,--,51,5,90.77,3.55,0.051,5,0,989,518,--
991,21,0.7,--,50,41,90.82,2.88,0.016,5,0,990,538,--
992,20,53,--,51,50,90.9,4.55,0.08,3,0,991,502,--
993,21,24.8,--,47,12,91.07,-2.38,0.001,4,234,992,611,--
994,21,24.2,--,47,26,91.16,-2.14,0.009,3,238,995,610,--
995,21,24.9,--,47,18,91.15,-2.32,0.001,4,235,994,613,--
996,20,56,--,51,45,91.14,4.14,0.08,5,0,993,511,--
997,21,24.8,--,47,28,91.26,-2.19,0.001,5,237,998,612,--
998,21,2.5,--,51,0,91.25,2.88,0.172,4,0,996,546,--
999,21,6,--,50,30,91.25,2.14,7.2,1,0,997,560,--
1000,21,5,--,50,40,91.27,2.37,0.255,1,0,999,555,--
1001,21,25.5,--,47,28,91.34,-2.27,0.001,5,236,1000,616,--
1002,20,55,--,52,30,91.61,4.74,1.97,2,0,1001,507,--
1003,20,58,--,52,10,91.66,4.18,0.079,5,0,1002,521,--
1004,21,0,--,52,10,91.86,3.95,0.174,4,0,1003,534,--
1005,21,12,--,50,30,91.91,1.44,7,3,0,1005,578,--
1006,21,29.5,--,47,35,91.91,-2.65,0.039,3,233,1004,618,--
1007,21,23.5,--,48,40,91.93,-1.17,0.153,3,240,1006,608,363
1008,21,25,--,48,50,92.22,-1.22,0.013,5,240,1007,614,--
1009,21,32,--,47,40,92.28,-2.87,0.061,4,232,1008,629,--
1010,21,37,--,46,50,92.36,-4.06,0.182,4,230,1009,650,--
1011,21,5,--,52,10,92.38,3.38,0.078,4,0,1010,556,--
1012,21,32.3,--,47,53,92.47,-2.74,0.021,4,231,1011,633,--
1013,20,59,--,53,10,92.51,4.72,0.048,5,0,1012,526,--
1014,21,22.3,--,49,47,92.57,-0.23,0.004,6,0,1013,606,--
1015,20,59,--,53,20,92.64,4.83,0.049,5,0,1014,527,--
1016,21,18.1,--,50,48,92.8,0.96,0.003,5,0,1015,593,--
1017,21,23.6,--,49,57,92.83,-0.26,0.027,5,0,1016,609,362
1018,21,3,--,53,5,92.85,4.22,0.016,5,0,1017,548,--
1019,21,19.3,--,50,44,92.89,0.78,0.003,5,0,1018,598,--
1020,21,41,--,47,0,92.98,-4.38,0.136,3,229,1019,674,--
1021,21,19.9,--,50,49,93.01,0.77,0.001,6,0,1020,601,--
1022,21,8,--,52,40,93.06,3.38,0.382,4,0,1021,569,--
1023,20,57,--,54,10,93.08,5.6,0.28,2,0,1022,513,--
1024,21,40.4,--,47,18,93.1,-4.09,0.011,5,228,1023,671,--
1026,21,0,--,53,50,93.11,5.05,0.048,5,0,1024,535,--
1027,21,5,--,53,10,93.12,4.05,0.026,5,0,1025,557,--
1028,21,4,--,53,20,93.14,4.28,0.055,4,0,1026,551,--
1029,21,0,--,54,0,93.24,5.16,10,3,0,1027,536,--
1030,21,44.6,--,46,52,93.37,-4.88,0.031,4,229,1029,686,--
1031,21,44,--,47,0,93.37,-4.71,0.02,5,229,1030,684,--
1032,21,2,--,53,55,93.37,4.89,0.043,4,0,1028,543,--
1033,20,36,--,57,0,93.44,9.69,0.714,3,0,1031,467,--
1034,21,4,--,53,50,93.51,4.61,0.045,4,0,1032,552,--
1035,21,42.8,--,47,30,93.54,-4.2,0.109,5,225,1036,681,--
1036,20,37,--,57,0,93.52,9.58,0.088,5,0,1033,469,--
1037,20,53,--,55,15,93.53,6.75,0.591,3,0,1034,503,--
1038,20,45,--,56,10,93.53,8.2,0.66,2,0,1035,493,--
1039,20,41,--,56,40,93.58,8.94,0.079,4,0,1037,485,--
1040,21,44.7,--,47,30,93.79,-4.4,0.016,4,225,1039,687,--
1041,20,37,--,57,20,93.79,9.78,0.022,5,245,1038,470,--
1042,21,47.3,--,47,10,93.92,-4.94,0.015,5,225,1042,700,--
1043,21,38,--,49,0,93.92,-2.54,1.148,2,0,1041,655,--
1044,20,40,--,57,10,93.9,9.35,0.006,5,0,1040,482,--
1045,21,46.5,--,47,25,93.97,-4.66,0.018,4,225,1043,698,--
1046,21,41.5,--,48,30,94.03,-3.3,0.088,3,0,1044,679,--
1047,21,46.2,--,47,38,94.07,-4.46,0.005,5,226,1045,697,--
1048,21,33.5,--,50,7,94.11,-1.22,0.069,3,0,1046,637,--
1049,20,41,--,57,20,94.12,9.35,0.005,6,0,1047,486,--
1050,21,4,--,54,40,94.13,5.17,0.09,4,0,1048,553,--
1051,20,41.5,--,57,20,94.16,9.29,0.01,5,244,1049,487,--
1052,21,46,--,47,54,94.21,-4.24,0.018,5,227,1051,694,--
1053,20,58,--,55,30,94.18,6.37,0.033,5,339,1050,522,357
1054,21,33,--,50,30,94.31,-0.88,6,2,0,1052,634,--
1055,21,51.3,--,46,58,94.32,-5.53,0.199,3,225,1053,708,168
1056,20,57,--,55,50,94.35,6.69,0.036,2,339,1054,514,--
1057,21,42,--,49,20,94.63,-2.71,0.053,4,0,1055,680,--
1058,21,1,--,55,50,94.72,6.27,0.869,3,339,1056,540,--
1059,21,39,--,50,30,95.02,-1.51,0.059,3,0,1057,662,--
1060,21,10,--,55,5,95.02,4.82,0.031,4,340,1058,575,--
1061,20,57,--,57,10,95.36,7.56,0.618,2,364,1059,515,354
1062,21,12,--,55,20,95.4,4.79,0.003,5,341,1060,579,--
1063,21,6,--,56,10,95.44,5.97,0.025,5,339,1061,561,360
1064,21,12,--,55,25,95.46,4.85,0.001,5,342,1062,580,--
1065,21,6,--,56,20,95.56,6.09,0.023,5,339,1063,562,151
1066,21,46,--,50,30,95.87,-2.23,0.208,3,0,1065,695,--
1067,21,8,--,56,30,95.87,6,0.012,5,339,1064,570,--
1068,21,4.9,--,56,55,95.89,6.59,0.027,5,0,1066,28,359
1069,21,7,--,56,40,95.9,6.21,0.018,4,339,1067,565,--
1070,21,45,--,50,50,95.96,-1.87,0.05,5,0,1068,688,164
1071,20,57,--,58,0,96,8.1,0.092,5,243,1069,516,--
1072,21,15,--,56,0,96.18,4.95,1.51,2,343,1070,585,--
1073,21,46.5,--,51,10,96.36,-1.77,0.162,2,0,1071,699,--
1074,21,33,--,53,40,96.43,1.47,0.027,5,370,1072,635,364
1075,21,30,--,54,10,96.44,2.14,0.145,4,370,1073,619,157
1076,20,48.2,--,59,40,96.57,10.04,0.008,5,242,1074,495,149 148
1077,21,36,--,53,30,96.65,1.05,0.002,5,362,1075,647,--
1078,21,35,--,53,50,96.76,1.4,0.018,5,370,1076,640,--
1079,21,31,--,54,30,96.77,2.28,0.011,5,370,1077,626,--
1080,21,20,--,56,20,96.91,4.69,0.001,5,363,1078,603,154
1081,21,35,--,54,10,96.98,1.64,0.584,2,370,1079,641,--
1082,20,50,--,60,0,96.98,10.07,0.111,5,241,1080,498,150
1083,21,32,--,55,45,97.72,3.11,0.761,3,0,1081,630,--
1084,21,40,--,54,40,97.86,1.54,0.099,4,370,1082,666,--
1085,21,32,--,56,32,98.25,3.69,0.01,4,0,1083,631,--
1086,21,27,--,57,20,98.3,4.74,0.095,4,371,1084,617,--
1087,21,34,--,56,20,98.32,3.35,0.013,5,0,1085,638,--
1088,21,37,--,56,0,98.41,2.83,0.019,4,0,1087,651,160
1089,20,32,--,63,20,98.4,13.78,0.244,3,296,1086,455,--
1090,21,34,--,56,30,98.43,3.48,0.028,4,0,1088,639,365
1091,21,59,--,52,40,98.8,-1.78,0.124,2,361,1089,716,--
1092,21,36,--,56,45,98.81,3.48,0.014,3,0,1090,648,--
1093,21,32,--,57,25,98.85,4.34,0.034,4,0,1092,632,--
1094,20,32,--,63,50,98.83,14.06,0.002,5,297,1091,456,--
1095,21,41,--,56,5,98.89,2.52,0.012,4,0,1093,675,162
1096,21,30,--,57,50,98.93,4.83,0.001,3,0,1094,620,--
1097,21,45,--,55,30,98.94,1.72,0.003,4,254,1095,689,--
1098,21,33,--,57,25,98.95,4.25,0.025,3,0,1096,636,--
1099,21,35,--,57,10,98.98,3.88,0.008,5,0,1098,642,--
1100,20,34,--,63,50,98.96,13.88,0.007,5,298,1097,462,--
1101,21,38,--,56,45,99.01,3.3,0.095,3,0,1099,656,--
1102,21,31,--,57,50,99.03,4.74,0.008,5,0,1100,627,--
1103,21,40.1,--,56,30,99.07,2.92,0.003,6,0,1101,670,161
1104,21,40.5,--,56,30,99.11,2.89,0.006,4,0,1102,673,--
1105,21,35.6,--,57,20,99.15,3.95,0.008,4,0,1103,646,--
1106,21,41,--,56,40,99.27,2.97,0.009,4,0,1104,676,163
1107,21,55,--,54,15,99.29,-0.16,11,1,0,1105,711,--
1108,21,25,--,59,20,99.49,6.37,0.046,3,257,1106,615,--
1109,21,50,--,55,35,99.55,1.33,0.15,2,0,1107,703,--
1110,21,38,--,57,40,99.62,3.99,0.007,4,0,1109,657,--
1111,21,38,--,57,40,99.62,3.99,0.002,6,0,1108,658,--
1112,21,37,--,57,50,99.63,4.2,0.013,4,0,1110,652,--
1113,21,43,--,56,58,99.67,3.02,0.002,5,0,1111,682,367
1114,21,48,--,56,10,99.69,1.96,0.016,4,0,1112,701,--
1115,21,45,--,56,45,99.74,2.68,0.002,5,0,1114,690,--
1116,21,35,--,58,20,99.76,4.75,0.034,3,0,1115,643,--
1117,21,37,--,58,5,99.79,4.39,0.004,5,0,1116,653,--
1118,21,45,--,56,59,99.89,2.86,0.001,5,0,1117,691,--
1119,21,12,--,61,30,99.91,9.03,0.01,5,366,1118,581,--
1120,21,46,--,56,55,99.96,2.72,0.001,5,0,1119,696,--
1121,21,39,--,58,3,99.97,4.19,0.008,5,0,1120,663,--
1122,20,32,--,65,10,99.97,14.81,0.041,4,299,1121,457,--
1123,21,38,--,58,15,100,4.43,0.003,5,0,1122,659,--
1124,21,40,--,58,0,100.04,4.07,0.015,5,258,1123,58,--
1125,21,13.5,--,61,30,100.04,8.9,0.01,5,256,1124,582,--
1126,21,38,--,58,20,100.06,4.49,0.006,5,0,1125,660,--
1127,21,39.4,--,58,20,100.2,4.37,0.004,5,0,1126,665,--
1128,21,40,--,58,20,100.26,4.32,0.015,5,0,1127,668,--
1129,21,45,--,57,40,100.33,3.38,0.041,3,0,1128,692,--
1130,21,43,--,58,5,100.4,3.87,0.012,4,0,1129,683,--
1131,21,38.5,--,59,20,100.77,5.2,0.046,3,0,1130,29,366
1132,21,45,--,58,30,100.87,4.02,0.003,4,372,1131,693,--
1133,22,1,--,56,0,101.02,0.72,0.248,3,0,1132,719,--
1134,21,40,--,60,0,101.35,5.58,2.63,1,0,1133,669,--
1135,21,38,--,60,25,101.44,6.06,0.054,3,0,1134,661,--
1136,21,44,--,59,45,101.57,5.06,0.012,5,0,1135,685,--
1137,21,50,--,58,50,101.58,3.87,0.018,5,252,1137,704,368
1138,21,50,--,58,50,101.58,3.87,0.018,4,373,1136,705,--
1139,21,54,--,58,20,101.68,3.15,0.015,5,0,1138,709,--
1140,21,39,--,60,40,101.7,6.16,0.24,2,0,1139,664,--
1141,21,54,--,58,30,101.78,3.28,0.01,4,0,1140,710,--
1142,21,55,--,58,50,102.09,3.47,0.002,5,0,1141,712,--
1143,21,56,--,58,45,102.14,3.32,0.02,6,0,1142,713,--
1144,21,49,--,59,53,102.14,4.77,0.027,5,0,1143,702,166 165 167
1145,21,30,--,62,30,102.14,8.24,0.183,3,255,1145,621,--
1146,21,30,--,62,30,102.14,8.24,0.183,3,365,1144,622,--
1147,20,40,--,67,10,102.14,15.29,0.127,3,300,1147,483,--
1148,20,40,--,67,10,102.14,15.29,0.015,6,300,1146,484,--
1149,21,56,--,58,53,102.22,3.43,0.015,4,0,1148,714,170
1150,22,14,--,55,45,102.37,-0.53,0.007,3,368,1149,735,369
1151,21,58,--,58,50,102.4,3.23,0.027,3,0,1151,715,169
1152,20,34,--,67,50,102.37,16.14,0.025,5,302,1150,463,--
1153,21,59,--,58,45,102.45,3.09,0.079,5,0,1152,717,171
1154,22,15,--,55,58,102.61,-0.43,0.007,3,367,1154,737,--
1155,20,43,--,67,30,102.6,15.25,0.006,6,300,1153,488,--
1156,22,18,--,55,30,102.71,-1.05,0.043,2,369,1157,739,--
1157,20,39,--,67,50,102.65,15.75,0.005,5,301,1155,474,--
1158,20,44,--,67,30,102.66,15.17,0.111,4,300,1156,491,--
1159,22,5,--,58,20,102.84,2.29,2.79,1,0,1158,722,--
1160,22,3,--,58,45,102.87,2.78,0.019,3,0,1159,720,--
1161,22,18,--,55,53,102.92,-0.73,0.006,3,369,1160,740,--
1162,21,19,--,64,50,102.92,10.76,0.004,3,290,1161,596,--
1163,22,19,--,55,55,103.05,-0.78,0.007,2,369,1162,741,--
1164,22,5,--,58,55,103.18,2.76,0.019,6,0,1164,723,174
1165,22,5.5,--,58,50,103.18,2.66,0.019,6,409,1163,724,--
1166,22,4,--,59,20,103.32,3.18,0.001,6,253,1167,721,173
1167,21,3,--,66,50,103.3,13.32,0.062,2,304,1165,549,--
1168,20,56,--,67,25,103.31,14.21,0.003,5,305,1166,512,--
1169,22,5.5,--,59,30,103.57,3.2,0.004,5,410,1168,725,--
1170,21,1,--,67,25,103.63,13.84,0.215,3,304,1169,541,--
1171,20,53,--,68,8,103.71,14.88,0.002,5,303,1170,504,--
1172,21,2,--,67,30,103.76,13.82,0.01,6,304,1171,544,--
1173,21,4,--,67,30,103.88,13.67,0.006,5,304,1172,554,--
1174,21,2,--,68,0,104.15,14.14,0.294,4,304,1173,545,--
1175,22,12,--,60,30,104.81,3.55,0.015,3,0,1174,730,--
1176,21,30,--,66,30,104.93,11.15,0.446,1,288,1175,623,--
1177,21,18,--,68,3,105.22,13.06,0.005,4,287,1176,591,--
1178,22,7.5,--,62,5,105.27,5.16,0.005,5,251,1177,726,--
1179,22,25.5,--,58,47,105.31,1.19,0.002,5,0,1178,750,--
1180,22,25,--,59,0,105.37,1.41,7,1,0,1180,745,--
1181,21,41,--,65,55,105.36,9.97,0.008,4,289,1179,677,--
1182,22,11.5,--,61,40,105.42,4.55,0.004,5,250,1181,729,--
1183,21,41,--,66,0,105.42,10.03,0.09,2,289,1182,678,--
1184,22,19,--,60,30,105.53,3.08,0.124,3,0,1183,742,--
1185,22,27.5,--,58,50,105.56,1.1,0.006,6,0,1184,754,--
1186,22,12,--,61,53,105.59,4.7,0.005,5,247,1185,731,--
1187,22,36,--,57,0,105.62,-1.06,0.145,3,411,1186,766,--
1188,22,15,--,61,30,105.67,4.18,0.398,3,0,1187,738,--
1189,22,37,--,57,0,105.74,-1.12,0.473,2,411,1188,768,--
1190,22,29,--,58,53,105.75,1.04,0.004,4,0,1189,757,--
1191,22,12.5,--,62,10,105.8,4.9,0.004,5,248,1190,733,--
1192,22,32,--,58,20,105.81,0.37,0.007,5,0,1191,762,--
1193,22,13,--,62,10,105.85,4.87,0.002,5,249,1192,734,--
1194,22,31,--,58,50,105.95,0.87,0.009,3,0,1193,761,--
1195,22,25,--,61,0,106.42,3.11,0.017,5,0,1194,746,--
1196,22,25,--,61,0,106.42,3.11,0.029,4,306,1195,747,--
1197,22,36,--,58,40,106.43,0.4,0.009,6,0,1196,767,--
1198,22,35,--,59,10,106.57,0.9,0.054,2,0,1197,764,--
1199,21,35,--,68,20,106.57,12.15,0.235,2,286,1198,644,--
1200,22,44,--,58,30,107.27,-0.24,0.02,5,0,1199,770,--
1201,22,22,--,63,15,107.31,5.21,0.009,3,307,1200,744,--
1202,22,25,--,62,50,107.38,4.67,0.004,5,307,1201,748,--
1203,22,26,--,62,45,107.43,4.54,0.016,3,307,1202,751,--
1204,22,25,--,63,0,107.47,4.82,2.5,2,307,1203,749,--
1205,22,44,--,60,10,108.04,1.24,0.095,2,0,1204,771,--
1206,22,27,--,64,10,108.27,5.7,0.083,3,0,1205,752,--
1207,22,28,--,64,10,108.36,5.64,0.047,2,0,1206,755,--
1208,22,29,--,64,10,108.46,5.58,0.018,1,307,1207,758,--
1209,22,28,--,64,30,108.53,5.93,0.111,1,0,1208,756,--
1210,22,43,--,61,50,108.7,2.77,0.011,4,0,1209,769,--
1211,22,45,--,61,55,108.95,2.74,0.011,5,0,1210,772,--
1212,22,46,--,61,57,109.07,2.71,0.014,3,0,1212,773,--
1213,22,30,--,65,10,109.06,6.39,0.006,5,0,1211,759,--
1214,22,32,--,65,30,109.41,6.57,0.256,1,0,1213,763,--
1215,22,50,--,61,50,109.44,2.4,0.021,5,0,1214,774,--
1216,22,50,--,62,0,109.52,2.55,0.142,4,0,1215,775,--
1217,22,12,--,70,30,110.54,11.79,0.186,3,352,1216,732,175
1218,23,0,--,62,0,110.58,2.05,1.59,3,0,1218,778,--
1219,22,10.5,--,70,45,110.58,12.06,0.003,5,352,1217,728,--
1220,23,2,--,61,35,110.63,1.57,0.006,4,0,1219,779,--
1221,22,27,--,68,45,110.67,9.61,0.02,5,284,1220,753,--
1222,23,3,--,61,30,110.7,1.45,0.002,4,0,1221,781,--
1223,22,55,--,64,0,110.89,4.11,1.01,1,0,1222,777,--
1224,23,2,--,63,30,111.39,3.33,0.016,3,0,1223,780,--
1225,23,10,--,61,20,111.41,0.97,0.036,4,0,1224,785,--
1226,23,8,--,62,0,111.44,1.68,0.009,4,0,1225,782,--
1227,23,8,--,62,3,111.46,1.73,0.008,5,0,1226,783,--
1228,21,0,--,77,20,111.67,20.1,0.086,1,350,1227,537,--
1229,23,12,--,61,43,111.78,1.24,0.004,5,0,1228,787,--
1230,23,12,--,61,45,111.79,1.27,0.002,5,0,1229,788,--
1231,23,16,--,61,0,111.97,0.4,0.013,5,0,1230,792,--
1232,23,15,--,61,30,112.03,0.91,0.004,4,0,1231,790,--
1233,23,14.3,--,62,4,112.15,1.47,0.001,6,0,1232,789,--
1234,23,15,--,62,8,112.25,1.51,0.004,6,0,1234,791,--
1235,22,14,--,73,10,112.24,13.88,0.037,6,351,1233,736,--
1236,22,51,--,68,40,112.56,8.49,0.044,4,285,1235,776,--
1237,23,20.4,--,62,20,112.91,1.48,0.004,4,0,1236,794,--
1238,23,30,--,59,30,113.12,-1.58,14,2,0,1240,800,--
1239,23,10.3,--,65,48,113.11,5.11,0.005,5,267,1238,786,--
1240,23,9,--,66,10,113.12,5.5,0.126,2,268,1239,784,--
1241,21,50,--,76,30,113.08,17.48,1.38,1,349,1237,706,--
1242,22,30,--,73,0,113.15,13.11,0.793,3,351,1241,760,--
1243,22,10,--,75,5,113.16,15.6,0.081,3,353,1242,727,--
1244,23,23,--,62,30,113.25,1.53,0.007,4,0,1243,796,--
1245,23,30,--,60,30,113.42,-0.63,0.07,3,0,1244,801,--
1246,23,23,--,63,20,113.52,2.32,0.002,6,0,1245,797,--
1247,22,20,--,75,0,113.66,15.17,0.167,4,353,1246,743,--
1248,23,30,--,62,0,113.87,0.8,4.26,2,0,1247,802,--
1249,23,42,--,58,40,114.37,-2.81,0.047,1,0,1248,803,--
1250,23,20,--,67,0,114.45,5.89,2.63,1,266,1249,793,--
1251,22,35,--,75,0,114.51,14.65,0.195,5,354,1250,765,--
1252,23,43,--,63,0,115.59,1.35,0.181,3,0,1251,804,--
1253,23,54,--,58,15,115.8,-3.58,0.009,6,382,1252,809,--
1254,23,54,--,58,30,115.85,-3.34,0.152,3,382,1254,810,--
1255,23,51,--,60,15,115.86,-1.55,0.001,5,0,1255,806,--
1256,23,53,--,59,45,116,-2.09,0.161,3,0,1256,807,--
1257,23,55,--,59,23,116.17,-2.5,0.029,5,0,1257,812,--
1258,23,56.5,--,59,20,116.34,-2.59,0.01,2,0,1258,816,--
1259,23,21,--,74,0,116.93,12.44,0.035,2,355,1259,795,--
1260,23,54.5,--,64,40,117.21,2.68,0.004,4,269,1262,811,--
1261,23,25,--,74,0,117.2,12.35,0.03,4,355,1260,798,--
1262,23,25,--,74,0,117.2,12.35,0.066,6,355,1261,799,--
1263,23,55,--,64,34,117.24,2.57,0.002,5,270,1263,813,--
1264,23,50,--,68,0,117.5,6.03,0.102,2,271,1264,805,--
1265,0,7,--,58,35,117.54,-3.57,0.003,3,374,1265,33,--
1266,23,55,--,67,0,117.75,4.95,2.54,2,271,1266,814,--
1267,23,58,--,66,30,117.94,4.4,0.019,3,271,1267,818,--
1268,23,57,--,67,10,117.97,5.07,0.158,4,271,1268,817,--
1269,23,58,--,66,53,118.01,4.78,0.025,4,271,1269,819,--
1270,23,59,--,66,53,118.11,4.76,0.009,4,271,1270,820,--
1271,23,59,--,67,0,118.13,4.87,0.01,5,271,1271,821,--
1272,0,0,--,67,0,118.23,4.85,8.69,1,271,1272,30,--
1273,0,0,--,68,15,118.46,6.08,0.199,2,271,1273,31,--
1274,23,55,--,70,40,118.52,8.54,0.032,4,356,1274,815,--
1275,0,4,--,67,10,118.64,4.95,0.02,5,271,1275,32,--
1276,0,10,--,63,45,118.7,1.48,0.004,2,272,1276,34,--
1277,0,11,--,63,45,118.81,1.46,0.007,3,272,1277,35,--
1278,0,13,--,63,35,119.01,1.26,0.017,3,273,1278,36,--
1279,0,15,--,63,30,119.22,1.15,0.025,4,380,1279,37,--
1280,0,17,--,62,23,119.3,0.01,0.019,4,377,1280,39,--
1281,0,16,--,63,40,119.35,1.3,0.006,4,381,1281,38,--
1282,0,19,--,61,30,119.43,-0.89,0.016,4,376,1282,40,--
1283,0,20,--,61,26,119.54,-0.97,0.008,3,375,1283,42,--
1284,0,19,--,62,55,119.59,0.51,0.01,2,378,1284,41,--
1285,0,22,--,62,55,119.93,0.48,0.013,2,379,1285,43,--
1286,0,32,--,58,40,120.79,-3.86,0.06,2,403,1286,44,--
1287,0,33,--,63,10,121.2,0.62,0.021,4,399,1287,45,--
1288,0,35,--,65,50,121.57,3.27,0.342,2,277,1289,46,--
1289,21,50,--,88,10,121.56,26.09,0.012,2,346,1288,707,--
1290,0,39,--,60,50,121.78,-1.74,0.013,5,399,1291,47,--
1291,0,39.3,--,61,45,121.85,-0.83,0.004,5,399,1292,49,--
1292,22,0,--,88,20,121.75,26.16,0.466,1,346,1290,718,--
1293,0,39,--,62,50,121.86,0.26,0.011,4,399,1293,48,--
1294,0,39.4,--,62,0,121.87,-0.58,0.002,5,399,1294,50,--
1295,0,42,--,52,10,121.91,-10.42,0.029,5,335,1295,59,--
1296,0,42,--,52,30,121.92,-10.09,0.032,3,336,1296,60,--
1297,0,40,--,62,30,121.96,-0.08,0.061,4,399,1297,51,--
1298,0,40.5,--,60,50,121.96,-1.75,0.015,5,399,1298,54,--
1299,0,42.2,--,55,28,122.03,-7.12,0.005,5,337,1299,61,--
1300,0,41,--,61,10,122.04,-1.42,0.008,5,399,1300,56,--
1301,0,40.8,--,62,11,122.04,-0.4,0.002,5,399,1301,55,--
1302,0,41,--,61,35,122.05,-1,0.005,4,399,1302,57,--
1303,0,40,--,65,0,122.05,2.42,0.7,2,278,1303,52,--
1304,0,40,--,69,30,122.21,6.91,4,1,357,1304,53,--
1305,1,0,--,67,30,124.06,4.92,2.68,1,274,1305,63,--
1306,1,0,--,62,0,124.29,-0.57,11,1,399,1306,62,--
1307,1,2,--,65,0,124.37,2.43,2.28,3,275,1307,64,--
1308,1,10,--,72,40,124.59,10.13,1.57,1,358,1308,67,--
1309,1,4,--,62,0,124.76,-0.55,0.432,2,399,1309,66,--
1310,1,4,--,59,0,124.93,-3.54,1.11,2,402,1310,65,--
1311,11,20,--,85,0,125.23,32.01,1.66,1,348,1311,428,--
1312,1,11,--,61,50,125.59,-0.66,0.111,4,399,1312,68,--
1313,1,13,--,61,25,125.87,-1.05,0.036,3,399,1313,69,--
1314,1,14,--,61,10,126.01,-1.29,0.008,4,399,1314,70,--
1315,1,17,--,62,50,126.19,0.41,0.282,3,399,1315,72,--
1316,1,16,--,61,10,126.25,-1.26,0.045,3,400,1316,71,--
1317,1,19.8,--,61,35,126.66,-0.8,0.002,5,399,1318,73,--
1319,1,20,--,61,0,126.75,-1.37,0.206,3,400,1320,75,--
1320,4,0,--,85,30,126.65,24.33,0.465,1,345,1317,172,--
1321,10,30,--,84,30,126.69,31.87,1.76,1,347,1319,426,--
1322,1,21,--,61,0,126.87,-1.36,0.004,5,400,1321,76,--
1323,1,22,--,61,10,126.97,-1.18,0.024,4,399,1322,77,--
1324,1,23,--,61,20,127.07,-1,0.036,4,401,1323,78,--
1325,1,26.5,--,62,50,127.27,0.54,0.003,5,265,1324,79,--
1326,1,27.3,--,62,50,127.36,0.56,0.003,5,399,1325,80,--
1327,1,31,--,65,10,127.4,2.92,0.054,1,280,1326,81,--
1328,1,35,--,67,0,127.48,4.8,1.53,1,283,1327,85,--
1329,1,32,--,65,0,127.53,2.78,0.034,3,281,1328,82,--
1330,1,33,--,65,0,127.63,2.8,0.019,4,282,1329,83,--
1331,1,35,--,64,15,127.97,2.09,0.063,1,279,1330,84,--
1332,1,39,--,61,48,128.87,-0.23,0.009,4,264,1331,86,--
1333,2,21,--,75,15,128.88,13.71,0.007,6,359,1332,106,--
1334,1,40,--,61,42,129.01,-0.31,0.011,3,264,1334,87,--
1335,1,48,--,65,50,129,3.92,0.615,3,276,1333,89,--
1336,1,50,--,66,30,129.04,4.62,1.37,3,283,1335,90,--
1337,1,42,--,61,40,129.24,-0.29,0.012,4,264,1336,88,--
1338,1,51,--,62,28,130.1,0.72,0.003,4,261,1337,92,--
1339,1,51,--,62,16,130.14,0.53,0.003,5,396,1338,91,--
1340,2,26,--,72,44,130.15,11.49,0.001,5,360,1339,114,--
1341,1,52.2,--,62,27,130.24,0.74,0.002,4,398,1340,93,--
1343,1,52.5,--,62,10,130.34,0.47,0.021,5,395,1341,95,--
1345,1,53.5,--,62,24,130.39,0.73,0.015,5,262,1342,98,--
1346,1,53.5,--,62,23,130.4,0.71,0.015,5,397,1343,97,--
1347,1,54.5,--,62,5,130.58,0.45,0.045,3,259,1344,99,--
1348,1,55,--,62,10,130.62,0.54,0.045,3,394,1345,100,--
1349,2,10,--,66,0,131.12,4.68,1.18,1,283,1346,103,--
1350,2,5.9,--,60,45,132.26,-0.46,0.004,4,393,1347,101,--
1351,2,7.1,--,60,35,132.45,-0.58,0.003,5,393,1348,102,--
1352,2,31,--,67,10,132.68,6.5,0.017,1,295,1349,122,--
1353,2,40,--,68,0,133.14,7.61,2.51,1,291,1350,126,--
1354,2,16,--,61,30,133.18,0.63,0.016,4,393,1351,104,--
1355,2,48.2,--,68,50,133.46,8.68,0.007,6,293,1352,129,--
1356,2,19,--,61,30,133.52,0.75,0.079,4,393,1354,105,--
1357,2,48,--,68,40,133.52,8.53,0.004,6,292,1353,128,--
1358,2,51,--,69,10,133.53,9.09,0.006,6,294,1355,131,--
1359,2,22,--,61,50,133.74,1.18,0.061,5,393,1356,107,--
1360,2,23,--,61,0,134.15,0.45,0.011,4,393,1357,108,--
1361,2,24.5,--,61,25,134.17,0.9,0.011,4,393,1358,111,--
1362,2,24,--,61,0,134.26,0.49,0.004,4,393,1359,110,--
1363,2,24,--,60,50,134.32,0.33,0.011,4,393,1360,109,--
1364,2,26,--,61,20,134.36,0.89,0.015,4,393,1361,113,--
1365,2,25,--,60,35,134.52,0.14,0.093,4,393,1362,112,--
1366,2,29,--,61,30,134.64,1.17,0.215,3,393,1363,118,--
1367,2,28,--,61,5,134.68,0.74,0.016,4,393,1364,116,--
1368,2,29,--,61,10,134.76,0.87,0.006,3,393,1365,117,--
1369,2,30,--,61,10,134.87,0.91,0.012,3,393,1366,119,--
1370,2,28,--,60,15,134.99,-0.03,0.035,5,393,1367,115,--
1371,2,31,--,60,30,135.24,0.34,0.206,4,393,1368,121,--
1372,2,34,--,61,10,135.32,1.1,0.027,3,393,1369,124,--
1373,2,34,--,61,0,135.38,0.94,12,2,393,1370,123,--
1374,2,31,--,58,10,136.13,-1.82,0.011,4,393,1371,120,--
1375,2,41,--,60,40,136.3,0.98,0.029,3,393,1372,127,--
1376,2,40,--,60,20,136.32,0.63,0.019,5,393,1373,125,--
1377,3,11,--,60,50,139.46,2.84,0.025,4,392,1375,137,--
1378,3,10.9,--,60,9,139.8,2.25,0.001,5,391,1376,136,--
1379,3,11.5,--,60,10,139.86,2.3,0.002,5,390,1377,138,--
1380,3,11.7,--,59,58,139.98,2.15,0.001,5,388,1378,139,--
1381,3,12.5,--,60,2,140.03,2.25,0.006,5,389,1379,140,--
1382,3,13,--,59,53,140.17,2.16,0.01,4,387,1380,141,--
1383,3,14,--,59,55,140.26,2.25,0.003,4,386,1381,142,--
1384,3,16,--,59,50,140.51,2.32,0.068,4,385,1382,143,--
1385,3,17,--,59,38,140.73,2.21,0.004,5,383,1383,144,--
1386,3,18.2,--,59,30,140.93,2.18,0.008,5,384,1384,145,--
1387,3,52.5,--,55,55,146.74,1.99,0.028,4,313,1385,159,6
1388,3,59,--,56,40,146.94,3.15,0.007,4,312,1386,168,--
1389,4,0.5,--,56,46,147.03,3.36,0.002,6,311,1387,173,--
1390,4,5,--,55,0,148.68,2.46,0.952,3,315,1389,178,--
1391,3,54,--,53,0,148.77,-0.11,1.37,1,314,1390,160,--
1392,4,10,--,55,0,149.2,2.94,0.034,5,315,1391,184,8
1393,4,9,--,54,40,149.33,2.6,0.018,5,315,1392,182,--
1394,4,13,--,55,10,149.4,3.36,0.184,5,315,1393,186,--
1395,4,10,--,54,0,149.89,2.21,1.46,2,315,1394,183,--
1396,4,17,--,55,0,149.93,3.64,0.07,3,315,1395,192,11
1397,4,17,--,54,45,150.11,3.46,0.018,5,315,1396,191,--
1398,4,15,--,54,20,150.19,2.96,0.49,3,315,1397,188,--
1399,4,20,--,55,0,150.24,3.94,0.163,5,315,1398,195,--
1400,4,21,--,54,50,150.46,3.93,0.011,3,315,1399,196,--
1401,4,24,--,55,6,150.57,4.42,0.017,5,316,1400,198,--
1402,4,20,--,54,30,150.59,3.59,0.172,4,315,1401,194,13
1403,4,24.5,--,55,5,150.63,4.46,0.003,5,317,1402,200,--
1404,4,26,--,55,10,150.72,4.67,0.025,5,318,1403,205,--
1405,4,30,--,55,10,151.11,5.09,0.172,4,319,1404,219,21
1406,4,34,--,55,18,151.4,5.6,0.005,5,319,1405,231,--
1407,4,26,--,54,10,151.44,3.98,0.13,5,326,1406,204,12
1408,4,28,--,54,25,151.46,4.36,0.156,3,326,1407,206,--
1409,4,32,--,54,50,151.55,5.07,0.009,4,320,1408,223,--
1410,4,32,--,54,45,151.61,5.02,0.003,5,321,1409,222,--
1411,4,32,--,54,20,151.92,4.73,0.009,4,322,1410,221,--
1412,4,33,--,54,20,152.02,4.84,0.002,5,323,1411,226,--
1414,4,30,--,53,20,152.46,3.84,0.201,3,327,1412,218,--
1415,4,38,--,54,20,152.51,5.38,0.064,3,328,1413,243,--
1416,4,36,--,54,0,152.56,4.94,0.007,5,324,1414,237,--
1417,4,37,--,53,50,152.79,4.94,0.005,5,325,1415,240,--
1418,4,30,--,52,30,153.07,3.27,2.6,2,327,1416,217,20
1419,4,47,--,54,40,153.11,6.59,0.079,2,328,1417,267,--
1420,4,29,--,52,10,153.21,2.93,0.002,5,327,1418,212,--
1421,4,29,--,51,55,153.39,2.76,0.009,5,327,1419,211,--
1422,4,45,--,54,0,153.43,5.94,1.13,1,328,1420,263,--
1423,4,41,--,53,15,153.62,5.01,0.001,5,327,1421,253,--
1424,4,41,--,53,10,153.68,4.95,0.006,5,327,1422,252,--
1425,4,42,--,53,0,153.91,4.96,0.093,4,327,1423,254,--
1426,4,43,--,53,0,154.01,5.07,0.019,5,327,1424,257,--
1427,4,40,--,52,35,154.03,4.45,0.005,4,327,1425,249,--
1428,4,40,--,52,30,154.09,4.4,0.005,4,327,1426,248,--
1429,4,44,--,52,0,154.87,4.54,0.032,5,329,1427,259,--
1430,4,45,--,52,3,154.93,4.69,0.009,5,331,1429,262,--
1431,4,44,--,51,55,154.93,4.48,0.01,5,330,1428,258,--
1432,4,48,--,52,0,155.27,5.01,0.019,4,334,1430,270,--
1433,4,47,--,51,50,155.3,4.78,0.019,5,333,1431,266,--
1434,3,33,--,37,30,155.53,-14.56,0.704,3,190,1432,150,--
1435,4,47,--,51,30,155.55,4.57,0.145,4,332,1433,265,--
1436,4,50,--,51,40,155.72,5.03,0.312,3,334,1434,276,--
1437,4,55.4,--,52,0,155.99,5.89,0.003,5,310,1435,283,--
1438,4,52,--,51,30,156.05,5.17,0.171,4,334,1436,280,--
1439,4,57,--,52,0,156.14,6.09,0.012,5,310,1437,284,--
1440,3,54.5,--,41,20,156.39,-8.98,0.027,4,188,1438,161,--
1441,3,56.7,--,41,25,156.65,-8.64,0.027,5,188,1439,162,--
1442,3,47,--,38,50,156.9,-11.81,0.316,4,188,1440,156,--
1443,3,57,--,40,40,157.19,-9.17,1.65,2,188,1441,164,--
1444,4,30,--,46,50,157.2,-0.6,0.539,2,412,1442,216,--
1445,4,28.5,--,46,30,157.27,-1.02,0.084,5,412,1443,208,17  16  15
1446,3,43,--,37,0,157.47,-13.73,0.294,3,189,1444,154,--
1447,4,0,--,40,40,157.62,-8.79,0.653,4,188,1445,171,--
1448,3,23,--,30,30,158.18,-21.41,0.053,4,174,1446,147,203
1449,3,50,--,37,30,158.24,-12.46,2.3,3,188,1447,157,--
1450,3,26.5,--,31,10,158.4,-20.43,0.009,5,174,1448,16,205 206
1451,3,23,--,30,0,158.5,-21.82,0.14,4,174,1449,146,202
1452,3,25,--,30,30,158.55,-21.16,1.66,3,174,1450,149,--
1453,2,53.2,--,20,5,158.66,-33.8,0.066,4,159,1451,133,--
1454,2,54,--,20,0,158.9,-33.77,0.86,3,159,1454,134,--
1455,3,25,--,30,0,158.87,-21.56,0.025,5,174,1452,148,204
1456,3,52,--,37,0,158.88,-12.58,0.044,3,188,1453,158,--
1457,2,53,--,19,20,159.11,-34.45,0.262,4,159,1455,132,--
1458,2,55,--,20,0,159.14,-33.64,0.056,4,159,1457,135,--
1459,4,5,--,39,30,159.13,-9.02,9.73,1,188,1456,177,--
1460,5,40,--,52,20,159.59,11.74,0.181,3,309,1458,338,--
1461,4,38.3,--,44,50,159.66,-0.88,0.05,3,414,1459,244,--
1462,3,57,--,36,50,159.77,-12.05,0.03,5,188,1460,163,--
1463,3,58,--,36,45,159.98,-11.98,0.027,3,188,1461,166,--
1464,3,57.4,--,36,32,160.03,-12.22,0.004,5,188,1462,165,--
1465,4,49,--,45,55,160.06,1.25,0.077,3,413,1464,273,25
1466,5,44,--,52,10,160.04,12.19,0.124,4,309,1463,345,--
1467,5,45,--,52,10,160.12,12.32,0.029,3,309,1465,346,--
1468,3,37,--,31,15,160.23,-18.98,0.12,5,174,1466,151,--
1469,3,59.8,--,36,30,160.42,-11.92,0.006,4,188,1467,169,--
1470,3,40,--,31,40,160.47,-18.26,0.403,5,174,1468,153,4   3
1471,3,44.8,--,32,45,160.56,-16.78,0.097,5,174,1469,155,5
1472,3,38,--,31,0,160.57,-19.04,3.58,4,174,1470,152,2   1
1473,4,8,--,38,0,160.6,-9.71,0.148,4,188,1471,181,--
1474,4,45,--,44,0,161.07,-0.53,4.64,1,414,1472,261,--
1475,5,0,--,45,0,161.98,2.18,0.368,2,218,1473,292,--
1476,5,0,--,44,30,162.38,1.87,0.106,3,218,1474,291,--
1477,5,0,--,44,0,162.77,1.56,0.278,4,218,1475,290,--
1478,4,20,--,37,0,163.03,-8.76,4.44,3,188,1476,193,--
1479,4,35,--,39,30,163.23,-4.9,1.53,1,219,1477,233,--
1480,5,2,--,43,30,163.39,1.54,0.097,2,218,1478,295,--
1481,4,36,--,38,10,164.35,-5.64,0.553,3,187,1479,236,--
1482,4,25,--,35,30,164.83,-9.07,0.13,1,188,1480,202,--
1483,4,32,--,36,20,165.19,-7.46,0.217,4,186,1481,220,--
1484,4,0,--,29,0,165.72,-17.4,0.445,1,169,1482,170,--
1485,4,34,--,35,35,166.02,-7.66,0.316,1,186,1483,230,--
1486,4,5,--,29,0,166.55,-16.64,0.48,1,169,1484,176,--
1487,4,36,--,34,50,166.86,-7.86,0.94,3,186,1485,235,--
1488,4,50,--,36,37,167.35,-4.54,0.568,2,184,1486,275,--
1489,4,1.7,--,26,20,167.96,-19.05,0.027,5,169,1487,175,--
1490,4,48.7,--,35,35,167.98,-5.4,0.075,4,185,1488,271,--
1491,4,1.6,--,26,9,168.08,-19.2,0.004,5,169,1490,174,--
1492,4,46,--,35,0,168.08,-6.19,1.25,1,186,1489,264,--
1493,4,51,--,35,35,168.28,-5.03,0.463,2,185,1491,278,--
1494,4,50.9,--,35,8,168.62,-5.33,0.011,4,185,1492,277,--
1495,4,15,--,27,30,169.27,-16.13,2.6,5,169,1493,187,7  10 211 209 216 213 218 217
1496,4,40,--,32,0,169.58,-9.08,0.71,3,173,1494,247,--
1497,4,24,--,28,30,169.92,-13.99,0.725,2,169,1495,197,--
1498,4,8,--,24,50,170.14,-19.11,0.118,5,169,1496,180,--
1499,4,7.5,--,24,40,170.18,-19.3,0.072,3,169,1497,179,--
1500,4,30,--,29,20,170.19,-12.46,0.972,3,169,1498,215,219
1501,4,12,--,25,0,170.68,-18.34,1.2,2,169,1499,185,--
1502,5,0,--,34,0,170.68,-4.57,0.484,1,407,1500,289,--
1503,4,37.2,--,29,50,170.85,-10.95,0.008,5,169,1501,17,23
1504,4,38,--,29,50,170.97,-10.82,0.336,1,169,1502,242,--
1505,4,45,--,31,0,171.05,-8.91,1.05,1,173,1503,260,--
1506,4,17,--,25,10,171.37,-17.4,0.334,6,169,1504,190,--
1507,4,40,--,29,40,171.38,-10.6,0.09,5,169,1505,246,24
1508,4,38,--,29,0,171.62,-11.36,0.183,3,169,1506,241,--
1509,5,30.8,--,37,15,171.66,2.41,0.108,3,182,1507,325,--
1510,5,13,--,34,45,171.68,-1.97,0.252,3,406,1508,305,--
1511,4,17,--,24,40,171.75,-17.74,0.3,3,169,1509,189,--
1512,5,0.5,--,32,43,171.76,-5.27,0.016,6,172,1510,293,--
1513,4,49,--,30,45,171.79,-8.41,0.057,4,173,1511,272,--
1514,4,39.5,--,29,0,171.83,-11.11,0.05,4,169,1512,245,--
1515,4,50,--,30,50,171.87,-8.19,0.147,3,173,1513,274,--
1516,5,20,--,35,0,172.31,-0.65,5.62,1,406,1514,315,--
1517,4,52,--,30,30,172.4,-8.06,0.051,6,173,1515,279,28  27  26
1518,5,36,--,37,0,172.43,3.15,4.6,1,182,1516,331,--
1519,4,52.5,--,30,30,172.47,-7.98,0.063,4,173,1517,281,--
1520,4,41,--,28,20,172.57,-11.29,0.398,1,169,1518,251,--
1521,4,30,--,26,0,172.76,-14.66,4.1,4,169,1519,214,22  19  14 220
1522,5,4,--,32,0,172.79,-5.11,0.018,4,171,1520,299,222
1523,5,3,--,31,40,172.92,-5.48,0.017,6,170,1521,297,29
1524,4,25,--,24,30,173.16,-16.5,0.324,5,169,1522,201,215 212 210
1525,5,38.6,--,36,18,173.3,3.22,0.006,4,182,1523,335,--
1526,5,25.3,--,34,29,173.35,-0.05,0.003,4,183,1524,318,--
1527,4,36,--,26,10,173.53,-13.53,0.01,6,169,1525,234,--
1528,4,34,--,25,40,173.63,-14.2,2,3,169,1526,229,--
1529,4,29,--,24,20,173.91,-15.92,0.223,5,169,1527,210,18
1530,5,20,--,33,0,173.95,-1.79,0.045,3,406,1528,314,--
1531,4,29,--,24,13,174,-16,0.014,3,169,1529,209,--
1532,4,37,--,25,40,174.08,-13.68,0.112,4,169,1530,239,--
1533,4,33.2,--,24,49,174.18,-14.88,0.011,5,169,1531,228,--
1534,4,37,--,25,30,174.21,-13.79,0.87,5,169,1532,238,--
1535,4,32.5,--,23,48,174.87,-15.66,0.111,6,169,1533,224,--
1536,4,30,--,23,0,175.12,-16.62,1.5,4,405,1534,213,--
1537,4,48,--,26,20,175.15,-11.34,0.382,3,169,1535,269,--
1538,4,43,--,25,0,175.49,-13.06,3,4,169,1536,256,--
1539,4,53,--,26,30,175.72,-10.36,2.23,1,169,1537,282,--
1540,4,58,--,26,5,176.75,-9.73,0.282,4,169,1538,286,--
1541,4,41,--,22,40,177.07,-14.88,0.352,1,168,1539,250,--
1542,4,58,--,25,30,177.22,-10.08,0.626,3,169,1540,285,--
1543,4,24.5,--,18,45,177.66,-20.35,0.09,5,158,1541,199,--
1544,5,1,--,25,10,177.91,-9.74,0.109,6,169,1542,294,--
1545,5,12.2,--,26,40,178.18,-6.82,0.052,3,166,1543,302,--
1546,4,26,--,18,20,178.25,-20.34,0.37,4,158,1544,203,--
1547,5,13,--,26,20,178.55,-6.86,0.049,5,166,1545,304,--
1548,5,13,--,26,10,178.69,-6.96,0.061,4,166,1546,303,--
1549,5,14,--,26,10,178.82,-6.78,0.079,4,166,1548,306,--
1550,5,57,--,32,10,178.81,4.36,0.041,3,180,1547,357,--
1551,4,28.5,--,18,0,178.92,-20.1,0.043,6,158,1549,207,--
1552,5,14.6,--,26,0,179.04,-6.76,0.009,6,166,1550,307,--
1553,5,16,--,26,10,179.08,-6.41,0.087,2,166,1551,310,--
1554,5,16.9,--,26,10,179.2,-6.24,0.005,4,166,1552,311,--
1555,5,58,--,31,50,179.21,4.37,0.09,4,180,1553,359,--
1556,4,34.5,--,16,50,180.85,-19.71,0.05,5,157,1554,232,--
1557,6,3,--,30,0,181.34,4.41,1.04,3,179,1555,364,--
1558,4,43,--,17,0,182.02,-18,0.713,2,156,1556,255,--
1559,5,23,--,23,0,182.62,-6.88,1.35,1,167,1557,316,--
1560,6,10,--,28,0,183.84,4.78,2.3,2,179,1558,381,--
1561,4,48,--,12,12,186.87,-19.87,0.274,1,148,1559,268,--
1562,4,59,--,14,0,186.94,-16.64,0.152,3,147,1560,288,--
1563,4,59,--,13,45,187.15,-16.79,0.052,5,147,1561,287,--
1564,6,15,--,23,15,188.56,3.5,0.033,4,164,1562,382,--
1565,6,18,--,23,20,188.81,4.15,0.252,1,165,1563,384,--
1566,6,18,--,23,10,188.96,4.07,0,3,165,1564,383,--
1567,6,19.5,--,23,20,188.98,4.45,0,3,165,1565,385,--
1568,6,20,--,23,0,189.33,4.4,0,3,165,1566,387,--
1569,3,58.5,--,0,30,189.54,-36.67,0.631,2,103,1567,167,--
1570,6,4,--,19,20,190.75,-0.63,0.02,4,415,1568,366,227
1571,5,8,--,10,30,191.25,-16.77,0.213,3,149,1570,300,--
1572,5,8,--,10,30,191.25,-16.77,0.079,4,149,1569,301,--
1573,5,28,--,13,30,191.35,-11.03,1.04,2,150,1571,322,--
1574,6,4.8,--,18,30,191.57,-0.88,0.022,4,415,1572,368,--
1576,6,5.4,--,18,10,191.93,-0.92,0.049,4,415,1573,374,--
1577,5,27,--,12,30,192.08,-11.77,0.412,4,150,1574,321,31  30
1578,6,5.5,--,18,0,192.09,-0.98,0.049,4,127,1575,375,--
1579,5,37,--,13,45,192.3,-9.04,0.317,1,150,1576,332,--
1580,5,31,--,12,50,192.32,-10.76,0.222,1,150,1577,327,--
1581,5,26.6,--,12,10,192.32,-12.03,0.001,5,150,1578,320,--
1582,5,29,--,12,30,192.35,-11.35,0.011,5,150,1579,324,--
1583,5,26,--,12,0,192.39,-12.24,0.057,5,150,1580,319,225
1584,5,28.8,--,12,15,192.54,-11.53,0.014,4,150,1581,323,--
1585,5,38,--,13,20,192.78,-9.05,0.059,3,150,1582,333,32
1586,6,3,--,16,0,193.54,-2.48,7.31,1,415,1583,363,--
1587,6,5,--,16,0,193.77,-2.06,7.31,1,127,1584,372,--
1588,5,18,--,8,20,194.53,-15.84,0.159,3,109,1585,313,223
1589,5,15.6,--,7,20,195.09,-16.87,0.027,2,110,1586,308,--
1590,5,18,--,7,20,195.42,-16.37,0.85,4,110,1587,312,--
1591,6,7,--,13,40,196.05,-2.78,0.068,3,415,1588,379,--
1594,5,42,--,9,0,197.07,-10.41,0.059,5,113,1589,341,--
1595,5,25,--,6,30,197.09,-15.31,1.07,2,110,1590,317,35
1596,5,43,--,9,0,197.2,-10.2,0.041,4,113,1591,343,--
1597,5,47.5,--,8,40,198.06,-9.4,0.032,4,112,1592,348,--
1598,5,49.7,--,8,20,198.62,-9.09,0.072,5,111,1593,349,--
1599,5,47,--,7,30,199.02,-10.09,0.181,4,114,1594,347,36
1600,6,28,--,13,0,199.07,1.4,0.396,3,5,1595,395,--
1601,6,27,--,12,25,199.47,0.91,0.066,5,5,1596,393,--
1602,5,42,--,6,0,199.72,-11.91,0.378,4,416,1597,339,--
1604,6,26,--,11,40,200.02,0.34,0.008,5,5,1598,391,--
1605,6,30,--,10,40,201.36,0.74,1.25,4,5,1599,396,37  38
1606,6,27,--,10,15,201.38,-0.11,0.043,4,5,1600,392,--
1607,6,28,--,10,20,201.42,0.15,0.015,5,5,1601,394,--
1608,6,34,--,10,50,201.67,1.69,0.045,5,5,1602,398,--
1609,6,33.5,--,10,30,201.91,1.43,0.016,5,5,1603,397,--
1610,6,35.2,--,10,30,202.1,1.8,0.019,5,5,1604,399,39
1611,5,58,--,5,0,202.59,-8.92,0.233,3,107,1605,358,--
1612,6,0,--,4,40,203.12,-8.64,0.079,3,116,1606,360,--
1613,6,38,--,9,30,203.3,1.95,0,3,5,1607,400,--
1614,5,33,-,0,40,203.39,-16.48,0.004,5,105,1608,328,--
1615,5,3,-,3,30,203.42,-25.06,0.084,2,74,1609,296,--
1616,5,4,-,3,30,203.55,-24.84,0.016,5,74,1610,298,--
1617,5,52,--,3,0,203.64,-11.2,7.75,3,115,1611,352,--
1618,6,3,--,4,20,203.78,-8.15,0.172,4,115,1612,362,--
1619,6,2,--,4,10,203.81,-8.45,0.038,5,115,1613,361,--
1620,5,34,-,0,10,203.97,-16.5,0.012,5,106,1614,329,--
1621,5,52.4,--,2,20,204.28,-11.43,0.027,4,107,1615,353,--
1622,5,52,--,2,0,204.53,-11.67,0.122,6,107,1616,351,--
1623,6,5,--,3,30,204.76,-8.11,0.131,1,115,1617,371,--
1624,5,55,--,2,0,204.9,-11.02,0,2,107,1618,355,--
1625,6,25,--,6,0,204.91,-2.53,19.4,1,5,1619,390,--
1626,6,42,--,8,0,205.09,2.13,1.17,3,5,1620,403,--
1627,5,44,--,0,0,205.36,-14.39,0.063,6,104,1621,344,--
1628,6,10,--,3,0,205.8,-7.24,3.36,2,115,1622,380,--
1629,6,7,--,2,30,205.89,-8.14,1.18,3,115,1623,376,--
1630,5,43,-,1,0,206.15,-15.08,5.98,4,104,1624,342,33
1631,6,41.5,--,6,25,206.44,1.29,0.023,4,117,1625,402,--
1632,5,57,--,0,30,206.49,-11.29,2.35,1,107,1626,356,--
1633,6,22,--,3,30,206.77,-4.36,0.106,4,115,1627,388,--
1634,5,16,-,5,50,207.35,-23.29,0.492,2,75,1628,309,--
1635,5,38.6,-,3,10,207.6,-17.07,0.008,4,76,1629,334,--
1636,5,38.9,-,3,11,207.66,-17.01,0.003,4,77,1630,336,--
1637,6,41,--,4,0,208.53,0.07,0.964,2,5,1631,401,--
1638,5,55,-,2,30,208.96,-13.13,2.39,2,108,1632,354,--
1639,6,49,--,4,30,209,2.07,0.97,3,5,1633,404,--
1640,5,31,-,5,50,209.18,-19.97,0.018,5,78,1634,326,--
1641,5,35,-,7,0,210.76,-19.61,6.27,4,78,1635,330,--
1642,4,33,-,14,20,210.89,-36.51,0.372,3,73,1636,225,--
1643,6,4,-,4,40,211.99,-12.13,0.845,1,79,1637,365,--
1644,6,5.2,-,5,30,212.89,-12.24,0.007,5,79,1638,373,--
1645,6,4.5,-,5,40,212.96,-12.47,0.052,4,79,1639,367,--
1646,6,5,-,6,0,213.32,-12.51,3.14,3,79,1640,370,--
1647,5,40,-,10,0,214.2,-19.83,4.23,3,78,1641,337,--
1648,5,50,-,9,10,214.55,-17.25,1.85,2,78,1642,350,--
1649,6,55.6,-,3,53,217.21,-0.32,0.005,3,80,1643,408,--
1650,6,57,-,4,50,218.21,-0.45,0.016,2,81,1644,409,--
1651,6,20,-,9,50,218.52,-10.89,0.255,2,72,1645,386,--
1652,6,24,-,10,0,219.11,-10.08,1.16,2,71,1646,389,--
1653,6,55.4,-,7,52,220.72,-2.2,0.012,3,83,1647,407,--
1654,6,57,-,7,40,220.73,-1.76,0.05,3,82,1648,410,--
1655,6,54.2,-,8,10,220.85,-2.6,0.014,4,84,1649,406,--
1656,6,54.1,-,8,20,220.99,-2.7,0.077,3,84,1650,405,--
1657,7,2,-,10,20,223.66,-1.89,1.08,3,70,1651,411,--
1658,7,12,-,11,0,225.4,-0.03,0,2,69,1652,412,--
1659,7,15.5,-,23,15,236.63,-5.02,0.045,4,17,1653,413,--
1660,7,18,-,23,50,237.41,-4.79,0.047,4,17,1654,414,--
1661,7,20,-,24,0,237.78,-4.46,0.375,2,17,1655,415,--
1662,7,26,-,23,30,237.99,-3.02,0.128,2,17,1657,418,--
1663,7,30,-,23,0,237.99,-1.97,0.428,2,15,1656,419,--
1664,7,22,-,24,30,238.43,-4.3,0.154,3,17,1658,416,--
1665,7,33,-,23,30,238.77,-1.61,0.181,3,15,1659,420,--
1666,7,34,-,24,0,239.32,-1.66,0.027,4,15,1660,421,--
1667,7,23,-,25,40,239.57,-4.65,0.418,3,16,1661,417,--
1668,7,34.9,-,24,47,240.1,-1.87,0.02,4,14,1662,422,--
1669,7,54,-,29,30,246.32,-0.6,0.594,2,7,1663,423,--
1670,8,2.5,-,31,30,248.99,-0.1,0.038,1,8,1664,424,--
1671,8,4,-,32,0,249.58,-0.11,0.142,1,9,1665,425,--
1672,16,18,-,28,0,349.37,15.3,0.74,4,10,1666,442,--
1673,16,27,-,29,20,349.74,12.94,0.077,3,11,1667,456,--
1674,16,26.7,-,28,40,350.2,13.44,0.009,3,12,1668,454,--
1675,16,15,-,26,0,350.41,17.16,1.1,4,1,1669,437,229
1676,16,18,-,26,0,350.89,16.67,2.86,3,1,1670,441,--
1677,16,50,-,32,0,350.95,7.45,10.16,1,0,1671,509,237 234 239
1678,16,13,-,24,30,351.23,18.52,0.138,3,18,1672,436,--
1679,16,59.5,-,32,50,351.54,5.36,0.011,3,0,1673,534,49
1680,16,18,-,24,0,352.43,18.02,2.86,4,1,1674,440,--
1681,16,24,-,24,40,352.87,16.56,0.206,5,1,1675,448,--
1682,17,5,-,32,2,352.89,4.92,0.023,5,0,1676,540,55
1683,16,26,-,25,0,352.92,16,2.43,1,1,1677,453,--
1684,16,28,-,25,20,352.97,15.44,0.084,4,1,1678,458,--
1685,17,6,-,32,5,352.97,4.72,0.004,5,0,1679,545,56
1686,16,22.8,-,24,13,353.03,17.06,0.016,6,1,1680,444,--
1687,16,20,-,23,30,353.14,18.02,3.17,3,1,1681,443,--
1688,16,23,-,24,0,353.23,17.17,0.76,4,1,1682,445,--
1689,16,29,-,24,59,353.4,15.5,0.007,6,1,1684,460,--
1690,16,23.8,-,23,56,353.41,17.08,0.02,5,1,1685,447,--
1691,17,12,-,32,30,353.39,3.46,0.987,3,0,1683,583,--
1692,16,23.5,-,23,50,353.44,17.2,0.007,5,1,1687,446,--
1693,17,10,-,32,10,353.41,3.99,0.014,3,0,1686,576,--
1694,17,7,-,31,40,353.44,4.8,0.528,3,0,1688,550,--
1695,17,0,-,30,30,353.47,6.7,0.54,2,0,1689,535,241
1696,16,25.8,-,24,13,353.5,16.55,0.036,6,1,1691,451,42
1697,17,10,-,32,5,353.48,4.04,0.027,3,0,1690,575,--
1698,17,12,-,32,10,353.66,3.65,0.038,5,0,1692,582,252
1699,17,12.3,-,32,8,353.72,3.62,0.034,5,0,1693,585,--
1700,17,9,-,31,30,353.82,4.56,0.535,2,0,1694,568,--
1701,17,13,-,32,3,353.88,3.55,0.006,3,0,1695,594,--
1702,17,13,-,31,45,354.12,3.72,0.059,3,0,1696,593,--
1703,17,15.5,-,32,3,354.18,3.12,0.008,5,0,1697,604,--
1704,16,27.8,-,23,40,354.25,16.57,0.01,6,1,1698,457,--
1705,17,17,-,32,5,354.34,2.84,0.034,5,0,1699,619,--
1706,17,9,-,30,50,354.36,4.95,0.95,3,0,1700,567,--
1707,17,10,-,30,55,354.42,4.73,0.029,5,0,1701,574,--
1708,17,7,-,30,20,354.51,5.59,0.047,4,0,1702,549,--
1709,16,30,-,23,40,354.59,16.19,0.099,6,1,1704,462,--
1710,17,17.5,-,31,54,354.55,2.85,0.106,5,0,1703,621,--
1711,17,8,-,30,10,354.78,5.52,0.043,4,0,1705,557,--
1712,16,35,-,24,20,354.83,14.88,1.56,5,1,1707,473,44
1713,17,8,-,30,8,354.8,5.54,0.007,4,0,1706,556,--
1714,17,9,-,30,15,354.84,5.29,0.006,5,0,1708,566,--
1715,17,9,-,30,10,354.9,5.34,0.003,5,0,1709,565,--
1716,17,7,-,29,40,355.05,5.99,0.251,3,0,1710,548,243
1717,16,16,-,20,0,355.25,21.04,0.357,3,50,1711,438,41
1718,17,12,-,30,11,355.27,4.81,0.005,5,0,1712,581,--
1719,16,17,-,20,0,355.42,20.87,0.61,5,50,1714,439,--
1720,17,13,-,30,10,355.41,4.64,0.093,4,0,1713,592,--
1721,16,13,-,19,0,355.55,22.24,0.287,3,51,1715,435,40
1722,17,13,-,30,0,355.55,4.74,7.78,2,0,1716,591,--
1723,17,28,-,32,10,355.59,0.87,0.005,5,0,1717,671,--
1724,17,28.5,-,32,11,355.63,0.77,0.002,5,0,1718,673,--
1725,17,16,-,30,20,355.65,4.02,0.032,5,0,1719,611,254
1726,17,9,-,29,10,355.72,5.93,0.093,3,0,1721,563,247 245
1727,17,9,-,29,10,355.72,5.93,0.002,5,0,1720,564,249
1728,17,8,-,28,58,355.75,6.23,0.02,3,0,1722,555,--
1729,16,40,-,24,0,355.85,14.22,0.9,4,1,1724,479,--
1730,17,30,-,32,10,355.82,0.51,1.68,2,0,1723,687,--
1731,17,3,-,28,0,355.88,7.68,1.32,2,13,1725,538,--
1732,17,26,-,31,30,355.91,1.59,0.912,2,0,1726,662,--
1733,17,9.3,-,28,57,355.93,6.01,0.018,5,0,1727,569,248
1734,17,29.2,-,31,50,356.01,0.84,0.006,5,0,1728,679,--
1735,17,28.9,-,31,41,356.1,0.97,0.002,5,0,1729,674,--
1736,17,7,-,28,20,356.13,6.78,0.038,5,0,1730,547,244
1737,17,8,-,28,25,356.2,6.55,0.192,4,0,1732,554,--
1738,17,29.7,-,31,41,356.19,0.83,0.003,5,0,1731,681,--
1739,16,32,-,21,55,356.3,16.96,0.093,3,21,1734,465,--
1740,16,33.2,-,22,7,356.32,16.62,0.084,5,20,1735,469,--
1741,17,19,-,30,0,356.3,3.68,17.56,3,0,1733,628,--
1742,17,9,-,28,20,356.4,6.42,0.034,4,0,1736,562,250
1743,17,9,-,28,0,356.67,6.62,0.51,3,0,1737,561,--
1744,16,37,-,22,10,356.87,15.91,0.099,5,19,1738,475,45
1745,16,46,-,23,50,356.87,13.25,0.255,4,29,1739,494,--
1746,17,8,-,27,20,357.08,7.19,0.306,5,0,1740,553,59
1747,16,48,-,23,45,357.22,12.95,0.28,3,1,1741,505,--
1748,16,46,-,23,20,357.27,13.56,0.138,2,30,1743,493,--
1749,17,20,-,29,0,357.25,4.07,0.117,5,0,1742,635,256
1750,16,49,-,23,50,357.3,12.71,0.28,3,29,1744,507,--
1751,17,28,-,30,0,357.39,2.06,1.23,2,0,1745,670,--
1752,16,27,-,19,30,357.46,19.41,1.78,4,50,1747,455,43
1753,17,51,-,33,0,357.45,-3.68,1.27,2,0,1746,763,--
1754,17,29,-,30,0,357.51,1.88,0.321,1,0,1748,677,--
1755,16,41,-,21,50,357.74,15.4,0.66,4,19,1750,480,--
1756,17,13,-,27,20,357.73,6.29,0.285,5,0,1749,590,--
1757,16,29,-,19,30,357.78,19.05,0.061,6,50,1751,459,--
1758,17,52,-,32,40,357.85,-3.69,0.01,4,0,1752,767,--
1759,16,49.1,-,23,0,357.99,13.21,0.027,6,31,1753,508,238
1760,17,57,-,33,0,358.09,-4.77,0.054,4,0,1754,797,--
1761,16,53,-,23,30,358.14,12.19,0.402,2,29,1755,516,--
1762,17,59,-,33,10,358.15,-5.22,0.023,4,0,1756,807,--
1763,16,53,-,23,20,358.28,12.29,0.402,2,1,1757,515,--
1764,17,25,-,28,30,358.28,3.44,2.16,2,0,1758,656,--
1765,16,42,-,21,10,358.43,15.63,0.079,5,19,1759,481,--
1766,17,55,-,32,20,358.46,-4.07,0.09,2,0,1760,786,--
1767,17,15.5,-,26,42,358.57,6.19,0.007,5,0,1761,603,--
1768,17,17,-,26,49,358.67,5.85,0.013,6,0,1762,618,66
1769,17,39,-,30,0,358.68,0.06,12.5,4,0,1763,718,275 278
1770,16,30,-,18,30,358.75,19.5,0.813,3,50,1764,461,--
1771,18,1,-,32,40,358.79,-5.34,0.115,4,0,1765,821,87
1772,17,16.7,-,26,35,358.83,6.04,0.016,6,0,1766,612,65
1773,17,18,-,26,45,358.85,5.71,0.036,6,0,1767,624,67
1774,17,19.5,-,26,58,358.87,5.31,0.029,6,0,1768,630,--
1775,16,54,-,22,45,358.9,12.46,0.008,6,6,1770,519,46
1776,17,30,-,28,30,358.89,2.53,2.45,2,0,1769,686,--
1777,16,54,-,22,40,358.97,12.52,0.05,4,6,1771,518,--
1778,15,37.2,-,7,0,359.06,36.75,0.086,5,86,1772,429,--
1779,16,56,-,22,50,359.11,12.05,0.09,3,1,1773,522,--
1780,15,38,-,7,0,359.23,36.6,0.197,4,86,1777,430,--
1781,16,25,-,17,0,359.18,21.38,1.19,3,49,1774,450,230
1782,16,39,-,19,40,359.2,17.12,0.047,6,48,1776,478,--
1783,17,55,-,31,30,359.18,-3.65,0.079,2,0,1775,785,--
1784,16,56.8,-,22,50,359.23,11.9,0.027,4,29,1778,525,--
1785,16,57,-,22,50,359.25,11.86,0.027,4,1,1779,527,--
1786,18,3.4,-,32,23,359.29,-5.64,0.011,4,0,1780,830,300
1787,16,57,-,22,40,359.39,11.96,0.09,3,29,1783,526,--
1788,17,50,-,30,40,359.35,-2.31,0.084,3,0,1782,759,--
1789,18,5,-,32,30,359.35,-5.99,0.767,3,0,1781,846,--
1790,17,8,-,24,30,359.4,8.85,1.08,3,0,1784,552,--
1791,16,56.6,-,22,31,359.46,12.13,0.017,5,29,1785,563,47
1793,17,22.5,-,26,30,359.63,5.02,1.08,2,0,1786,649,--
1794,17,23.3,-,26,36,359.65,4.81,0.006,5,0,1787,653,--
1795,17,51.5,-,30,30,359.66,-2.5,0.084,4,0,1788,764,--
1796,16,39,-,19,0,359.75,17.53,0.344,3,48,1789,477,--
1797,16,59,-,22,30,359.81,11.69,0.149,3,26,1790,531,--
1798,18,1,-,31,30,359.81,-4.76,0.018,4,0,1791,820,295
1799,16,44,-,19,35,0.03,16.24,0.017,4,45,3,485,--
1800,16,58.5,-,22,10,0.01,11.98,0.015,3,28,1,530,--
1801,17,47,-,29,30,0.02,-1.15,2.77,2,0,2,747,--
1802,16,59.3,-,22,9,0.14,11.84,0.016,3,27,5,532,--
