OCL,Page,Name,GLON,GLAT,RAh,RAm,DE-,DEd,DEm,POSS,X,Y
OCL-1,1,Ruprecht 140,0.01,-8.86,18,18.5,-,33,16,--,--,--
OCL-2,3,Ruprecht 131,0.14,-0.77,17,45.8,-,29,12,SO- 90  17 46 -30,224,217
OCL-3,5,NGC 6558,0.2,-6.03,18,6.8,-,31,47,SO- 95  18 20 -30,284,77
OCL-4,7,Ruprecht 134,0.27,-1.66,17,49.6,-,29,33,SO- 90  17 46 -30,187,202
OCL-5,9,CR 351,0.59,-0.59,17,46.2,-,28,43,SO- 90  17 46 -30,221,244
OCL-6,11,Ruprecht 133,0.97,-1.17,17,49.3,-,28,42,SO- 90  17 46 -30,190,249
OCL-7,13,Ruprecht 168,1.23,-1.12,17,49.7,-,28,27,SO- 90  17 46 -30,186,261
OCL-8,15,Czernik 37,2.22,-0.63,17,50.1,-,27,21,SO- 90  17 46 -30,180,320
OCL-9,17,Trumpler 31,2.25,-2.32,17,56.7,-,28,11,SO- 90  17 46 -30,102,274
OCL-10,19,NGC 6520,2.87,-2.85,18,0.2,-,27,54,SO- 90  17 46 -30,60,290
OCL-11,21,NGC 6540,3.26,-3.36,18,3.2,-,27,49,SO- 90  17 46 -30,26,290
OCL-12,23,CR 468,3.61,-3.27,18,3.5,-,27,28,SO- 95  18 12 -30,332,308
OCL-13,25,Ruprecht 137,4.85,-0.83,17,56.8,-,25,11,O- 175  17 46 -24,97,114
OCL-14,27,Ruprecht 169,5.15,-0.47,17,56.4,-,24,47,O- 175  17 46 -24,100,135
OCL-15,29,Ruprecht 136,5.19,-0.55,17,56.2,-,24,42,O- 175  17 46 -24,102,140
OCL-16,31,Ruprecht 138,5.29,-0.59,17,56.9,-,24,41,O- 175  17 46 -24,95,141
OCL-17,33,NGC 6544,5.86,-2.22,18,4.4,-,25,0,O- 326  18 12 -24,318,114
OCL-18,35,NGC 6523,5.91,-1.07,18,0.1,-,24,23,O- 175  17 46 -24,53,158
OCL-19,39,NGC 6530,6.13,-1.36,18,1.7,-,24,20,O- 175  17 46 -24,40,156
OCL-20,45,Ruprecht 139,6.41,-0.26,17,58.1,-,23,33,O- 175  17 46 -24,82,203
OCL-21,47,NGC 6469,6.5,1.98,17,49.9,-,22,20,O- 175  17 48 -24,178,269
OCL-22,49,CR 367,6.97,-2.17,18,6.5,-,24,0,O- 326  18 12 -24,291,172
OCL-23,51,NGC 6514,6.99,-0.25,17,59.3,-,23,2,O- 175  17 46 -24,63,237
OCL-24,55,NGC 6546,7.31,-1.37,18,4.2,-,24,19,O- 326  18 12 -24,318,205
OCL-25,57,Dolidze 27,7.62,24.66,16,33.8,-,8,51,O-1043  16 24 -06,110,32
OCL-26,59,NGC 6531,7.72,-0.44,18,1.6,-,22,30,O- 175  17 46 -24,41,257
OCL-26.1,61.1,VandenB. RN 113,9.07,-0.74,18,5.6,-,21,28,--,--,--
OCL-27,63,NGC 6583,9.28,-2.54,18,12.8,-,22,9,O- 326  18 12 -24,215,268
OCL-28,65,NGC 6568,9.43,-1.66,18,9.8,-,21,37,O- 326  18 12 -24,253,300
OCL-29,67,NGC 6642,9.82,-6.43,18,28.8,-,23,30,O- 326  18 12 -24,19,194
OCL-30,69,NGC 6494,9.85,2.85,17,53.9,-,19,1,O-1106  18 00 -18,328,118
OCL-31,71,NGC 6595,11.39,-1.69,18,14.0,-,19,54,O-1106  18 00 -18,75,72
OCL-32,73,NGC 6507,11.58,3.1,17,56.7,-,17,24,O-1106  18 00 -18,290,204
OCL-33,75,Markarjan 38,11.99,-0.93,18,12.3,-,19,1,O-1106  18 00 -18,95,119
OCL-34,77,Trumpler 33,12.43,-3.22,18,21.8,-,19,43,O- 569  18 24 -18,268,79
OCL-35,79,CR 469,12.8,-0.8,18,13.5,-,18,14,O-1106  18 00 -18,78,157
OCL-36,81,NGC 6603,12.86,-1.32,18,15.5,-,18,26,O-1106  18 00 -18,54,151
OCL-37,83,NGC 6717,12.87,-10.91,18,52.1,-,22,46,O- 173  18 38 -24,54,235
OCL-38,85,IC 4725,13.58,-4.48,18,28.7,-,19,17,O- 569  18 24 -18,190,110
OCL-39,91,Ruprecht 146,14.08,-9.7,18,49.6,-,21,11,O- 173  18 38 -24,84,321
OCL-40,93,NGC 6613,14.15,-1.01,18,17.0,-,17,9,O-1106  18 00 -18,33,222
OCL-41,95,NGC 6596,14.29,-0.28,18,14.6,-,16,41,O-1106  18 00 -18,64,243
OCL-42,97,CR 394,14.84,-9.56,18,50.5,-,20,27,O-1111  18 48 -18,209,44
OCL-43,99,Blanco,14.97,-79.26,0,1.7,-,30,13,SO- 21  00 52 -30,113,138
OCL-44,101,NGC 6618,15.09,-0.74,18,17.9,-,16,12,O-1106  18 00 -18,24,270
OCL-45,105,NGC 6647,15.25,-3.57,18,28.6,-,17,23,O- 569  18 24 -18,310,203
OCL-46,107,NGC 6716,15.4,9.58,18,51.6,-,19,57,O-1111  18 48 -18,195,61
OCL-47,109,NGC 6605,15.73,0.62,18,14.2,-,14,59,O-1106  18 00 -18,72,338
OCL-48,111,NGC 6645,15.77,-3.59,18,29.7,-,16,56,O- 569  18 24 -18,168,230
OCL-49,113,Ruprecht 135,16.39,6.22,17,55.4,-,11,41,O- 503  18 00 -12,304,189
OCL-50,115,Ruprecht 171,16.48,-3.11,18,29.3,-,16,5,O- 569  18 24 -18,173,276
OCL-51,117,IC 1257,16.54,15.14,17,24.4,-,7,3,E- 266  17 12 -06,75,123
OCL-52,119,Ruprecht 145,16.62,-7.94,18,47.6,-,18,9,O-1111  18 48 -18,250,151
OCL-53,121,Dolidze 28,16.96,-1.01,18,22.5,-,14,41,O- 296  18 24 - 2,254,26
OCL-54,123,NGC 6611,16.99,0.79,18,16.0,-,13,48,O- 503  18 00 -12,33,72
OCL-55,129,Trumpler 32,17.21,1.28,18,14.7,-,13,22,O- 503  18 00 -12,53,98
OCL-56,131,NGC 6604,18.26,1.69,18,15.3,-,12,15,O- 503  18 00 -12,43,156
OCL-57,133,NGC 6639,18.78,-1.36,18,27.3,-,13,14,O- 296  18 24 -12,198,106
OCL-58,135,NGC 6625,19.01,0.67,18,20.4,-,12,5,O- 296  18 24 -12,287,167
OCL-59,137,NGC 6631,19.47,-0.19,18,24.4,-,12,4,O- 296  18 24 -12,236,167
OCL-60,139,Ruprecht 141,19.7,-1.2,18,28.5,-,12,21,O- 296  18 24 -12,179,152
OCL-61,141,Ruprecht 142,19.85,-1.34,18,29.3,-,12,17,O- 296  18 24 -12,168,155
OCL-62,143,Ruprecht 143,20.01,-1.4,18,29.8,-,12,10,O- 296  18 24 -12,162,160
OCL-63,145,Ruprecht 144,20.72,-1.24,18,30.6,-,11,28,O- 296  18 24 -12,151,200
OCL-64,147,Ruprecht 170,21.0,1.18,18,22.4,-,10,5,O- 296  18 24 -12,258,275
OCL-65,149,Ruprecht 147,21.02,-12.81,19,13.8,-,16,22,O- 157  19 12 -18,221,253
OCL-66,151,NGC 6649,21.64,-0.78,18,30.7,-,10,26,O- 296  18 24 -12,153,254
OCL-67,153,NGC 6694,23.86,-2.92,18,42.5,-,9,27,O- 308  18 48 -12,315,302
OCL-68,157,NGC 6664,23.95,-0.5,18,34.0,-,8,16,O- 300  18 24 -06,109,51
OCL-69,161,Trumpler 34,24.07,-1.3,18,37.1,-,8,32,O- 300  18 24 -06,66,37
OCL-70,163,Dolidze 29,24.74,1.41,18,28.7,-,6,40,O- 300  18 24 -06,178,133
OCL-71,165,Dolidze 31,24.96,0.54,18,32.2,-,6,53,O- 300  18 24 -06,129,117
OCL-72,167,NGC 6712,25.35,-4.32,18,50.3,-,8,46,O-1085  18 48 -06,215,20
OCL-73,169,Dolidze 30,25.45,1.36,18,30.2,-,6,4,O- 300  18 24 -06,157,164
OCL-74,171,NGC 6683,26.28,-0.81,18,39.5,-,6,20,O- 300  18 24 -06,32,156
OCL-75,173,CR 350,26.74,14.67,17,45.6,+,1,19,O-1144  17 36  00,111,250
OCL-76,175,NGC 6705,27.31,-2.77,18,48.4,-,6,20,O-1085  18 48 -06,240,151
OCL-77,183,Apriamashvili,27.36,-1.93,18,45.5,-,5,54,O-1085  18 48 -06,279,173
OCL-78,185,Dolidze 34,27.77,0.02,18,39.3,-,4,38,O- 300  18 24 -06,35,245
OCL-79,187,Dolidze 33,27.78,0.37,18,38.0,-,4,27,O- 300  18 24 -06,50,251
OCL-80,189,Dolidze 32,28.03,0.56,18,37.8,-,4,9,O- 300  18 24 -06,48,272
OCL-81,191,NGC 6426,28.09,16.24,17,42.4,+,3,11,O- 780  17 36 +06,147,26
OCL-82,193,NGC 6704,28.23,-2.23,18,48.2,-,5,16,O-1085  18 48 -06,245,209
OCL-83,195,Trumpler 35,28.29,-0.01,18,40.3,-,4,11,O- 300  18 24 -06,20,263
OCL-84,197,Mel 186,29.75,12.54,17,58.6,+,2,54,O- 773  18 00  00,255,326
OCL-85,199,IC 4665,30.61,17.08,17,43.8,+,5,44,O- 780  17 36 +06,130,161
OCL-86,203,Berkeley 79,31.14,0.84,18,42.6,-,1,16,O- 193  18 48  00,312,100
OCL-87,205,Berkely 80,32.17,-1.25,18,51.9,-,1,19,O- 193  18 48  00,187,97
OCL-88,207,Berkeley 81,33.63,-2.49,18,59.0,-,0,35,O- 193  18 48  00,84,138
OCL-89,209,NGC 6994,35.73,-33.95,20,56.3,-,12,50,O- 791  20 48 -12,132,109
OCL-90,211,NGC 6633,36.09,8.28,18,25.3,+,6,32,O- 166  18 24 +06,225,197
OCL-91,215,Berkeley 42,36.17,-2.19,19,2.6,+,1,48,O- 193  18 48  00,41,264
OCL-92,217,NGC 6760,36.19,-4.05,19,9.2,+,0,58,O- 323  19 12  00,280,215
OCL-93,219,Dolidze-D. 7,36.29,29.19,17,8.3,+,15,36,O-1127  17 12 +18,265,46
OCL-94,221,IC 4656,36.37,5.26,18,36.5,+,5,24,O- 166  18 24 +06,67,141
OCL-95,223,Czernik 38,37.12,2.64,18,47.2,+,4,52,O- 264  18 48 +06,242,107
OCL-96,225,NGC 6755,38.55,-1.7,19,5.3,+,4,9,O- 202  19 12 +06,326,64
OCL-97,227,Czernik 39,38.6,-1.62,19,5.1,+,4,13,O- 202  19 12 +06,326,69
OCL-98,229,CR 401,38.64,-10.26,19,35.8,+,0,13,O- 167  19 36  00,240,172
OCL-99,231,NGC 6756,39.06,-1.69,19,6.2,+,4,36,O- 202  19 12  06,314,88
OCL-100,233,NGC 6709,42.16,4.7,18,49.1,+,10,17,O- 544  18 48 +12,218,76
OCL-101,235,NGC 6738,44.4,3.09,18,59.1,+,11,32,O- 544  18 48 +12,87,146
OCL-102,237,Berkeley 43,45.65,-0.17,19,13.2,+,11,8,O- 506  19 12 +12,215,119
OCL-103,239,Berkeley 82,46.82,1.58,19,9.1,+,12,59,O- 506  19 12 +12,269,218
OCL-104,241,Dolidze-D. 8,47.04,28.82,17,24.1,+,24,14,O- 263  17 20 +24,169,195
OCL-105,243,Dolidze 35,47.23,-2.33,19,24.0,+,11,30,O- 506  19 12 +12,87,139
OCL-106,245,King 25,48.87,-0.94,19,22.2,+,13,36,O- 202  19 12 +12,98,249
OCL-107,247,Berkeley 45,50.03,1.15,19,16.9,+,15,37,O- 793  19 12 +18,164,38
OCL-108,249,King 26,50.41,-1.33,19,26.7,+,14,46,O- 202  19 12 +12,41,312
OCL-108.1,249.1,NGC 6837,50.55,-8.08,19,51.1,+,11,34,--,--,--
OCL-109,251,Berkeley 47,52.6,-0.05,19,26.4,+,17,18,O- 793  19 12 +18,45,127
OCL-110,253,Berkeley 44,53.22,3.36,19,15.0,+,19,28,O- 793  19 12 +18,187,243
OCL-111,255,NGC 7492,53.37,-63.49,23,5.8,-,15,54,O-1228  23 12 -18,318,260
OCL-112,257,Roslund 1,54.62,-3.42,19,42.8,+,17,24,O- 190  19 36 +18,137,126
OCL-113,259,CR 399 4-5 Vul,54.68,1.96,19,23.2,+,20,5,O- 793  19 12 +18,85,182
OCL-114,261,NGC 6802,55.34,0.93,19,28.4,+,20,10,O- 793  19 12 +18,20,183
OCL-115,263,NGC 6793,56.19,3.34,19,21.0,+,22,5,O- 185  19 30 +24,336,62
OCL-116,265,H 20,56.3,-4.67,19,50.9,+,18,12,O- 190  19 36 +18,35,172
OCL-117,267,NGC 6838,56.74,-4.56,19,51.5,+,18,39,O- 190  19 36 +18,28,196
OCL-118,269,Czernik 40,57.5,-1.08,19,40.4,+,21,4,O- 190  19 36 +18,169,324
OCL-119,271,Dolidze-D. 9,58.1,22.27,18,6.9,+,31,31,O- 282  18 12 +30,271,259
OCL-120,273,Berkeley 48,58.24,-2.35,19,46.7,+,21,4,O- 185  19 30 +24,15,11
OCL-121,275,Roslund 3,58.81,-4.68,19,56.5,+,20,21,O- 302  20 00 +18,267,287
OCL-122,277,NGC 6820,59.16,-0.16,19,40.5,+,22,58,O- 185  19 30 +24,96,111
OCL-123,279,NGC 6800,59.24,3.93,19,25.1,+,25,2,O- 185  19 30 +24,284,220
OCL-124,281,NGC 6823,59.41,-0.15,19,41.0,+,23,11,O- 185  19 30 +24,86,123
OCL-125,285,NGC 6830,60.14,-1.83,19,48.9,+,22,56,O- 289  19 56 +24,308,104
OCL-126,287,Roslund 2,60.21,-0.29,19,43.3,+,23,48,O- 185  19 30 +24,58,162
OCL-127,289,Stock 1,60.24,2.26,19,33.7,+,25,6,O- 185  19 30 +24,175,228
OCL-128,291,Dolidze-D. 5,60.88,43.89,16,25.6,+,38,11,O-1093  16 20 +36,150,300
OCL-129,293,Dolidze-D. 6,61.5,40.37,16,43.6,+,38,22,O-1069  16 48 +36,255,319
OCL-130,295,Czernik 41,61.87,-0.67,19,48.5,+,25,2,O- 289  19 56 +24,308,221
OCL-131,297,NGC 6815,62.22,2.05,19,38.9,+,26,43,O- 185  19 30 +24,115,307
OCL-132,299,NGC 6885,65.53,-4.07,20,9.9,+,26,20,O- 289  19 56 +24,52,285
OCL-133,301,NGC 6882,65.55,-3.98,20,9.6,+,26,24,O- 289  19 56 +24,55,292
OCL-134,303,NGC 6834,65.7,1.18,19,50.2,+,29,17,O- 771  19 56 +30,283,121
OCL-135,305,Berkeley 83,66.07,-0.93,19,59.3,+,28,29,O- 771  19 56 +30,176,79
OCL-136,307,Iskudarian,66.37,16.52,18,46.2,+,36,48,O- 148  18 40 +36,138,213
OCL-137,309,Stephenson,66.85,15.51,18,51.8,+,36,51,O- 148  18 40 +36,70,213
OCL-138,311,Roslund 4,66.96,-1.26,20,2.9,+,29,4,E- 771  19 56 +30,140,111
OCL-139,313,NGC 6846,66.98,0.88,19,54.4,+,30,13,O- 771  19 56 +30,229,176
OCL-140,315,Berkeley 52,67.9,-3.14,20,12.3,+,28,49,E- 771  19 56 +30,25,98
OCL-141,317,NGC 6940,69.9,-7.16,20,32.5,+,28,8,O- 332  20 22 +30,95,60
OCL-142,321,Berkeley 46,70.01,10.96,19,19.0,+,37,45,O-1434  19 08 +36,88,258
OCL-143,323,Berkeley 84,70.9,1.23,20,2.9,+,33,43,O- 200  20 04 +36,222,38
OCL-144,325,Berkeley 49,70.98,2.5,19,57.9,+,34,28,O- 200  20 04 +36,279,79
OCL-145,327,Roslund 5,71.4,0.25,20,8.1,+,33,37,O- 200  20 04 +36,162,30
OCL-146,329,Berkeley 51,72.12,0.24,20,10.1,+,34,12,O- 200  20 04 +36,143,64
OCL-147,331,Berkeley 50,72.42,0.84,20,8.5,+,34,47,O- 200  20 04 +36,163,95
OCL-148,333,NGC 6871,72.64,2.08,20,4.0,+,35,38,O- 200  20 04 +36,207,140
OCL-149,337,Biur 1,72.73,1.75,20,5.6,+,35,32,O- 200  20 04 +36,191,135
OCL-150,339,Biur 2,72.76,1.35,20,7.3,+,35,20,O- 200  20 04 +36,171,122
OCL-151,341,Ruprecht 172,73.15,1.0,20,9.8,+,35,29,O- 200  20 04 +36,147,129
OCL-152,343,NGC 6883,73.29,1.19,20,9.4,+,35,42,O- 200  20 04 +36,148,142
OCL-153,345,Dolidze 1,73.52,2.1,20,6.3,+,36,24,O- 200  20 00 +36,183,187
OCL-154,347,Dolidze 37,73.96,3.57,20,1.2,+,37,33,O- 200  20 04 +36,238,242
OCL-155,349,NGC 6819,73.98,8.47,19,39.6,+,40,4,O- 281  19 30 +24,105,60
OCL-156,351,Dolidze 3,74.56,0.98,20,13.8,+,36,38,O- 200  20 04 +36,105,195
OCL-157,353,Dolidze 4,74.71,0.57,20,15.9,+,36,31,O- 200  20 04 +36,80,191
OCL-157.1,353.1,Basel 6,74.91,3.29,20,5.0,+,38,12,--,--,--
OCL-158,355,IC 4996,75.36,1.31,20,14.6,+,37,29,O- 200  20 04 +36,94,238
OCL-159,357,Dolidze 39,75.55,1.44,20,14.6,+,37,43,O- 200  20 04 +36,95,251
OCL-160,359,Berkeley 85,75.68,0.96,20,17.0,+,37,33,O- 200  20 04 +36,71,245
OCL-161,361,Berkeley 87,75.71,0.31,20,19.8,+,37,12,O- 200  20 04 +36,40,226
OCL-162,363,Dolidze 40,75.73,1.13,20,16.4,+,37,41,O- 200  20 04 +36,80,255
OCL-163,365,Dolidze 41,75.76,0.91,20,17.4,+,37,35,O- 200  20 04 +36,37,88
OCL-164,367,Dolidze 42,76.13,1.05,20,17.9,+,37,58,O- 200  20 04 +36,62,265
OCL-165,369,Ruprecht 173,76.63,-4.02,20,39.8,+,35,22,O- 288  20 32 +36,120,127
OCL-166,371,Dolidze-D. 10,76.64,4.65,20,4.0,+,40,23,O-1145  20 00 +42,165,76
OCL-167,373,Berkeley 86,76.66,1.26,20,18.6,+,38,32,O- 200  20 04 +36,57,296
OCL-167.1,373.1,vandenB. RN 130,76.89,2.06,20,15.9,+,39,10,--,--,--
OCL-168,375,NGC 6913,76.92,0.6,20,22.1,+,38,22,O- 200  20 04 +36,18,287
OCL-169,379,Ruprecht 175,77.02,-4.6,20,43.2,+,35,19,O- 288  20 32 +36,88,120
OCL-170,381,Dolidze 38,77.22,4.99,20,4.0,+,41,3,O-1445  20 00 +42,159,112
OCL-171,383,Dolidze 5,77.24,1.64,20,18.7,+,39,13,O- 754  20 30 +42,321,9
OCL-171.1,383.1,Dolidze 47,77.49,-3.33,20,39.7,+,36,28,--,--,--
OCL-172,385,Dolidze 36,77.67,5.99,20,0.8,+,41,58,O-1145  20 00 +42,195,156
OCL-173,387,Trumpler 36,77.7,4.25,20,8.6,+,41,4,O-1145  20 00 +42,112,111
OCL-174,389,Dolidze 2,77.78,4.41,20,8.2,+,41,13,O-1145  20 00 +42,121,120
OCL-175,391,Dolidze 43,77.84,1.78,20,19.9,+,39,47,O- 754  20 30 +42,307,38
OCL-176,393,Ruprecht 174,78.04,-3.38,20,41.6,+,36,52,O- 288  20 32 +36,109,202
OCL-177,395,CR 419,78.09,2.79,20,16.3,+,40,34,O-1445  20 00 +42,37,88
OCL-178,397,Roslund 6,78.12,0.27,20,27.0,+,39,13,O- 288  20 32 +36,260,332
OCL-179,399,Dolidze-D. 11,78.12,-5.23,20,49.0,+,35,46,O- 279  21 00 +36,332,142
OCL-180,401,Dolidze 10,78.48,1.14,20,24.5,+,39,57,O- 754  20 30 +42,247,37
OCL-181,403,NGC 6910,78.66,2.03,20,21.3,+,40,37,O- 754  20 30 +42,289,85
OCL-182,407,Dolidze 6,78.91,2.74,20,19.0,+,41,13,--,--,--
OCL-183,409,NGC 6866,79.41,6.78,20,2.1,+,43,51,O-1145  20 00 +42,180,270
OCL-184,411,CR 421,79.43,2.53,20,21.5,+,41,32,O- 754  20 30 +42,287,134
OCL-185,413,NGC 6811,79.44,11.95,19,36.7,+,46,27,O- 283  19 50 +48,327,73
OCL-186,415,Dolidze 11,79.58,1.9,20,24.7,+,41,17,O- 754  20 30 +42,254,117
OCL-187,417,Roslund 7,79.79,-4.26,20,50.5,+,37,44,O- 288  20 32 +36,13,253
OCL-188,419,Dolidze 9,79.88,2.3,20,23.9,+,41,46,O- 754  20 30 +42,262,144
OCL-189,421,Dolidze 8,80.03,2.66,20,22.7,+,42,6,O- 754  20 30 +42,273,163
OCL-190,423,Dolidze 44,80.15,1.57,20,27.9,+,41,33,O- 754  20 30 +42,220,133
OCL-191,425,Dolidze 45,81.74,-6.89,21,7.0,+,37,24,O- 279  21 00 +36,124,229
OCL-192,427,NGC 7063,83.09,-9.9,21,22.4,+,36,17,O- 269  21 28 +36,269,169
OCL-193,429,Berkeley 89,83.11,4.78,20,23.0,+,45,49,O-1099  20 24 +48,210,41
OCL-194,431,Berkeley 54,83.13,-4.14,21,1.3,+,40,16,O-1133  21 00 +42,196,60
OCL-195,433,Berkeley 88,84.54,6.4,20,20.0,+,47,55,O-1099  20 24 +48,237,154
OCL-196,435,Berkeley 90,84.86,3.76,20,33.7,+,46,38,O-1099  20 24 +48,111,84
OCL-197,437,NGC 6996,85.46,-0.47,20,54.7,+,44,26,O-1133  21 00 +42,255,288
OCL-198,439,NGC 7044,85.87,-4.13,21,11.1,+,42,17,O-1133  21 00 +42,95,172
OCL-199,441,Berkeley 56,86.04,-5.18,21,15.8,+,41,41,O-1133  21 00 +42,50,138
OCL-200,443,Barhatova 1,86.2,0.84,20,52.0,+,45,51,O- 533  20 58 +48,253,35
OCL-201,445,CR 428,86.21,-1.41,21,1.4,+,44,23,O-1133  21 00 +42,194,284
OCL-202,447,NGC 6991,87.53,1.39,20,55.0,+,47,13,E- 533  20 58 +48,231,110
OCL-203,449,NGC 7039,87.96,-1.73,21,9.4,+,45,27,O- 533  20 58 +48,88,15
OCL-204,451,IC 1369,89.59,-0.42,21,10.4,+,47,32,O- 533  20 58 +48,87,130
OCL-205,453,NGC 7062,89.93,-2.72,21,21.4,+,46,10,O- 589  21 32 +48,300,55
OCL-206,455,Berkeley 91,90.07,0.13,21,10.0,+,48,16,O- 533  20 58 +48,96,171
OCL-207,457,Berkeley 53,90.34,3.66,20,55.0,+,50,50,E- 533  20 58 +48,224,307
OCL-208,459,NGC 7067,91.19,-1.67,21,22.4,+,47,48,O- 589  21 32 +48,289,142
OCL-209,461,NGC 7082,91.19,-2.95,21,27.6,+,46,52,O- 589  21 32 +48,251,92
OCL-210,463,NGC 7031,91.32,2.26,21,5.7,+,50,38,O- 533  20 58 +48,131,295
OCL-211,465,NGC 7092,92.46,-2.28,21,30.4,+,48,13,O- 589  21 32 +48,221,163
OCL-212,469,Berkeley 55,93.02,1.84,21,15.1,+,51,34,O- 598  20 54 +54,19,28
OCL-213,471,IC 5146,94.39,-5.5,21,51.5,+,47,2,O- 589  21 32 +48,25,102
OCL-214,473,NGC 7086,94.41,0.2,21,28.8,+,51,22,O-1496  21 32 +54,225,10
OCL-215,475,NGC 7209,95.51,-7.34,22,3.2,+,46,15,O- 599  22 06 +48,233,54
OCL-216,479,Barhatova 2,95.75,-1.51,21,42.5,+,50,59,O- 589  21 32 +48,118,304
OCL-217,481,NGC 6939,95.88,12.3,20,30.4,+,60,28,O- 593  20 32 +60,192,181
OCL-218,483,NGC 7128,97.35,0.42,21,42.3,+,53,29,O-1496  21 32 +54,115,123
OCL-219,485,NGC 7127,97.91,1.12,21,42.2,+,54,23,O-1496  21 32 +54,116,171
OCL-220,487,Berkeley 92,97.94,5.01,21,23.7,+,57,17,O- 540  21 16 +60,136,7
OCL-221,489,NGC 7243,98.86,-5.55,22,13.3,+,49,38,O- 599  22 06 +48,140,234
OCL-222,493,Trumpler 37,99.29,3.73,21,37.5,+,57,16,O- 540  21 16 +60,44,12
OCL-223,495,IC 1434,99.93,-2.7,22,8.6,+,52,35,O- 588  22 10 +54,212,72
OCL-224,497,IC 1442,101.36,-2.2,22,14.6,+,53,48,O- 588  22 10 +54,166,134
OCL-225,499,NGC 7245,101.37,-1.87,22,13.4,+,54,5,O- 588  22 10 +54,173,152
OCL-226,501,NGC 7226,101.42,-0.6,22,8.7,+,55,10,O- 588  22 10 +54,209,210
OCL-227,503,King 9,101.44,-1.83,22,13.6,+,54,9,O- 588  22 10 +54,171,156
OCL-228,505,NGC 7296,101.89,-4.63,22,26.2,+,52,2,O- 588  22 10 +54,69,46
OCL-229,507,NGC 7235,102.72,0.78,22,10.8,+,57,2,O- 588  22 10 +54,193,310
OCL-230,509,NGC 7772,102.75,-44.27,23,49.2,+,15,59,O-1182  23 36 +18,62,39
OCL-231,511,Berkeley 94,103.1,-1.18,22,20.8,+,55,36,O- 588  22 10 +54,116,235
OCL-232,513,Berkeley 96,103.67,-2.06,22,27.5,+,55,9,O- 588  22 10 +54,62,212
OCL-233,515,CR 427,103.93,14.34,20,58.9,+,67,58,O- 546  20 48 +66,119,260
OCL-234,517,Berkeley 98,103.94,-5.67,22,41.1,+,52,9,O- 812  22 48 +54,263,51
OCL-235,519,NGC 7023,103.99,14.27,20,59.9,+,67,58,O- 546  20 48 +66,114,260
OCL-236,521,NGC 7160,104.02,6.45,21,52.3,+,62,22,O- 594  22 00 +60,237,276
OCL-237,523,NGC 7261,104.04,0.86,22,18.6,+,57,50,O- 594  22 00 +60,60,35
OCL-238,525,NGC 7281,104.4,0.34,22,22.9,+,57,35,O- 581  22 10 +54,104,343
OCL-239,527,Berkeley 93,105.08,7.32,21,54.8,+,63,42,O-1165  21 40 +66,101,30
OCL-240,529,NGC 7129,105.26,9.98,21,40.2,+,65,52,O-1165  21 40 +66,174,146
OCL-241,531,NGC 7142,105.42,9.45,21,44.7,+,65,34,O-1165  21 40 +66,162,128
OCL-242,533,Berkeley 95,105.47,1.19,22,26.5,+,58,52,O- 594  22 00 +60,8,97
OCL-243,535,Berkeley 97,106.66,0.37,22,37.6,+,58,45,O- 974  22 44 +60,239,81
OCL-244,537,NGC 7380,107.08,-0.9,22,45.0,+,57,50,O- 874  22 44 +60,184,31
OCL-245,541,Czernik 42,107.11,1.11,22,37.9,+,59,37,O- 874  22 44 +60,236,129
OCL-246,543,Berkeley 57,107.65,-2.25,22,53.2,+,56,52,O- 812  22 48 +54,162,301
OCL-247,545,King 18,107.77,-1.03,22,50.1,+,58,1,O- 874  22 44 +60,151,42
OCL-248,547,King 10,108.49,-0.4,22,52.9,+,58,54,O- 874  22 44 +60,132,89
OCL-249,549,NGC 7429,108.95,0.28,22,53.9,+,59,43,O- 874  22 44 +60,128,134
OCL-250,551,NGC 7419,109.13,1.14,22,52.3,+,60,34,O- 874  22 44 +60,139,177
OCL-251,553,NGC 7686,109.52,-11.63,23,27.8,+,48,51,O-1162  23 14 +48,91,195
OCL-252,555,CR 285 UMa,110.25,44.86,14,40.5,+,69,47,--,--,--
OCL-252.1,561.1,vandenB. RN 152,110.27,11.37,22,12.3,+,70,0,--,--,--
OCL-252.2,561.2,Aveni-Hunter,110.43,-12.65,23,34.8,+,48,8,--,--,--
OCL-253,563,Dolidze 46,110.52,-4.92,23,19.6,+,55,30,O- 595  23 26 +54,253,229
OCL-254,565,King 19,110.57,0.15,23,6.2,+,60,15,O- 874  22 44 +60,46,169
OCL-255,567,CR 471,110.88,13.08,22,6.2,+,71,45,O- 559  22 40 +72,325,130
OCL-256,569,NGC 7510,110.96,0.05,23,9.4,+,60,18,O- 874  22 44 +60,28,170
OCL-257,573,Markarjan 50,111.36,-0.2,23,13.1,+,60,12,O-1173  23 28 +60,300,158
OCL-258,575,Stock 12,111.45,-8.47,23,34.8,+,52,9,O- 595  23 26 +54,140,49
OCL-259,577,Stock 11,111.76,-5.37,23,30.5,+,55,12,O- 595  23 26 +54,164,211
OCL-259.1,577.1,vandenB. RN 150,112.06,13.9,22,11.9,+,73,5,--,--,--
OCL-260,579,NGC 7654,112.76,0.46,23,22.0,+,61,19,O-1173  23 28 +60,236,217
OCL-261,583,Czernik 43,112.83,0.13,23,23.5,+,61,2,O-1173  23 28 +60,229,204
OCL-262,585,King 20,112.87,-2.83,23,31.0,+,58,14,O 1173  23 28 +60,182,48
OCL-263,587,Berkeley 102,113.02,-4.82,23,36.3,+,56,22,O- 595  23 26 +54,128,272
OCL-264,589,Berkeley 100,113.72,2.4,23,24.4,+,63,28,O-1173  23 28 +60,225,334
OCL-265,591,Czernik 44,113.9,0.41,23,31.2,+,61,38,O-1173  23 28 +60,179,236
OCL-266,593,Berkeley 103,114.56,-2.48,23,42.8,+,59,2,O-1332  00 00 +60,322,97
OCL-267,595,Berkeley 101,114.58,2.61,23,31.2,+,63,56,--,--,--
OCL-268,597,Stock 17,115.33,0.1,23,43.6,+,61,54,O-1233  00 00 +60,318,253
OCL-269,599,NGC 7789,115.49,-5.36,23,54.5,+,56,27,O- 636  00 00 +54,246,279
OCL-270,605,King 21,115.94,0.68,23,47.4,+,62,26,O-1333  00 00 +60,277,278
OCL-271,607,Berkeley 99,115.95,10.11,23,19.6,+,71,29,O- 560  23 48 +72,312,129
OCL-272,609,King 12,116.13,-0.13,23,50.5,+,61,41,O-1333  00 00 +60,260,236
OCL-273,611,H 21,116.21,-0.37,23,51.6,+,61,29,O-1233  00 00 +60,254,224
OCL-274,613,Stock 19,116.37,-6.25,0,1.8,+,55,45,O- 636  00 00 +54,191,243
OCL-275,615,NGC 7788,116.43,-0.79,23,54.2,+,61,7,O-1233  00 00 +60,239,205
OCL-276,617,NGC 7790,116.59,-1.01,23,55.9,+,60,56,O-1233  00 00 +60,228,194
OCL-277,621,Berkeley 58,116.75,-1.29,23,57.6,+,60,41,O-1233  00 00 +60,216,180
OCL-278,623,Czernik 45,117.05,2.3,23,53.8,+,64,16,O- 555  00 00 +65,238,55
OCL-279,625,King 11,117.16,6.47,23,45.4,+,68,21,O- 548  23 24 +66,87,274
OCL-280,627,NGC 7762,117.2,5.84,23,47.4,+,67,45,O- 548  23 24 +66,72,243
OCL-281,629,Stock 18,117.63,2.28,23,59.0,+,64,22,O- 555  00 00 +66,204,54
OCL-282,631,Berkeley 104,117.63,1.22,0,0.9,+,63,19,O-1233  00 00 +60,193,322
OCL-283,633,Czernik 1,117.73,-1.02,0,5.1,+,61,8,O-1233  00 00 +60,167,207
OCL-284,635,Berkeley 1,117.79,-2.03,0,7.0,+,60,9,O-1233  00 00 +60,155,154
OCL-285,637,King 13,117.98,-1.26,0,7.5,+,60,56,O-1233  00 00 +60,153,192
OCL-286,639,Berkeley 59,118.25,4.95,0,0.0,+,67,6,O- 555  00 00 +66,197,204
OCL-287,641,Dolidze-D. 1,118.64,-37.52,2,44.6,+,16,59,O- 425  02 48 +18,282,106
OCL-288,643,Berkeley 60,118.85,-1.64,0,15.0,+,60,41,O-1233  00 00 +60,104,181
OCL-288.1,643.1,Mayer 1,119.45,-0.93,0,19.2,+,61,28,--,--,--
OCL-289,645,Berkeley 2,119.7,-2.31,0,22.5,+,60,7,O-1233  00 00 +60,53,154
OCL-290,647,King 1,119.75,1.7,0,19.2,+,64,7,O- 555  00 00 +66,88,42
OCL-291,649,NGC 103,119.8,-1.38,0,22.5,+,61,4,O-1233  00 00 +60,57,204
OCL-292,651,Stock 20,119.89,-0.08,0,22.1,+,62,22,O-1233  00 00 +60,62,274
OCL-293,653,Stock 21,120.1,-4.79,0,27.3,+,57,42,O- 596  00 44 +60,329,23
OCL-294,655,NGC 129,120.25,-2.54,0,27.1,+,59,57,O-1233  00 00 +60,20,145
OCL-295,659,NGC 136,120.56,-1.26,0,28.7,+,61,15,O-1233  00 00 +60,18,217
OCL-296,661,NGC 133,120.67,0.57,0,28.4,+,63,5,O-1233  00 00 +60,29,315
OCL-297,663,Alter,120.72,0.36,0,29.0,+,62,53,O-1233  00 00 +60,23,306
OCL-298,665,King 15,120.75,-0.93,0,30.1,+,61,35,O-1233  00 00 +60,10,237
OCL-299,667,NGC 146.SH,120.87,0.49,0,30.2,+,63,1,O-1233  00 00 +60,18,314
OCL-300,669,NGC 110,121.0,8.61,0,24.4,+,71,7,O-1217  00 00 +72,88,105
OCL-301,671,NGC 189,121.51,-1.77,0,36.7,+,60,48,O- 596  00 44 +60,257,189
OCL-302,673,Berkeley 3,121.55,-0.88,0,36.8,+,61,41,O- 596  00 44 +60,251,235
OCL-303,675,Dolidze 12,121.64,-2.0,0,37.9,+,60,35,O- 596  00 44 +60,248,176
OCL-304,677,Czernik 2,121.97,-2.7,0,40.8,+,59,53,O- 596  00 44 +60,230,139
OCL-305,679,NGC 225,121.99,-1.08,0,40.5,+,61,31,O- 596  00 44 +60,226,225
OCL-306,681,King 16,122.09,1.33,0,40.7,+,63,55,O-1234  00 52 +66,272,39
OCL-307,683,Berkeley 4,122.29,1.54,0,42.5,+,64,8,O-1234  00 52 +66,263,50
OCL-308,685,Berkeley 61,122.65,4.37,0,45.4,+,66,58,O-1234  00 52 +66,239,200
OCL-309,687,NGC 188,122.78,22.46,0,39.4,+,85,4,O- 568  00 00 +84,130,201
OCL-310,693,Dolidze 13,122.78,1.27,0,47.0,+,63,52,O-1234  00 52 +66,237,34
OCL-311,695,King 2,122.88,-4.68,0,48.1,+,57,55,O- 596  00 44 +60,183,31
OCL-312,697,NGC 272,122.91,-27.03,0,48.6,+,35,34,O- 406  00 56 +36,308,127
OCL-313,699,NGC 281,123.13,-6.24,0,49.9,+,56,21,O-1237  00 38 +54,122,272
OCL-314,701,Berkeley 62,123.99,1.1,0,57.9,+,63,41,O-1234  00 52 +66,170,23
OCL-315,703,Czernik 3,124.27,-0.04,1,0.0,+,62,32,O- 596  00 44 +60,108,279
OCL-316,705,NGC 366,124.68,-0.59,1,3.3,+,61,58,O- 596  00 44 +60,86,250
OCL-317,707,NGC 381,124.94,-1.22,1,5.2,+,61,19,O- 596  00 44 +60,72,216
OCL-318,709,Stock 3,125.36,-0.47,1,9.1,+,62,4,O- 596  00 44 +60,52,257
OCL-319,711,Stock 22,125.9,-2.6,1,12.1,+,59,52,O- 596  00 44 +60,22,141
OCL-320,713,NGC 436,126.07,-3.91,1,12.5,+,58,33,O- 596  00 44 +60,10,72
OCL-321,715,NGC 457,126.56,-4.35,1,15.9,+,58,4,O-1240  01 28 +60,299,45
OCL-322,719,NGC 559,127.19,0.75,1,26.1,+,63,3,O-1240  01 28 +60,222,312
OCL-323,721,Berkeley 8,127.33,13.3,1,56.4,+,75,20,O-1230  02 16 +72,267,331
OCL-324,723,CR 463,127.37,9.56,1,44.3,+,71,42,O-1218  01 08 +72,50,136
OCL-325,725,King 3,127.83,2.11,1,33.7,+,64,18,O- 818  01 44 +66,279,61
OCL-326,727,NGC 581,128.02,-1.76,1,29.9,+,60,27,O-1240  01 28 +60,200,167
OCL-327,731,Czernik 4,128.16,-0.99,1,32.0,+,61,11,O-1240  01 28 +60,185,212
OCL-328,733,Trumpler 1,128.22,-1.14,1,32.3,+,61,2,O-1240  01 28 +60,186,202
OCL-329,735,NGC 637,128.55,1.7,1,39.4,+,63,45,O- 878  01 44 +66,242,32
OCL-330,737,NGC 654,129.09,-0.35,1,40.6,+,61,38,O-1240  01 28 +60,133,235
OCL-331,741,Berkeley 5,129.3,0.76,1,44.3,+,62,41,E-1240  01 28 +60,112,293
OCL-332,743,NGC 659,129.34,-1.51,1,40.8,+,60,27,O-1240  01 28 +60,129,170
OCL-333,745,NGC 663,129.46,-0.94,1,42.6,+,61,0,O-1240  01 28 +60,117,200
OCL-334,751,Tombaugh 3,130.08,-0.19,1,49.0,+,61,35,O-1240  01 28 +60,80,237
OCL-335,753,Berkeley 6,130.09,-0.96,1,47.7,+,60,50,O-1240  01 28 +60,85,193
OCL-336,755,Berkeley 7,130.14,0.37,1,50.6,+,62,7,O-1240  01 28 +60,71,265
OCL-337,757,NGC 657,130.28,-6.25,1,40.5,+,55,37,O-1245  01 54 +54,321,242
OCL-338,759,Czernik 5,130.5,-0.6,1,51.6,+,61,5,O-1240  01 28 +60,57,211
OCL-339,761,Stock 5,130.74,2.65,2,0.8,+,64,12,O- 878  01 44 +66,115,50
OCL-340,763,Czernik 6,130.88,1.1,1,58.4,+,62,38,O- 597  02 12 +60,299,296
OCL-341,765,Czernik 7,131.09,0.52,1,58.8,+,62,1,O- 597  02 12 +60,296,264
OCL-342,767,Stock 4,131.21,-4.85,1,49.4,+,56,49,O-1245  01 54 +54,252,304
OCL-343,769,NGC 743,131.23,-1.61,1,55.2,+,59,56,O-1240  01 28 +60,33,148
OCL-344,771,Berkeley 64,131.92,4.6,2,17.1,+,65,40,O-1241  02 36 +66,316,140
OCL-345,773,NGC 744,132.39,-6.16,1,55.1,+,55,14,O-1245  01 54 +54,209,217
OCL-346,775,Berkeley 63,132.5,2.52,2,15.8,+,63,31,O- 878  01 44 +66,28,22
OCL-347,777,Stock 6,132.84,2.74,2,19.8,+,63,38,O-1241  02 36 +66,319,26
OCL-348,779,Stock 2,133.44,-1.93,2,11.4,+,59,2,O- 597  02 12 +60,228,106
OCL-349,781,Tombaugh 4,134.19,1.06,2,25.1,+,61,34,O- 597  02 12 +60,132,235
OCL-349.1,781.1,Basel 10,134.21,-2.64,2,15.2,+,58,5,--,--,--
OCL-350,783,NGC 869,134.63,-3.72,2,15.5,+,56,55,O-1245  01 54 +54,60,310
OCL-351,799,Markarjan 6,134.68,0.04,2,25.9,+,60,26,O- 597  02 12 +60,127,175
OCL-352,801,IC 1805,134.74,0.92,2,28.9,+,61,14,O- 597  02 12 +60,107,219
OCL-353,805,NGC 884,135.08,-3.6,2,18.9,+,56,53,O-1245  01 54 +54,38,312
OCL-354,819,Czernik 10,135.34,-0.2,2,30.1,+,59,58,O- 597  02 12 +60,99,150
OCL-355,821,Czernik 9,135.43,-0.48,2,29.9,+,59,40,O- 597  02 12 +60,100,134
OCL-356,823,Czernik 13,135.67,2.31,2,40.8,+,62,8,O- 597  02 12 +60,39,270
OCL-357,825,NGC 1027,135.78,1.48,2,38.8,+,61,20,O- 597  02 12 +60,47,230
OCL-358,827,Czernik 11,135.78,-0.61,2,32.1,+,59,25,O- 597  02 12 +60,79,122
OCL-359,829,Czernik 8,135.79,-1.58,2,29.3,+,58,31,O- 597  02 12 +60,102,74
OCL-360,831,Berkeley 65,135.84,0.27,2,35.2,+,60,12,O- 597  02 12 +60,65,164
OCL-361,833,King 4,136.02,-1.2,2,32.0,+,58,47,O- 597  02 12 +60,80,90
OCL-362,835,NGC 957,136.34,-2.66,2,30.0,+,57,19,O- 597  02 12 +60,97,9
OCL-363,837,NGC 752,137.17,-23.36,1,54.8,+,37,26,O-1225  01 52 +36,205,235
OCL-364,843,IC 1848,137.19,0.09,2,47.3,+,60,14,O- 968  02 56 +60,277,168
OCL-365,845,Trumpler 2,137.41,-3.89,2,33.7,+,55,46,O-1617  02 32 +54,210,245
OCL-366,847,Trumpler 3,137.99,4.56,3,7.6,+,63,4,O- 968  02 56 +60,145,316
OCL-367,849,Czernik 12,138.07,-4.74,2,35.6,+,54,43,O-1617  02 32 +54,193,192
OCL-368,851,CR 33,138.1,1.35,2,55.4,+,60,12,O- 968  02 56 +60,236,178
OCL-369,853,CR 34,138.28,1.45,2,57.0,+,60,13,O- 968  02 56 +60,223,177
OCL-370,855,Berkeley 10,138.58,8.91,3,34.8,+,66,22,O- 973  03 28 +66,182,178
OCL-371,857,CR 21,138.66,-33.83,1,47.3,+,27,0,O- 896  01 44 +24,194,301
OCL-372,859,CR 464,139.38,19.85,5,16.2,+,73,14,O- 975  05 40 +72,305,250
OCL-373,861,Berkeley 66,139.43,0.21,3,0.4,+,58,34,E- 968  02 56 +60,194,78
OCL-374,863,NGC 2314,139.55,27.37,7,3.8,+,75,19,O-1256  06 08 +78,34,42
OCL-375,865,Stock 23,140.13,2.11,3,12.3,+,59,51,O- 968  02 56 +60,108,148
OCL-376,867,Czernik 14,140.93,0.91,3,13.0,+,58,25,O- 968  02 56 +60,102,72
OCL-377,869,NGC 956,141.21,-14.61,2,29.2,+,44,26,O- 449  02 30 +42,236,278
OCL-378,871,Czernik 17,142.53,6.2,3,48.1,+,61,51,O- 957  03 40 +60,171,256
OCL-379,873,"Upgren,rubin",142.68,80.18,12,32.6,+,36,35,E- 105  12 36 +36,255,237
OCL-380,875,NGC 1220,143.05,-3.97,3,8.0,+,53,9,O-1231  03 10 +54,242,113
OCL-381,877,King 6,143.36,-0.07,3,24.2,+,56,17,O-1231  03 10 +54,117,280
OCL-382,879,NGC 1039,143.64,-15.6,2,38.8,+,42,34,O- 449  02 30 +42,144,179
OCL-383,883,NGC 1502,143.65,7.62,4,3.3,+,62,12,O- 957  03 40 +60,76,280
OCL-384,887,King 5,143.75,-4.27,3,11.0,+,52,32,O-1231  03 10 +54,218,78
OCL-385,889,Tombaugh 5,143.94,3.57,3,43.7,+,58,54,O- 957  03 40 +60,200,101
OCL-386,891,Czernik 15,145.1,-3.97,3,19.5,+,52,4,O-1231  03 10 +54,149,53
OCL-387,893,Czernik 16,145.84,-2.98,3,27.1,+,52,29,O-1231  03 10 +54,86,75
OCL-388,895,Berkeley 9,146.05,-2.78,3,29.0,+,52,32,O-1231  03 10 +54,73,78
OCL-389,897,NGC 1245,146.64,-8.93,3,11.2,+,47,4,O- 845  02 50 +48,35,102
OCL-390,899,NGC 1193,146.81,-12.18,3,2.5,+,44,11,O-1618  03 00 +42,204,275
OCL-391,901,NGC 1348,146.95,-3.71,3,30.2,+,51,16,O-1249  03 24 +48,177,323
OCL-392,903,Mel 20,146.95,-7.11,13,18.5,+,48,26,O-1249  03 24 +48,269,169
OCL-393,909,IC 361,147.49,5.7,4,14.8,+,58,11,O- 663  04 24 +60,297,68
OCL-394,911,NGC 1444,148.16,-1.29,3,45.6,+,52,31,O-1236  03 48 +54,255,80
OCL-395,913,King  7,149.78,-1.03,3,55.2,+,51,39,O-1236  03 48 +54,170,37
OCL-396,915,NGC 1496,149.87,0.14,4,0.6,+,52,29,O-1236  03 48 +54,126,83
OCL-396.1,915.1,Mayer 2,151.12,2.13,4,15.6,+,53,5,--,--,--
OCL-397,917,NGC 1528,152.04,0.27,4,11.6,+,51,7,O-1236  03 48 +54,34,11
OCL-398,919,NGC 1513,152.6,-1.57,4,6.3,+,49,23,O-1253  03 58 +48,159,231
OCL-399,921,NGC 1545,153.36,0.17,4,17.1,+,50,8,O-1253  03 58 +48,66,276
OCL-399.1,921.1,Latyshev 1,153.39,-28.15,2,49.5,+,27,16,--,--,--
OCL-400,923,Berkeley 67,154.88,2.51,4,34.3,+,50,39,O- 848  04 32 +48,215,309
OCL-401,925,NGC 1342,154.99,-15.38,3,28.4,+,37,10,O-1333  03 16 +36,103,220
OCL-402,927,Berkeley 13,155.1,5.86,4,51.6,+,52,40,O- 846  04 26 +54,25,96
OCL-403,929,NGC 1624,155.35,2.58,--,--,--,--,--,--,--,--
OCL-404,931,Berkeley11,157.08,-3.65,4,17.0,+,44,48,O- 651  04 00 +42,74,313
OCL-405,933,NGC 1724,158.45,4.85,4,59.7,+,49,26,O- 224  05 06 +48,290,246
OCL-406,935,NGC 1605,158.61,-1.58,4,31.4,+,45,9,O- 848  04 32 +48,343,12
OCL-407,937,NGC 1582,159.28,-2.91,4,28.5,+,43,45,O- 644  04 30 +42,250,255
OCL-408,939,Ruprecht 148,160.33,-0.39,4,42.9,+,44,39,O- 644  04 30 +42,112,307
OCL-409,941,Gingrich,160.43,-17.74,3,41.4,+,32,8,O-1457  03 28 +30,88,272
OCL-410,943,Berkeley 16,160.78,4.84,5,8.1,+,47,34,O- 224  05 06 +48,218,145
OCL-411,945,NGC 1664,161.66,-0.44,4,47.5,+,43,37,O- 644  04 30 +42,68,287
OCL-412,947,Berkeley 12,161.68,-1.99,4,41.1,+,42,35,O- 644  04 30 +42,129,195
OCL-413,949,Berkeley 68,162.13,-2.41,4,41.0,+,41,58,O- 644  04 30 +42,129,165
OCL-414,951,Berkeley 15,162.33,1.61,4,58.7,+,44,23,O- 668  05 00 +42,251,296
OCL-415,953,NGC 1548,162.86,-9.23,4,17.6,+,36,48,O-1458  04 12 +36,180,203
OCL-416,955,Berkeley 14,162.87,0.71,4,56.6,+,43,24,O- 668  05 00 +42,275,242
OCL-417,957,NGC 1883,163.04,6.19,5,22.2,+,46,30,O- 224  05 06 +48,87,83
OCL-418,959,NGC 2126,163.24,13.21,5,59.1,+,49,54,O- 637  05 40 +48,71,276
OCL-419,961,Berkeley 18,163.63,5.01,5,18.5,+,45,21,O- 224  05 06 +48,120,26
OCL-420,963,King 22,163.65,5.15,5,19.2,+,45,25,O- 224  05 06 +48,111,27
OCL-421,965,M 45,166.56,-23.53,3,44.0,+,23,58,O- 441  03 28 +24,57,161
OCL-422,991,Berkeley 70,166.91,3.58,5,22.2,+,41,51,O- 668  05 00 +42,18,163
OCL-423,993,CR 62,167.26,2.5,5,19.0,+,40,57,O- 668  05 00 +42,47,112
OCL-424,995,King 17,167.3,-0.73,5,5.0,+,39,1,O- 668  05 00 +42,190,3
OCL-425,997,Dolidze 14,167.55,-18.07,4,3.5,+,27,18,O-1468  03 53 +30,130,18
OCL-426,999,Czernik 18,168.29,-12.3,4,24.8,+,30,49,O-1454  04 20 +30,187,207
OCL-427,1001,Czernik 20,168.3,1.32,5,16.6,+,39,25,O- 668  05 00 +42,67,31
OCL-428,1003,NGC 1857,168.41,1.26,5,16.7,+,39,18,O- 668  05 00 +42,70,20
OCL-429,1005,NGC 1778,168.88,-2.0,5,4.7,+,36,59,O-1315  05 08 +36,273,222
OCL-430,1007,Dolidze 15,170.2,-3.9,5,1.3,+,34,46,O-1315  05 08 +36,310,115
OCL-431,1009,Stock 10,171.63,3.58,5,35.6,+,37,54,O-1290  05 36 +36,244,276
OCL-432,1011,Czernik 21,171.88,-0.4,5,23.1,+,35,57,O-1315  05 08 +36,73,169
OCL-433,1013,NGC 1912,172.27,0.7,5,25.3,+,35,48,O-1315  05 08 +36,50,160
OCL-434,1017,NGC 1907,172.62,0.3,5,24.7,+,35,17,O-1315  05 08 +36,56,132
OCL-435,1019,Dolidze 16,173.18,-3.47,5,11.3,+,32,40,O-1455  05 12 +30,249,319
OCL-436,1021,Stock 8,173.35,-0.23,5,24.3,+,34,23,O-1315  05 08 +36,58,88
OCL-437,1023,NGC 2192,173.41,10.64,6,11.7,+,39,52,O- 669  06 00 +42,122,61
OCL-438,1025,IC 410,173.48,-1.65,5,19.3,+,33,28,O-1315  05 08 +36,115,33
OCL-439,1027,NGC 1893,173.59,-1.7,5,19.4,+,33,21,O-1315  05 08 +36,112,29
OCL-440,1031,Dolidze 18,173.84,-1.52,5,20.8,+,33,15,O-1315  05 08 +36,95,27
OCL-441,1033,Stock 9,173.9,0.28,5,28.1,+,34,13,O-1315  05 08 +36,17,76
OCL-442,1035,Dolidze 29,173.96,-0.46,5,25.3,+,33,45,O-1315  05 08 +36,50,47
OCL-443,1037,Czernik 19,174.09,-8.85,4,53.9,+,28,42,O-1314  04 46 +30,150,94
OCL-444,1039,Berkeley 69,174.44,-1.8,5,21.3,+,32,36,O-1455  05 12 +30,139,309
OCL-445,1041,NGC 1960,174.52,1.04,5,32.8,+,34,6,O-1293  05 36 +36,275,71
OCL-446,1047,NGC 2281,175.0,17.06,6,45.8,+,41,7,O- 696  06 30 +42,89,135
OCL-447,1049,Berkeley 17,175.65,-3.65,5,17.4,+,30,33,O-1455  05 12 +30,180,200
OCL-448,1051,King 8,176.4,3.12,5,46.1,+,33,37,O-1290  05 36 +36,130,44
OCL-449,1053,Berkeley 71,176.57,1.02,5,38.0,+,32,22,O-1459  05 38 +30,244,296
OCL-450,1055,Berkeley 19,176.91,-3.59,5,20.9,+,29,33,O-1459  05 38 +30,244,296
OCL-451,1057,NGC 2099,177.65,3.09,5,49.1,+,32,32,O-1459  05 38 +30,116,311
OCL-452,1063,NGC 1746,179.02,-10.65,5,0.6,+,23,45,O-1461  04 46 +24,64,150
OCL-453,1065,NGC 1758,179.15,-10.52,5,1.4,+,23,43,O-1461  04 46 +24,67,149
OCL-454,1067,NGC 1750,179.2,-10.7,5,0.9,+,23,35,O-1461  04 46 +24,62,139
OCL-455,1069,Basel 4,179.23,1.2,5,45.3,+,30,12,O-1459  05 38 +30,153,184
OCL-456,1071,B,180.05,-22.4,4,24.0,+,15,45,O-1501  04 24 +18,243,48
OCL-457,1091,NGC 1647,180.39,-16.78,4,43.1,+,18,59,O-1481  04 48 +18,303,224
OCL-458,1095,Czernik 23,180.46,0.76,5,46.5,+,28,55,O-1459  05 38 +30,138,184
OCL-459,1097,Dolidze-D. 3,180.67,-3.53,5,30.6,+,26,27,O- 416  05 38 +24,329,305
OCL-460,1099,Dolidze-D. 4,181.39,-3.41,5,32.8,+,25,55,O- 416  05 38 +24,307,275
OCL-461,1101,NGC 1663,185.79,-19.81,4,45.8,+,13,4,O-1534  04 48 +12,268,222
OCL-462,1103,NGC 1807,186.08,-13.5,5,7.8,+,16,28,O- 639  05 12 +18,295,85
OCL-463,1105,NGC 1817,186.13,-13.13,5,9.2,+,16,38,O- 639  05 12 +18,273,94
OCL-464,1107,Berkeley 72,186.32,-2.57,5,47.3,+,22,11,O- 416  05 38 +24,127,76
OCL-465,1109,Trumpler 4,186.45,1.25,6,1.9,+,24,0,O-1278  06 04 +24,272,181
OCL-466,1111,NGC 2168,186.58,2.18,6,5.8,+,24,21,O-1278  06 04 +24,219,193
OCL-467,1115,NGC 2129,186.61,0.13,5,58.0,+,23,18,O-1278  06 04 +24,318,140
OCL-468,1117,NGC 2158,186.64,1.76,6,4.4,+,24,6,O-1278  06 04 +24,240,181
OCL-469,1121,Berkeley 21,186.84,-2.51,5,48.7,+,21,46,O- 416  05 38 +24,109,52
OCL-469.1,1121.1,Basel 11b,187.44,-1.11,5,55.2,+,21,58,--,--,--
OCL-470,1123,NGC 1662,187.7,-21.12,4,45.7,+,10,51,O-1534  04 48 +12,268,103
OCL-471,1125,NGC 2266,187.78,10.28,6,40.1,+,27,1,O- 920  06 30 +30,122,18
OCL-472,1127,Czernik 24,188.04,-2.27,5,52.2,+,20,52,O- 427  05 36 +18,36,326
OCL-473,1129,CR 89 9-12 Gem,188.21,3.7,6,15.0,+,23,39,O-1278  06 04 +24,110,159
OCL-474,1131,CR 65,188.48,-10.71,5,23.0,+,16,3,O- 639  05 12 +18,102,66
OCL-475,1133,NGC 2331,189.67,15.3,7,4.1,+,27,26,O-1331  06 56 +30,150,41
OCL-475.1,1133.1,NGC 2175S,190.07,0.79,6,7.9,+,20,37,--,--,--
OCL-476,1135,NGC 2175,190.2,0.42,6,6.8,+,20,20,O-1494  06 00 +18,161,309
OCL-477,1137,Dolidze-D. 2,192.24,-13.57,5,21.1,+,11,25,O-1261  05 12 +12,130,137
OCL-478,1139,Berkeley 23,192.61,5.44,6,30.5,+,20,35,O-1410  06 24 +18,162,316
OCL-479,1141,CR 69 lam Ori,195.05,-12.0,5,32.3,+,9,54,O- 415  05 36 +12,290,52
OCL-480,1143,Dolidze 19,195.11,-15.31,5,21.0,+,8,8,O-1270  05 12 +06,124,279
OCL-481,1145,NGC 2169,195.63,-2.92,6,5.6,+,13,58,O-1502  06 00 +12,169,282
OCL-482,1147,Dolidze 17,195.88,-16.15,5,19.7,+,7,4,O-1270  05 12 +06,143,221
OCL-483,1149,Dolidze 21,196.58,-15.1,5,24.7,+,7,2,O-1270  05 12 +06,78,220
OCL-484,1151,NGC 2304,197.17,8.87,6,52.1,+,18,5,O- 417  06 48 +18,187,183
OCL-485,1153,NGC 2194,197.26,-2.33,6,11.0,+,12,49,O-1502  06 00 +12,100,221
OCL-486,1155,Berkeley 29,197.98,8.03,6,50.4,+,16,59,O- 417  06 48 +18,215,126
OCL-487,1157,NGC 2141,198.07,-5.79,6,0.3,+,10,26,O-1502  06 00 +12,240,93
OCL-488,1159,NGC 2420,198.11,19.65,7,35.5,+,21,41,O-1310  07 22 +24,77,60
OCL-489,1161,CR 74,198.97,-10.4,5,45.8,+,7,23,O-1493  05 36 +06,111,242
OCL-490,1163,Berkeley 22,199.8,-8.05,5,55.7,+,7,50,O- 229  06 00 +06,295,272
OCL-491,1165,CR 95,201.72,-0.07,6,27.7,+,9,58,O- 445  06 24 +12,183,66
OCL-492,1167,NGC 2259,201.79,2.12,6,35.8,+,10,56,O- 445  06 24 +12,85,122
OCL-493,1169,Czernik 25,202.31,-5.26,6,10.4,+,7,0,O- 229  06 00 +06,95,229
OCL-494,1171,Trumpler 5,202.86,1.05,6,34.0,+,9,29,O- 445  06 24 +12,111,46
OCL-495,1173,NGC 2264,202.94,2.2,6,38.3,+,9,56,O- 445  06 24 +12,52,62
OCL-496,1181,NGC 2355,203.36,11.8,7,14.1,+,13,52,O-1354  07 12 +12,210,283
OCL-497,1183,Berkeley 20,203.5,-17.28,5,30.4,+,0,11,O- 435  05 36 +00,314,180
OCL-498,1185,NGC 2186,203.56,-6.2,6,9.5,+,5,28,O- 229  06 00 +06,114,148
OCL-499,1187,NGC 2251,203.6,0.13,6,32.0,+,8,24,O- 943  06 24 +06,141,225
OCL-499.1,1187.1,Basel 8,203.79,-0.12,6,31.5,+,8,7,--,--,--
OCL-499.2,1187.2,Basel 7,203.81,0.54,6,33.9,+,8,24,--,--,--
OCL-500,1189,NGC 2254,204.35,0.09,6,33.3,+,7,43,O- 923  06 24 +06,118,271
OCL-501,1191,NGC 2236,204.37,-1.69,6,27.0,+,6,52,O- 923  06 24 +06,220,224
OCL-502,1193,NGC 2395,204.62,13.96,7,24.3,+,13,41,O-1354  07 12 +12,77,277
OCL-503,1195,CR 70 Ori belt,204.98,-17.44,5,33.0,-,1,8,O- 435  05 36 +00,280,118
OCL-504,1197,CR 92,205.08,-3.99,6,20.2,+,5,9,O- 923  06 24 +06,292,133
OCL-505,1199,CR 111,205.34,0.32,6,36.0,+,6,57,O- 923  06 24 +06,80,225
OCL-506,1201,CR 97,205.37,-1.77,6,28.6,+,5,57,O- 923  06 24 +06,181,174
OCL-507,1203,NGC 2632,205.54,32.52,8,37.2,+,20,10,O-1311  08 24 +18,70,304
OCL-508,1217,Dolidze 22,205.57,-4.11,6,20.6,+,4,41,O- 923  06 24 +06,285,105
OCL-509,1219,NGC 2112,205.9,-12.61,5,51.3,+,0,23,O- 435  05 36 +00,33,193
OCL-510,1221,CR 106,206.02,-0.43,6,34.4,+,6,0,O- 923  06 24 +06,102,181
OCL-511,1223,NGC 2237,206.03,-2.37,6,27.7,+,5,5,O- 923  06 24 +06,183,124
OCL-512,1225,NGC 2239,206.18,-2.29,6,28.3,+,4,59,O- 923  06 24 +06,192,128
OCL-513,1227,Biur 7,206.23,5.14,6,54.9,+,8,20,O- 929  06 48 +06,148,307
OCL-514,1229,NGC 2252,206.27,-1.21,6,32.3,+,5,25,O- 923  06 24 +06,130,147
OCL-515,1231,NGC 2244,206.42,-2.02,6,29.7,+,4,54,O- 923  06 24 +06,165,118
OCL-516,1237,Dolidze 26,206.51,13.89,7,27.3,+,12,0,O-1354  07 12 +12,37,181
OCL-516.1,1237.1,sigma Ori Cl.,206.82,-17.34,5,36.2,-,2,38,--,--,--
OCL-517,1239,CR 104,206.93,-1.13,6,33.8,+,4,52,O- 923  06 24 +06,109,123
OCL-518,1241,CR 107,207.14,-0.91,6,35.0,+,4,47,O- 923  06 24 +06,91,111
OCL-519,1243,CR 91,207.4,-5.57,6,19.1,+,2,23,O-1483  06 24 +00,304,306
OCL-520,1245,Biur 12,207.67,2.36,6,47.6,+,5,49,O- 929  06 48 +06,247,170
OCL-521,1247,Biur 11,207.77,2.59,6,48.6,+,5,50,O- 929  06 48 +06,232,172
OCL-522,1249,Biur 8,207.95,4.4,6,55.4,+,6,30,O- 929  06 48 +06,141,207
OCL-523,1251,CR 96,207.97,-3.38,6,27.7,+,2,54,O-1483  06 24 +00,187,332
OCL-524,1253,NGC 2269,208.01,0.41,6,41.3,+,4,37,O- 923  06 24 +06,18,108
OCL-525,1255,NGC 1981,208.09,-18.98,5,32.7,-,4,28,O-1477  05 36 -06,278,255
OCL-525.1,1255.1,NGC 1977,208.5,-19.11,5,32.9,-,4,52,--,--,--
OCL-526,1257,Czernik 27,208.55,5.52,7,0.5,+,6,29,O- 929  06 48 +06,73,206
OCL-527,1259,Van den Bergh,208.56,-1.8,6,34.4,+,3,7,O- 923  06 24 +06,100,25
OCL-528,1261,Trapezium Cl.,209.01,-19.37,5,32.9,-,5,25,O-1477  05 36 -06,277,204
OCL-529,1265,NGC 1980,209.54,-19.6,5,32.9,-,5,58,O-1477  05 36 -06,275,173
OCL-530,1267,CR 110,209.65,-1.98,6,35.8,+,2,4,O-1483  06 24 +00,75,291
OCL-531,1269,NGC 2262,210.39,-2.37,6,35.8,+,1,14,O-1483  06 24 +00,62,240
OCL-532,1271,Biur 10,210.41,1.51,6,49.6,+,3,0,O- 929  06 48 +06,220,18
OCL-533,1273,Dolidze 24,210.68,-0.8,6,41.6,+,1,39,O-1346  06 48 +00,315,267
OCL-534,1275,Biur 9,210.78,2.86,6,55.1,+,3,17,O- 929  06 48 +06,146,36
OCL-535,1277,CR 115,210.8,-0.3,6,43.9,+,1,49,O-1316  06 48 +00,291,278
OCL-535.1,1277.1,vandenB. RN 85,211.23,-0.41,6,44.3,+,1,23,--,--,--
OCL-536,1279,Berkeley 78,211.9,9.77,7,21.8,+,5,27,O- 999  07 12 +06,110,154
OCL-537,1281,Dolidze 25,211.94,-1.29,6,42.5,+,0,21,O-1346  06 48 +00,313,195
OCL-538,1283,Dolidze 23,211.98,-1.85,6,40.6,+,0,3,O-1346  06 48 +00,335,179
OCL-539,1285,Berkeley 24,212.18,-3.46,6,35.2,-,0,52,O-1983  06 24 +00,87,132
OCL-540,1287,NGC 2301,212.55,0.28,6,49.2,+,0,32,O-1316  06 48 +00,223,207
OCL-541,1289,Berkeley 35,212.7,5.56,7,8.2,+,2,49,O-1491  07 12 +00,297,331
OCL-542,1291,NGC 2324,213.45,3.31,7,1.6,+,1,8,O-1316  06 48 +00,56,240
OCL-543,1293,"Biur 13,",214.18,1.87,6,57.8,-,0,11,--,--,--
OCL-544,1295,Czernik 26,214.35,-6.51,6,28.3,-,4,11,O- 943  06 24 -06,177,276
OCL-545,1297,NGC 2232,214.36,-7.65,6,24.1,-,4,43,O- 943  06 24 -06,232,245
OCL-546,1299,Berkeley 73,215.28,-9.41,6,19.6,-,6,19,O- 943  06 24 -06,295,159
OCL-547,1301,NGC 2250,215.3,-6.45,6,30.3,-,5,0,O- 943  06 24 -06,141,226
OCL-548,1303,NGC 2286,215.32,-2.3,6,45.1,-,3,7,O-1316  06 48 +00,275,11
OCL-549,1305,NGC 2682,215.58,31.72,8,47.7,+,12,0,O- 438  08 48 +12,232,192
OCL-550,1319,NGC 2215,216.01,-10.1,6,18.6,-,7,16,O- 943  06 24 -06,310,107
OCL-551,1321,Berkeley 37,217.23,5.95,7,17.9,-,1,0,O-1491  07 12 +00,159,130
OCL-552,1323,Czernik 28,217.29,6.31,7,19.3,-,0,53,O-1491  07 12 +00,139,132
OCL-553,1325,NGC 2311,217.73,-0.69,6,55.3,-,4,31,O- 653  06 48 -06,135,257
OCL-553.1,1325.1,vandenB. RN 80,219.27,-8.95,6,28.4,-,9,38,--,--,--
OCL-554,1327,NGC 2302,219.28,-3.07,6,49.5,-,7,0,O- 653  06 48 -06,212,124
OCL-555,1329,Berkeley 77,219.36,5.17,7,19.1,-,3,14,O-1491  07 12 +00,144,12
OCL-556,1331,Haffner 3,219.81,0.01,7,1.6,-,6,3,O- 653  06 48 -06,50,175
OCL-557,1333,NGC2309,219.86,-2.25,6,53.8,-,7,8,O- 653  06 48 -06,157,119
OCL-558,1335,Mel 111,221.2,84.01,12,22.6,+,26,23,O- 135  12 08 +24,50,331
OCL-559,1343,NGC 2323,221.67,-1.24,7,0.8,-,8,16,O- 653  06 48 -06,67,56
OCL-560,1347,Ruprecht 4,222.05,-5.35,6,46.5,-,10,29,O- 436  06 48 -12,247,261
OCL-561,1349,Berkeley 39,223.47,10.09,7,44.2,-,4,29,O-1495  07 36 -06,125,266
OCL-562,1351,NGC 2335,223.62,-1.27,7,4.2,-,10,0,O-1619  07 12 -12,332,296
OCL-563,1353,Ruprecht 1,223.98,-9.69,6,34.1,-,14,8,O- 506  06 24 -12,98,67
OCL-564,1355,CR 465,224.16,-1.39,7,4.8,-,10,32,O-1619  07 12 -12,331,268
OCL-565,1357,NGC 2343,224.32,-1.16,7,5.9,-,10,34,O-1619  07 12 -12,314,264
OCL-566,1359,CR 466,224.35,-1.46,7,4.9,-,10,44,O-1619  07 12 -12,330,258
OCL-566.1,1359.1,vandenB. RN 92,224.6,-2.5,7,1.6,-,11,27,--,--,--
OCL-567,1361,NGC 2353,224.72,0.38,7,12.2,-,10,13,O-1619  07 12 -12,229,282
OCL-568,1363,Berkeley 76,224.97,-1.99,7,4.1,-,11,32,O-1619  07 12 -12,334,204
OCL-569,1365,Ruprecht 6,225.3,-5.02,6,53.7,-,13,13,O- 436  06 48 -12,153,116
OCL-570,1367,Ruprecht 7,225.43,-4.62,6,55.4,-,13,9,O- 436  06 48 -12,131,118
OCL-571,1369,NGC2368,225.53,1.73,7,18.6,-,10,17,O-1619  07 12 -12,144,278
OCL-572,1371,NGC 2204,226.01,-16.07,6,13.5,-,18,38,O- 894  06 00 -18,54,138
OCL-573,1373,Ruprecht 8,226.2,-3.92,6,59.4,-,13,31,O  436  06 48 -12,80,100
OCL-574,1375,Czernik 30,226.37,4.17,7,28.9,-,9,52,O-1619  07 12 -12,11,300
OCL-575,1377,NGC 2345,226.57,-2.3,7,6.0,-,13,5,O-1619  07 12 -12,311,124
OCL-576,1379,Berkeley 25,226.62,-9.67,6,38.8,-,16,28,O-1324  06 24 -18,35,260
OCL-577,1381,Berkeley 36,227.38,-0.59,7,13.8,-,13,1,O-1619  07 12 -12,206,126
OCL-578,1383,Haffner 8,227.52,1.34,7,21.1,-,12,14,O-1619  07 12 -12,118,173
OCL-579,1385,NGC 2396,227.56,2.66,7,25.8,-,11,38,O-1619  07 12 -12,53,205
OCL-580,1387,CR 467,227.83,5.63,7,36.9,-,10,26,O-1521  07 36 -12,220,271
OCL-581,1389,Mel 72,227.84,5.37,7,36.0,-,10,34,O-1521  07 36 -12,230,264
OCL-582,1391,Haffner 6,227.85,0.25,7,17.8,-,13,2,O-1619  07 12 -12,159,128
OCL-583,1393,Haffner 4,227.9,-3.59,7,3.9,-,14,54,O- 436  06 48 -12,25,21
OCL-584,1395,NGC 2548,227.92,15.37,8,11.3,-,5,39,O- 702  08 00 -06,86,210
OCL-584.1,1395.1,Basel 11a,228.26,-0.78,7,14.8,-,13,53,--,--,--
OCL-585,1397,NGC 2374,228.42,1.04,7,21.7,-,13,10,O-1619  07 12 -12,106,122
OCL-586,1399,Ruprecht 24,228.9,2.97,7,29.6,-,12,39,O-1521  07 36 -12,316,152
OCL-587,1401,Melotte 71,228.95,4.52,7,35.2,-,11,57,O-1521  07 36 -12,242,190
OCL-588,1403,NGC 2401,229.67,1.85,7,27.1,-,13,52,O-1619  07 12 -12,37,83
OCL-589,1405,NGC 2360,229.8,-1.42,7,15.5,-,15,32,O- 647  07 12 -18,181,315
OCL-590,1407,Haffner 23,230.06,-3.79,7,7.2,-,16,52,O- 647  07 12 -18,284,249
OCL-591,1409,Ruprecht 5,230.14,-7.58,6,53.2,-,18,40,O-1313  06 48 -18,158,143
OCL-592,1411,NGC2423,230.47,3.55,7,34.8,-,13,45,O-1521  07 36 -12,246,93
OCL-593,1413,NGC 2506,230.57,9.91,7,57.8,-,10,39,O-1484  08 00 -12,262,260
OCL-594,1415,Haffner 10,230.8,0.9,7,26.3,-,15,17,O- 647  07 12 -18,41,330
OCL-595,1417,Czernik 29,230.8,0.93,7,26.0,-,15,18,O- 647  07 12 -18,44,329
OCL-596,1419,NGC 2422,230.97,3.13,7,34.3,-,14,23,O-1521  07 36 -12,252,56
OCL-597,1423,NGC 2287,231.1,-10.23,6,44.9,-,20,41,O-1313  06 48 -18,270,30
OCL-598,1427,NGC 2414,231.41,1.96,7,31.0,-,15,20,O-1521  07 36 -12,294,8
OCL-599,1429,Haffner 12,231.47,3.3,7,36.0,-,14,45,O-1521  07 36 -12,229,38
OCL-600,1431,H,231.76,-0.63,7,22.3,-,16,54,O- 647  07 12 -18,92,243
OCL-601,1433,NGC2437,231.87,4.07,7,39.5,-,14,42,O-1521  07 36 -12,186,41
OCL-602,1437,Ruprecht 26,232.05,2.69,7,34.9,-,15,32,O- 683  07 36 -18,239,315
OCL-603,1439,Tombaugh 1,232.23,-7.31,6,58.2,-,20,24,O-1313  06 48 -18,96,45
OCL-604,1441,Ruprecht 10,232.55,-5.88,7,4.2,-,20,2,O-1313  06 48 -18,19,69
OCL-605,1443,Tombaugh 2,232.9,-6.85,7,1.2,-,20,47,O-1313  06 48 -18,63,31
OCL-606,1445,Ruprecht 151,233.06,3.25,7,39.0,-,16,8,O- 683  07 36 -18,188,285
OCL-607,1447,Ruprecht 11,233.27,-5.98,7,5.2,-,20,43,O- 647  07 12 -18,308,37
OCL-608,1449,Haffner 24,233.46,-0.36,7,26.6,-,18,15,O- 647  07 12 -18,45,159
OCL-609,1451,Ruprecht 15,233.58,-2.89,7,17.5,-,19,34,O- 647  07 12 -18,156,101
OCL-610,1453,Ruprecht 9,233.71,-7.61,6,59.8,-,21,51,O-1335  06 56 -24,158,296
OCL-611,1455,NGC 2539,233.73,11.12,8,8.4,-,12,41,O-1484  08 00 -12,124,151
OCL-612,1457,Ruprecht 16,233.78,-2.06,7,21.0,-,19,21,O- 647  07 12 -18,110,109
OCL-613,1459,Ruprecht 149,234.28,-10.37,6,50.1,-,23,34,O-1335  06 56 -24,276,200
OCL-614,1461,Berkeley 75,234.3,-11.12,6,47.2,-,23,54,O-1335  06 56 -24,320,181
OCL-615,1463,Ruprecht 37,234.96,4.5,7,47.6,-,17,9,O- 683  07 36 -18,78,232
OCL-616,1465,NGC 2383,235.26,-2.44,7,22.6,-,20,50,O- 647  07 12 -18,93,30
OCL-617,1467,Ruprecht 45,235.32,7.02,7,57.3,-,16,10,O-1010  08 00 -18,262,289
OCL-618,1469,NGC 2384,235.39,-2.41,7,22.9,-,20,56,O- 647  07 12 -18,88,27
OCL-619,1471,CR 121,235.39,-10.4,6,52.1,-,24,34,O-1335  06 56 -24,256,150
OCL-620,1473,NGC 2432,235.48,1.79,7,38.7,-,18,58,O- 683  07 36 -18,191,134
OCL-621,1475,NGC2367,235.65,-3.84,7,18.0,-,21,50,O- 656  07 22 -24,259,301
OCL-622,1477,Ruprecht 19,235.88,-2.53,7,23.5,-,21,25,O- 656  07 22 -24,188,319
OCL-623,1479,Trumpler 8,235.97,5.36,7,52.8,-,17,35,O-1010  08 00 -18,319,211
OCL-624,1481,H,236.09,-4.6,7,16.0,-,22,34,O- 656  07 22 -24,284,258
OCL-625,1483,Czernik 31,236.24,0.24,7,34.6,-,20,23,O- 683  07 36 -18,240,55
OCL-626,1485,NGC 2421,236.24,0.08,7,34.1,-,20,30,O- 683  07 36 -18,247,51
OCL-626.1,1485.1,vandenB.RN83+84,236.55,-14.4,6,38.0,-,27,16,--,--,--
OCL-627,1487,Ruprecht 17,237.16,-3.74,7,21.5,-,23,7,O- 656  07 22 -24,214,232
OCL-628,1489,Ruprecht 34,237.2,2.15,7,43.7,-,20,16,O- 683  07 36 -18,127,64
OCL-629,1491,Ruprecht 38,237.59,3.2,7,48.4,-,20,4,O- 683  07 36 -18,69,74
OCL-630,1493,NGC 2509,237.86,5.83,7,58.5,-,18,56,O-1010  08 00 -18,244,140
OCL-631,1495,Ruprecht 13,237.88,-8.14,7,5.8,-,25,47,O-1335  06 56 -24,89,86
OCL-632,1497,Ruprecht 23,238.0,-2.42,7,28.3,-,23,13,O- 656  07 22 -24,128,223
OCL-633,1499,NGC 2362,238.18,-5.53,7,16.7,-,24,51,O- 656  07 22 -24,271,137
OCL-634,1505,Ruprecht 40,238.2,3.6,7,31.2,-,20,23,O- 683  07 36 -18,33,58
OCL-635,1507,Trumpler 7,238.28,-3.38,7,25.2,-,23,56,O- 656  07 22 -24,268,192
OCL-636,1509,NGC 2455,238.34,2.31,7,46.8,-,21,10,O- 420  07 48 -24,222,336
OCL-637,1511,Ruprecht 46,238.37,5.89,7,59.9,-,19,20,O-1010  08 00 -18,227,118
OCL-638,1513,Trumpler 6,238.38,-3.75,7,24.0,-,24,12,O- 656  07 22 -24,180,177
OCL-639,1515,NGC 2354,238.42,-6.81,7,12.2,-,25,39,O-1355  06 56 -24,15,92
OCL-640,1517,Ruprecht 33,238.53,1.35,7,43.6,-,21,49,O- 420  07 48 -24,261,299
OCL-641,1519,Ruprecht25,238.71,-1.21,7,34.4,-,23,15,O- 656  07 22 -24,52,222
OCL-642,1521,Ruprecht 3,238.78,-14.81,6,40.2,-,29,24,SO- 54  06 30 -30,86,208
OCL-643,1523,Ruprecht 2,238.78,-15.07,6,39.1,-,29,30,SO- 54  06 30 -30,99,203
OCL-644,1525,NGC 2243,239.5,-17.97,6,27.9,-,31,15,SO- 54  06 30 -30,231,109
OCL-645,1527,Ruprecht 39,239.73,2.36,7,50.0,-,22,20,O- 420  07 48 -24,182,274
OCL-646,1529,Ruprecht 18,239.94,-4.92,7,22.7,-,26,7,O- 656  07 22 -24,200,70
OCL-647,1531,Ruprecht 12,239.95,-9.31,7,5.2,-,28,8,SO- 77  06 56 -30,95,284
OCL-648,1533,Ruprecht 150,240.04,-9.67,7,3.9,-,28,22,SO- 77  06 56 -30,110,270
OCL-649,1535,NGC 2447,240.07,0.15,7,42.5,-,23,45,O- 420  07 48 -24,276,198
OCL-650,1537,Ruprecht 29,240.07,-0.77,7,39.0,-,24,13,O- 420  07 48 -24,315,170
OCL-651,1539,Ruprecht 32,241.54,-0.6,7,42.9,-,25,24,O- 420  07 48 -24,267,107
OCL-652,1541,Ruprecht 157,241.63,11.57,8,27.5,-,18,56,O-1492  08 24 -18,182,139
OCL-653,1543,NGC 2482,241.63,1.97,7,52.8,-,24,10,O- 420  07 48 -24,146,176
OCL-654,1545,Ruprecht 27,241.64,-2.6,7,35.4,-,26,29,O- 656  07 22 -24,45,53
OCL-655,1547,Haffner 16,242.08,0.48,7,48.2,-,25,19,O- 420  07 48 -24,204,113
OCL-656,1549,Haffner 25,242.27,-0.08,7,46.6,-,25,46,O- 420  07 48 -24,224,86
OCL-657,1551,Haffner 11,242.39,-3.55,7,33.4,-,27,37,SO- 55  07 22 -30,68,310
OCL-658,1553,Ruprecht 62,242.48,11.8,8,30.3,-,19,29,O-1492  08 24 -18,149,109
OCL-659,1555,Ruprecht 20,242.51,-5.79,7,24.7,-,28,47,SO- 55  07 22 -30,171,253
OCL-660,1557,Ruprecht 36,242.6,-0.31,7,46.4,-,26,10,O- 420  07 48 -24,227,66
OCL-661,1559,Haffner 7,242.65,-6.86,7,21.2,-,29,24,SO- 55  07 22 -30,215,215
OCL-662,1561,Haffner 19,243.02,0.52,7,50.6,-,26,7,O- 420  07 48 -24,174,68
OCL-663,1563,Trumpler 9,243.07,1.19,7,53.2,-,25,48,O- 420  07 48 -24,146,89
OCL-664,1565,Ruprecht 22,243.07,-5.47,7,27.2,-,29,7,SO- 55  07 22 -30,140,233
OCL-665,1567,Haffner 18a,243.11,0.44,7,50.4,-,26,14,O- 420  07 48 -24,176,63
OCL-666,1569,Haffner 18c,243.12,0.49,7,50.4,-,26,14,O- 420  07 48 -24,176,63
OCL-667,1571,Haffner 18b,243.13,0.45,7,50.4,-,26,14,O- 420  07 48 -24,176,63
OCL-668,1573,NGC2467,243.14,0.41,7,50.5,-,26,15,O- 420  07 48 -24,180,60
OCL-669,1575,Ruprecht 42,243.3,1.65,7,55.5,-,25,45,O- 420  07 48 -24,116,88
OCL-670,1577,NGC 2453,243.33,-0.94,7,45.7,-,27,7,O- 420  07 48 -24,236,18
OCL-671,1579,CR132,243.34,-9.21,7,12.5,-,31,5,SL- 55  07 22 -30,312,128
OCL-672,1581,Ruprecht 14,243.57,-9.16,7,13.1,-,31,16,SO- 55  07 22 -30,305,113
OCL-673,1583,Ruprecht 41,243.81,0.37,7,51.8,-,26,51,O- 420  07 48 -24,162,32
OCL-674,1585,Haffner14,243.97,-2.09,7,42.8,-,28,15,SO- 62  07 48 -30,265,277
OCL-675,1587,Ruprecht 21,244.6,-6.78,7,25.2,-,31,5,SO- 55  07 22 -30,165,126
OCL-676,1589,Ruprecht 49,244.72,2.22,8,1.0,-,26,39,O- 420  07 48 -24,49,42
OCL-677,1591,Haffner 21,244.81,1.65,7,59.1,-,27,2,O- 420  07 48 -24,75,19
OCL-677.1,1591.1,NGC 2483,244.86,0.28,7,53.9,-,27,48,--,--,--
OCL-678,1593,Haffner 13,245.04,-3.75,7,38.5,-,30,0,SO- 62  07 48 -30,313,185
OCL-679,1595,CR 140,245.18,-7.87,7,22.0,-,32,6,SO- 55  07 22 -30,203,71
OCL-680,1597,Ruprecht 28,245.64,-4.34,7,37.5,-,30,49,SO- 62  07 48 -30,322,138
OCL-681,1599,Ruprecht 44,245.77,0.52,7,57.0,-,28,27,SO- 62  07 48 -30,100,268
OCL-682,1601,Ruprecht 53,245.83,3.55,8,8.7,-,26,52,O- 921  08 14 -24,267,30
OCL-683,1603,Czernik 32,245.86,-1.74,7,48.4,-,29,42,SE- 62  07 48 -30,198,200
OCL-684,1605,Ruprecht 43,246.02,0.28,7,56.7,-,28,47,SO- 62  07 48 -30,101,255
OCL-685,1607,NGC 2527,246.13,1.89,8,3.2,-,28,1,SO- 62  07 48 -30,29,290
OCL-686,1609,Ruprecht 57,246.3,4.31,8,12.7,-,26,50,O- 921  08 14 -24,219,33
OCL-687,1611,Ruprecht 30,246.4,-4.08,7,40.3,-,31,21,SO- 62  07 48 -30,289,109
OCL-688,1613,NGC 2439,246.42,-4.42,7,38.9,-,31,32,SO- 62  07 48 -30,308,98
OCL-689,1615,Ruprecht 35,246.63,-3.25,7,44.2,-,31,8,SO- 62  07 48 -30,246,122
OCL-690,1617,NGC 2489,246.71,-0.78,7,54.2,-,29,56,SO- 62  07 48 -30,132,188
OCL-691,1619,Haffner 22,246.77,3.4,8,10.5,-,27,44,SO- 52  08 14 -30,250,304
OCL-692,1621,Haffner 20,246.98,-0.96,7,54.3,-,30,16,SO- 62  07 48 -30,131,171
OCL-693,1623,Ruprecht 153,247.32,-0.15,7,58.2,-,30,7,SO- 62  07 48 -30,84,179
OCL-694,1625,Haffner 17,247.72,-2.53,7,49.8,-,31,43,SO- 62  07 48 -30,184,93
OCL-695,1627,NGC2533,247.81,1.29,8,5.0,-,29,45,SO- 52  08 14 -30,310,196
OCL-696,1629,Haffner 15,247.88,-4.17,7,43.4,-,32,40,SO- 62  07 48 -30,252,38
OCL-697,1631,Ruprecht 51,248.04,0.27,8,1.6,-,30,30,SO- 62  07 48 -30,46,157
OCL-698,1633,Ruprecht 50,248.23,0.1,8,1.4,-,30,45,SO- 62  07 48 -30,48,144
OCL-699,1635,Ruprecht 47,248.28,-0.2,8,0.3,-,30,58,SO- 62  07 48 -30,62,133
OCL-700,1637,CR135,248.76,-11.2,7,15.2,-,36,45,--,--,--
OCL-701,1639,NGC 2571,249.11,3.54,8,16.9,-,29,35,SO- 52  08 14 -30,173,205
OCL-702,1641,Ruprecht 48,249.13,-0.6,8,0.9,-,31,53,SO- 62  07 48 -30,58,81
OCL-703,1643,Ruprecht 155,249.17,-0.1,8,3.0,-,31,39,SO- 62  07 48 -30,30,93
OCL-704,1645,CR 187,249.23,4.82,8,22.1,-,28,58,SO- 52  08 14 -30,111,236
OCL-705,1647,Ruprecht 52,249.32,-0.17,8,3.1,-,31,49,SO- 62  07 48 -30,30,84
OCL-706,1649,NGC 2587,249.44,4.48,8,21.4,-,29,20,SO- 52  08 14 -30,121,219
OCL-707,1651,Haffner 26,249.6,2.32,8,13.4,-,30,41,SO- 52  08 14 -30,211,145
OCL-708,1653,NGC 2567,249.81,2.98,8,16.6,-,30,29,SO- 52  08 14 -30,177,157
OCL-709,1655,NGC 2580,249.91,3.7,8,19.6,-,30,9,SO- 52  08 14 -30,143,176
OCL-710,1657,Ruprecht 54,250.03,0.95,8,9.3,-,31,48,SO- 52  08 14 -30,258,85
OCL-711,1659,Ruprecht 31,250.06,-6.01,7,40.9,-,35,28,--,--,--
OCL-712,1661,Ruprecht 58,250.43,1.55,8,12.7,-,31,48,SO- 52  08 14 -30,219,86
OCL-713,1663,Ruprecht 55,250.69,0.76,8,10.3,-,32,27,SO- 52  08 14 -30,246,52
OCL-714,1665,NGC 2627,251.58,6.65,8,35.2,-,29,46,SO- 56  08 40 -30,264,200
OCL-715,1667,NGC 2588,252.28,2.45,8,21.2,-,32,49,SO- 52  08 14 -30,124,32
OCL-716,1669,NGC2451,252.41,-6.72,7,43.6,-,37,51,--,--,--
OCL-717,1671,Ruprecht 59,253.03,0.92,8,17.2,-,34,18,--,--,--
OCL-718,1673,Ruprecht 61,253.47,2.07,8,23.0,-,34,0,--,--,--
OCL-719,1675,Ruprecht 152,253.58,-5.29,7,52.8,-,38,8,--,--,--
OCL-720,1677,NGC 2477,253.58,-5.83,7,50.5,-,38,25,--,--,--
OCL-721,1679,CR 196,253.95,6.98,8,43.0,-,31,27,SO- 56  08 40 -30,190,106
OCL-722,1681,CR 198,254.09,6.93,8,43.3,-,31,35,SO- 56  08 40 -30,186,98
OCL-723,1683,NGC 2658,254.56,6.07,8,41.4,-,32,28,SO- 56  08 40 -30,190,55
OCL-724,1685,NGC 2579,254.67,0.27,8,19.2,-,36,1,--,--,--
OCL-725,1687,CR 185,254.76,0.45,8,20.6,-,36,0,--,--,--
OCL-726,1689,NGC 2546,254.9,-1.98,8,10.6,-,37,29,--,--,--
OCL-727,1691,Pishmish 1,255.08,-0.74,8,15.9,-,36,56,--,--,--
OCL-728,1693,NGC2635,255.6,3.96,8,36.5,-,34,35,--,--,--
OCL-729,1695,Ruprecht 68,257.28,4.22,8,42.5,-,35,45,--,--,--
OCL-730,1697,Ruprecht 56,257.29,-3.51,8,10.8,-,40,19,--,--,--
OCL-731,1699,Pishmish 3,257.86,0.46,8,29.1,-,38,30,--,--,--
OCL-732,1701,Ruprecht 66,258.47,2.29,8,38.6,-,37,53,--,--,--
OCL-733,1703,Pishmish 2,258.86,-3.28,8,16.3,-,41,28,--,--,--
OCL-734,1705,Pishmish 7,259.03,2.0,8,39.2,-,38,30,--,--,--
OCL-735,1707,Pishmish 5,259.39,0.86,8,35.7,-,39,29,--,--,--
OCL-736,1709,Ruprecht 158,259.55,4.42,8,50.4,-,37,23,--,--,--
OCL-737,1711,Ruprecht 72,259.55,4.37,8,50.2,-,37,25,--,--,--
OCL-738,1713,Ruprecht 154,259.57,-7.3,8,0.1,-,44,16,--,--,--
OCL-739,1715,Melotte 66,259.61,-14.29,7,24.9,-,47,38,--,--,--
OCL-740,1717,Ruprecht 64,259.72,0.58,8,35.6,-,39,55,--,--,--
OCL-741,1719,CR173,261.32,-8.06,8,2.0,-,46,8,--,--,--
OCL-742,1721,CR 197,261.56,0.88,8,42.9,-,41,11,--,--,--
OCL-743,1723,NGC 2818,261.98,8.59,9,14.0,-,36,24,--,--,--
OCL-744,1725,Ruprecht 156,262.12,-5.2,8,17.8,-,45,15,--,--,--
OCL-745,1727,NGC 2671,262.15,0.79,8,44.4,-,41,42,--,--,--
OCL-746,1729,Pishmish 4,262.74,-2.37,8,32.8,-,44,6,--,--,--
OCL-747,1731,Trumpler 10,262.81,0.64,8,46.0,-,42,18,--,--,--
OCL-748,1733,Ruprecht 67,262.82,-0.78,8,40.0,-,43,12,--,--,--
OCL-749,1735,Ruprecht 74,263.0,9.0,9,19.0,-,36,51,--,--,--
OCL-750,1737,Ruprecht 65,263.04,-1.56,8,37.4,-,43,51,--,--,--
OCL-751,1739,Ruprecht 60,264.1,-5.49,8,22.9,-,47,2,--,--,--
OCL-752,1741,Pishmish 9,264.16,-1.63,8,40.9,-,44,46,--,--,--
OCL-753,1743,NGC 2547,264.55,-8.55,8,9.2,-,49,7,--,--,--
OCL-754,1745,Pishmish 6,264.81,-2.87,8,37.6,-,46,2,--,--,--
OCL-755,1747,Pishmish 8,265.08,-2.63,8,39.8,-,46,6,--,--,--
OCL-756,1749,NGC 2849,265.27,6.33,9,17.4,-,40,20,--,--,--
OCL-757,1751,Pishmish 10,265.43,1.96,9,0.8,-,43,26,--,--,--
OCL-758,1753,Ruprecht 63,265.8,-5.01,8,31.1,-,48,8,--,--,--
OCL-759,1755,NGC2660,265.86,-3.03,8,40.6,-,46,58,--,--,--
OCL-760,1757,Ruprecht 70,266.33,-1.93,8,47.4,-,46,39,--,--,--
OCL-761,1759,Ruprecht 71,266.35,-1.85,8,47.8,-,46,37,--,--,--
OCL-762,1761,Ruprecht 69,266.45,-2.99,8,43.0,-,47,25,--,--,--
OCL-763,1763,IC2395,266.57,-3.81,8,39.5,-,48,1,--,--,--
OCL-764,1765,NGC 2670,267.47,-3.61,8,43.9,-,48,36,--,--,--
OCL-765,1767,Pishmish 12,268.64,3.2,9,18.1,-,44,55,--,--,--
OCL-766,1769,Markarjan 18,269.21,-1.85,8,58.9,-,48,47,--,--,--
OCL-767,1771,IC 2391,270.36,-6.88,8,38.8,-,52,53,--,--,--
OCL-768,1773,H3,270.71,-6.27,8,43.4,-,52,47,--,--,--
OCL-769,1775,R,270.76,-3.03,8,59.7,-,50,44,--,--,--
OCL-770,1777,Ruprecht 80,270.79,6.72,9,40.3,-,43,48,--,--,--
OCL-771,1779,Ruprecht 81,271.3,7.02,9,43.5,-,43,54,--,--,--
OCL-772,1781,Pishmish 11,271.53,-0.4,9,15.0,-,49,30,--,--,--
OCL-773,1783,Pishmish 15,272.55,2.8,9,32.9,-,47,54,--,--,--
OCL-774,1785,Pishmish 13,273.15,-0.78,9,20.6,-,50,55,--,--,--
OCL-775,1787,Ruprecht 76,273.8,-0.99,9,22.5,-,51,31,--,--,--
OCL-776,1789,NGC 2516,273.94,-15.88,7,57.5,-,60,44,--,--,--
OCL-777,1791,Ruprecht 160,274.52,5.91,9,53.6,-,46,47,--,--,--
OCL-778,1793,NGC 2972,274.69,1.77,9,38.5,-,50,6,--,--,--
OCL-779,1795,Hogg 1,274.93,1.6,9,38.9,-,50,23,--,--,--
OCL-780,1797,Pishmish 14,275.03,-1.17,9,27.6,-,52,30,--,--,--
OCL-781,1799,NGC 2910,275.29,-1.18,9,28.7,-,52,41,--,--,--
OCL-782,1801,Ruprecht 78,275.69,-1.85,9,27.6,-,53,27,--,--,--
OCL-783,1803,NGC 2925,276.02,-1.24,9,32.0,-,53,13,--,--,--
OCL-784,1805,Ruprecht 77,276.47,-3.12,9,25.5,-,54,54,--,--,--
OCL-785,1807,CR 213,276.71,2.93,9,52.8,-,50,29,--,--,--
OCL-786,1809,Ruprecht 75,276.79,-4.43,9,20.7,-,56,4,--,--,--
OCL-787,1811,Ruprecht 79,277.09,-0.8,9,39.3,-,53,36,--,--,--
OCL-788,1813,Ruprech 82,277.7,-0.47,9,43.9,-,53,45,--,--,--
OCL-789,1815,IC 2488,277.81,-4.4,9,26.1,-,56,46,--,--,--
OCL-790,1817,Pishmish 16,277.82,0.66,9,49.3,-,52,57,--,--,--
OCL-791,1819,Ruprecht 83,278.48,-0.59,9,47.5,-,54,20,--,--,--
OCL-791.1,1819.1,Bok,279.05,-33.64,5,18.0,-,68,30,--,--,--
OCL-792,1821,Ruprecht 87,279.36,4.88,10,13.5,-,50,28,--,--,--
OCL-793,1823,Hogg 4,279.48,0.18,9,56.2,-,54,21,--,--,--
OCL-794,1825,Hogg 3,279.51,0.12,9,56.1,-,54,25,--,--,--
OCL-795,1827,Ruprecht 159,279.56,-7.5,9,19.0,-,60,11,--,--,--
OCL-796,1829,NGC 3033,279.6,-2.06,9,47.1,-,56,11,--,--,--
OCL-797,1831,Hogg 2,279.83,-1.72,9,49.9,-,56,4,--,--,--
OCL-798,1833,NGC 3105,279.92,0.28,9,59.0,-,54,32,--,--,--
OCL-799,1835,Ruprecht 85,280.19,0.15,9,59.9,-,54,48,--,--,--
OCL-800,1837,NGC 3228,280.74,4.58,10,19.8,-,51,28,--,--,--
OCL-800.1,1837.1,Loden 27,282.17,-0.34,10,9.3,-,56,21,--,--,--
OCL-801,1839,Ruprecht 86,282.85,-3.4,10,0.0,-,59,14,--,--,--
OCL-801.1,1839.1,Loden 59,283.11,3.21,10,28.3,-,53,53,--,--,--
OCL-802,1841,NGC 3114,283.34,-3.83,10,1.1,-,59,52,--,--,--
OCL-803,1843,Trumpler 12,283.83,-3.7,10,4.8,-,60,4,--,--,--
OCL-804,1845,Hogg 5,283.85,-3.77,10,4.6,-,60,8,--,--,--
OCL-805,1847,Hogg 6,283.94,-3.85,10,4.8,-,60,15,--,--,--
OCL-806,1849,H4,284.18,3.83,10,36.6,-,53,53,--,--,--
OCL-807,1851,Westerlund 2,284.26,-0.33,10,22.1,-,57,30,--,--,--
OCL-808,1853,Trumpler 11,284.46,-4.85,10,3.4,-,61,22,--,--,--
OCL-809,1855,NGC 3247,284.59,-0.35,10,24.1,-,57,41,--,--,--
OCL-810,1857,Ruprecht 161,284.59,-4.26,10,7.2,-,60,57,--,--,--
OCL-811,1859,IC 2581,284.6,0.01,10,25.5,-,57,23,--,--,--
OCL-811.1,1859.1,Loden 112,284.67,1.18,10,30.4,-,56,25,--,--,--
OCL-812,1861,R,285.0,-0.36,10,26.7,-,57,55,--,--,--
OCL-813,1863,Ruprecht 90,285.31,-0.26,10,29.1,-,57,59,--,--,--
OCL-814,1865,Ruprecht 84,285.33,-8.83,9,47.9,-,65,2,--,--,--
OCL-814.1,1865.1,Loden 143,285.37,-0.87,10,27.1,-,58,32,--,--,--
OCL-815,1867,Trumpler 13,285.5,-2.31,10,22.0,-,59,50,--,--,--
OCL-815.1,1867.1,Loden 153,285.67,0.09,10,32.8,-,57,52,--,--,--
OCL-816,1869,NGC 3293,285.86,0.07,10,33.9,-,57,58,--,--,--
OCL-816.1,1871.1,Loden 165,285.93,-0.36,10,32.8,-,58,23,--,--,--
OCL-817,1873,NGC 3255,286.08,-2.64,10,24.7,-,60,25,--,--,--
OCL-818,1875,CR 223,286.19,-1.87,10,28.7,-,59,34,--,--,--
OCL-819,1877,NGC 3324,286.22,-0.17,10,35.4,-,58,22,--,--,--
OCL-820,1879,Hogg 7,286.38,-2.51,10,27.3,-,60,28,--,--,--
OCL-821,1881,Hogg 8,286.5,-2.66,10,27.5,-,60,39,--,--,--
OCL-822,1883,Ruprecht 88,286.68,-5.11,10,17.8,-,62,50,--,--,--
OCL-823,1885,NGC 3680,286.77,16.93,11,23.3,-,42,58,--,--,--
OCL-824,1887,Ruprecht 91,286.89,1.48,10,45.7,-,57,13,--,--,--
OCL-825,1889,Trumpler 15,287.4,-0.36,10,42.8,-,59,6,--,--,--
OCL-826,1891,Trumpler 14,287.42,-0.58,10,42.0,-,59,18,--,--,--
OCL-827,1893,CR 232,287.51,-0.53,10,42.9,-,59,18,--,--,--
OCL-828,1895,CR 228,287.52,-1.03,10,41.1,-,59,45,--,--,--
OCL-829,1897,Trumpler 16,287.61,-0.65,10,43.2,-,59,27,--,--,--
OCL-830,1901,CR 234,287.65,-0.67,10,43.4,-,59,29,--,--,--
OCL-831,1903,Trumpler 17,288.66,0.43,10,54.2,-,58,57,--,--,--
OCL-832,1905,Hogg 9,288.84,0.69,10,56.3,-,58,47,--,--,--
OCL-833,1907,Pishmish 17,289.48,0.14,10,59.0,-,59,33,--,--,--
OCL-834,1909,Ruprecht 92,289.49,-1.97,10,51.9,-,61,28,--,--,--
OCL-835,1911,CR 236,289.52,-1.18,10,55.0,-,60,46,--,--,--
OCL-836,1913,NGC 3496,289.55,-0.4,10,57.8,-,60,4,--,--,--
OCL-837,1915,Sher 1,289.58,-0.42,10,58.0,-,60,6,--,--,--
OCL-838,1917,IC 2602,289.6,-4.9,10,41.4,-,64,8,--,--,--
OCL-839,1921,NGC 3532,289.64,1.46,11,4.3,-,58,24,--,--,--
OCL-840,1925,Ruprecht 162,289.64,-2.51,10,51.1,-,62,1,--,--,--
OCL-841,1927,Melotte 101,289.85,-5.56,10,40.3,-,64,50,--,--,--
OCL-842,1929,Feinstein,290.04,0.38,11,3.9,-,59,33,--,--,--
OCL-842.1,1929.1,Loden 280,290.18,1.22,11,7.5,-,58,50,--,--,--
OCL-843,1931,Trumpler 19,290.2,2.86,11,12.1,-,57,19,--,--,--
OCL-843.1,1931.1,Loden 282,290.24,1.32,11,8.2,-,58,46,--,--,--
OCL-843.2,1931.2,Graham 1,290.28,-3.01,10,54.2,-,62,45,--,--,--
OCL-844,1933,Ruprecht 93,290.47,-1.12,11,2.3,-,61,6,--,--,--
OCL-845,1935,Stock 13,290.52,1.55,11,10.9,-,58,39,--,--,--
OCL-846,1937,NGC 3572,290.71,0.21,11,8.3,-,59,58,--,--,--
OCL-847,1939,Hogg 10,290.8,0.1,11,8.6,-,60,6,--,--,--
OCL-848,1941,CR 240,290.82,0.2,11,9.1,-,60,1,--,--,--
OCL-849,1943,Hogg 11,290.89,0.14,11,9.4,-,60,6,--,--,--
OCL-850,1945,Trumpler 18,290.99,-0.14,11,9.3,-,60,24,--,--,--
OCL-851,1947,Hogg 12,291.12,-0.18,11,10.2,-,60,29,--,--,--
OCL-852,1949,NGC 3590,291.21,-0.18,11,10.8,-,60,31,--,--,--
OCL-852.1,1949.1,Loden 336,291.34,1.93,11,17.8,-,58,36,--,--,--
OCL-853,1951,Hogg 13,291.4,0.45,11,14.1,-,60,0,--,--,--
OCL-854,1953,NGC 3603,291.62,-0.52,11,12.9,-,60,59,--,--,--
OCL-855,1955,IC 2714,292.44,-1.76,11,15.7,-,62,26,--,--,--
OCL-855.1,1955.1,Loden 372,292.54,2.74,11,28.4,-,58,13,--,--,--
OCL-856,1957,Melotte 105,292.89,-2.45,11,17.3,-,63,14,--,--,--
OCL-857,1959,Ruprecht 163,293.15,-7.11,11,2.9,-,67,40,--,--,--
OCL-858,1961,Ruprecht 164,293.29,0.55,11,28.8,-,60,32,--,--,--
OCL-859,1963,Ruprecht 94,294.02,-1.98,11,28.1,-,63,10,--,--,--
OCL-860,1965,NGC 3766,294.11,-0.03,11,33.8,-,61,20,--,--,--
OCL-861,1967,NGC 3960,294.41,6.18,11,48.4,-,55,25,--,--,--
OCL-862,1969,IC 2944,294.57,-1.37,11,34.3,-,62,45,--,--,--
OCL-863,1971,Ruprecht 95,294.83,0.65,11,41.1,-,60,52,--,--,--
OCL-864,1973,IC 2948,294.94,-1.78,11,36.4,-,63,15,--,--,--
OCL-864.1,1973.1,Loden 466,295.22,-0.71,11,41.3,-,62,17,--,--,--
OCL-865,1975,Stock 14,295.23,-0.63,11,41.6,-,62,13,--,--,--
OCL-865.1,1975.1,Loden 467,295.39,-0.52,11,43.1,-,62,9,--,--,--
OCL-865.2,1975.2,Loden 480,295.72,3.66,11,53.5,-,58,9,--,--,--
OCL-866,1977,Ruprecht 96,295.94,-0.03,11,48.7,-,61,48,--,--,--
OCL-867,1979,Ruprecht 97,296.76,-0.42,11,54.8,-,62,22,--,--,--
OCL-868,1981,Ruprecht 98,297.22,-2.2,11,55.5,-,64,12,--,--,--
OCL-869,1983,Stock 15,297.29,2.89,12,4.3,-,59,13,--,--,--
OCL-870,1985,NGC 4052,297.38,-0.85,11,59.3,-,62,55,--,--,--
OCL-871,1987,NGC 4103,297.57,1.17,12,4.1,-,60,58,--,--,--
OCL-872,1989,Ruprecht 99,297.63,-1.44,12,0.5,-,63,32,--,--,--
OCL-873,1991,Ruprecht 100,297.69,-0.14,12,3.1,-,62,16,--,--,--
OCL-873.1,1991.1,Loden 565,297.78,1.75,12,6.5,-,60,25,--,--,--
OCL-874,1993,NGC 4230,298.03,7.42,12,14.6,-,54,51,--,--,--
OCL-875,1995,Ruprecht 101,298.11,-0.41,12,6.3,-,62,36,--,--,--
OCL-876,1997,Ruprecht 103,298.28,4.14,12,13.2,-,58,8,--,--,--
OCL-877,1999,Ruprecht 102,298.54,-0.08,12,10.4,-,62,21,--,--,--
OCL-878,2001,NGC 4337,299.3,4.56,12,21.2,-,57,51,--,--,--
OCL-879,2003,Ruprecht 104,299.65,2.26,12,22.2,-,60,10,--,--,--
OCL-879.1,2003.1,Loden 615,299.66,-2.1,12,17.9,-,64,30,--,--,--
OCL-880,2005,H 5,299.67,2.23,12,26.2,-,60,29,--,--,--
OCL-881,2007,Ruprecht 165,299.77,6.27,12,25.9,-,56,11,--,--,--
OCL-882,2009,NGC 4349,299.77,0.82,12,21.7,-,61,37,--,--,--
OCL-883,2011,Hogg 14,300.07,2.94,12,25.8,-,59,32,--,--,--
OCL-884,2013,NGC 4439,300.07,2.66,12,25.6,-,59,49,--,--,--
OCL-884.2,2013.2,Hogg 23,300.22,1.83,12,26.3,-,60,39,--,--,--
OCL-885,2015,NGC4463,300.65,-2.01,12,27.1,-,64,31,--,--,--
OCL-886,2017,Ruprecht 105,300.86,1.24,12,31.2,-,61,17,--,--,--
OCL-887,2019,Ruprecht 106,300.91,11.66,12,36.0,-,50,53,--,--,--
OCL-888,2021,Trumpler 20,301.48,2.24,12,36.8,-,60,20,--,--,--
OCL-889,2023,H6,301.69,-5.63,12,34.9,-,68,12,--,--,--
OCL-890,2025,NGC 4609,301.9,-0.11,12,39.4,-,62,42,--,--,--
OCL-891,2027,Hogg 15,302.04,-0.24,12,40.6,-,62,50,--,--,--
OCL-892,2029,NGC 4755,303.21,2.53,12,50.6,-,60,4,--,--,--
OCL-893,2033,NGC 4815,303.63,-2.09,12,54.9,-,64,41,--,--,--
OCL-894,2035,NGC 4852,304.03,3.25,12,57.1,-,59,20,--,--,--
OCL-894.1,2035.1,Loden 757,305.12,-2.51,13,9.1,-,65,2,--,--,--
OCL-895,2037,H8,305.59,-4.46,13,15.4,-,66,56,--,--,--
OCL-896,2039,Ruprecht 107,306.01,-2.25,13,17.2,-,64,41,--,--,--
OCL-897,2041,CR268,306.1,-3.43,13,19.2,-,65,51,--,--,--
OCL-898,2043,Stock 16,306.11,0.14,13,15.8,-,62,18,--,--,--
OCL-898.1,2043.1,Loden 807,306.79,0.2,13,21.5,-,62,10,--,--,--
OCL-899,2045,Ruprecht 166,306.8,-0.8,13,22.7,-,63,9,--,--,--
OCL-900,2047,CR 271,307.09,-1.62,13,26.3,-,63,56,--,--,--
OCL-901,2049,Hogg 16,307.47,1.34,13,26.0,-,60,57,--,--,--
OCL-901.1,2049.1,Loden 848,307.5,-2.03,13,30.6,-,64,16,--,--,--
OCL-902,2051,NGC 5138,307.55,3.55,13,24.1,-,58,45,--,--,--
OCL-903,2053,Trumpler 21,307.57,-0.3,13,28.8,-,62,32,--,--,--
OCL-904,2055,CR 272,307.62,1.25,13,27.3,-,61,1,--,--,--
OCL-905,2057,NGC 5168,307.74,1.57,13,27.9,-,60,41,--,--,--
OCL-905.1,2057.1,Loden 894,308.11,-1.91,13,35.9,-,64,3,--,--,--
OCL-906,2059,Pishmish 18,308.18,0.26,13,33.2,-,61,54,--,--,--
OCL-907,2061,Ruprecht 108,308.25,3.96,13,28.9,-,58,14,--,--,--
OCL-908,2063,CR 275,308.29,2.29,13,31.3,-,59,52,--,--,--
OCL-909,2065,CR 277,308.71,-3.86,13,45.0,-,65,50,--,--,--
OCL-910,2067,NGC 5288,309.01,-2.49,13,45.1,-,64,26,--,--,--
OCL-911,2069,NGC 5281,309.17,0.7,13,43.1,-,62,39,--,--,--
OCL-911.1,2069.1,Loden 991,309.21,0.2,13,41.9,-,61,46,--,--,--
OCL-911.2,2069.2,Loden 1002,309.44,-3.23,13,50.6,-,65,4,--,--,--
OCL-911.3,2069.3,Loden 1010,309.58,1.91,13,42.0,-,60,1,--,--,--
OCL-912,2071,Ruprecht 110,310.01,-5.74,14,2.5,-,67,20,--,--,--
OCL-913,2073,NGC 5316,310.23,0.12,13,50.4,-,61,37,--,--,--
OCL-913.1,2073.1,Loden 1095,310.68,2.19,13,50.0,-,59,30,--,--,--
OCL-913.2,2073.2,Loden 1101,310.74,0.07,13,54.7,-,61,32,--,--,--
OCL-914,2075,Lynga 1,310.86,-0.38,13,56.6,-,61,57,--,--,--
OCL-914.1,2075.1,Loden 1152,311.51,2.36,13,56.0,-,59,8,--,--,--
OCL-915,2077,Ruprecht 109,311.6,2.14,13,57.1,-,59,19,--,--,--
OCL-915.1,2077.1,Loden 1171,311.77,3.32,13,56.0,-,58,8,--,--,--
OCL-915.2,2077.2,Loden 1177,311.89,3.84,13,55.9,-,57,36,--,--,--
OCL-915.3,2077.3,Loden 1194,312.18,1.82,14,2.2,-,59,28,--,--,--
OCL-915.4,2077.4,Loden 1202,312.3,2.84,14,0.9,-,58,28,--,--,--
OCL-915.5,2077.5,Loden 1225,312.59,1.68,14,5.6,-,59,29,--,--,--
OCL-915.6,2077.6,Loden 1256,313.12,-0.28,14,14.5,-,61,12,--,--,--
OCL-915.7,2077.7,Loden 1282,313.58,1.96,14,12.3,-,58,55,--,--,--
OCL-915.8,2077.8,Loden 1289,313.77,3.25,14,10.6,-,57,38,--,--,--
OCL-916,2079,Lynga 2,313.78,-0.49,14,20.3,-,61,10,--,--,--
OCL-917,2081,Ruprecht 167,313.92,2.04,14,14.6,-,58,44,--,--,--
OCL-918,2083,Melotte 227,314.54,-30.43,20,4.5,-,79,28,--,--,--
OCL-918.1,2083.1,Loden 1339,314.6,-1.46,14,29.6,-,61,47,--,--,--
OCL-919,2085,NGC 5617,314.67,-0.1,14,26.0,-,60,30,--,--,--
OCL-920,2087,Trumpler 22,314.67,-0.59,14,27.4,-,60,57,--,--,--
OCL-921,2089,Rishmish 19,314.68,-0.38,14,26.9,-,60,46,--,--,--
OCL-922,2091,NGC 5606,314.84,0.99,14,24.1,-,59,25,--,--,--
OCL-923,2093,Hogg 17,314.87,-0.9,14,29.9,-,61,10,--,--,--
OCL-923.1,2093.1,Loden 1373,315.14,-2.63,14,37.8,-,62,39,--,--,--
OCL-923.2,2093.2,Loden 1375,315.18,-3.23,14,40.3,-,63,10,--,--,--
OCL-924,2095,Ruprecht 111,315.66,0.31,14,32.1,-,59,44,--,--,--
OCL-925,2097,NGC 5460,315.78,12.65,14,4.4,-,48,5,--,--,--
OCL-925.1,2097.1,Loden 1409,315.93,-1.74,14,40.8,-,61,30,--,--,--
OCL-926,2099,NGC 5593,316.35,5.59,14,22.4,-,54,35,--,--,--
OCL-927,2101,Ruprecht 112,316.85,-3.12,14,53.0,-,62,21,--,--,--
OCL-928,2103,NGC 5662,316.9,3.47,14,31.6,-,56,20,--,--,--
OCL-929,2105,NGC 5715,317.53,2.12,14,39.7,-,57,20,--,--,--
OCL-930,2107,NGC 5749,319.5,4.53,14,45.3,-,54,19,--,--,--
OCL-931,2109,Rishmish 21,320.36,-1.79,15,12.8,-,59,28,--,--,--
OCL-932,2111,Pishmish 20,320.52,-1.21,15,11.5,-,58,53,--,--,--
OCL-933,2113,Hogg 18,320.75,6.43,14,47.2,-,52,3,--,--,--
OCL-934,2115,NGC 5764,320.97,5.86,14,50.0,-,52,29,--,--,--
OCL-935,2117,Lynga 3,321.04,-0.64,15,12.6,-,58,8,--,--,--
OCL-936,2119,NGC 5823,321.16,2.46,15,2.0,-,55,14,--,--,--
OCL-937,2121,NGC 5822,321.71,3.58,15,1.5,-,54,9,--,--,--
OCL-938,2123,NGC 5925,324.4,1.7,15,23.9,-,54,21,--,--,--
OCL-939,2125,NGC 6025,324.54,-5.97,15,59.4,-,60,22,--,--,--
OCL-940,2127,Ruprecht 113,324.61,-4.65,15,53.0,-,59,19,--,--,--
OCL-941,2129,Lynga 4,324.67,0.67,15,29.5,-,55,3,--,--,--
OCL-942,2131,Lynga 5,324.82,-1.19,15,38.1,-,56,28,--,--,--
OCL-943,2133,Collinder 292,325.11,2.72,15,46.7,-,57,31,--,--,--
OCL-944,2135,H9,325.66,1.96,15,30.0,-,53,26,--,--,--
OCL-945,2137,NGC 6005,325.79,-2.99,15,51.8,-,57,17,--,--,--
OCL-946,2139,NGC 5999,326.02,-1.93,15,48.2,-,56,19,--,--,--
OCL-947,2141,Ruprecht 114,327.23,-3.56,16,2.6,-,56,47,--,--,--
OCL-948,2143,NGC 6087,327.76,-5.4,16,14.7,-,57,47,--,--,--
OCL-949,2147,Lynga 7,328.78,-2.77,16,7.0,-,55,10,--,--,--
OCL-950,2149,Trumpler 23,328.82,-0.43,15,56.6,-,53,23,--,--,--
OCL-951,2151,NGC 6031,329.25,-1.53,16,3.7,-,53,56,--,--,--
OCL-952,2153,Collinder 299,329.67,-3.38,16,14.4,-,55,0,--,--,--
OCL-953,2155,NGC 6067,329.76,-2.2,16,9.3,-,54,5,--,--,--
OCL-954,2157,H 10,329.91,-3.42,16,15.9,-,54,52,--,--,--
OCL-955,2159,Lynga 6,330.37,0.34,16,1.0,-,51,47,--,--,--
OCL-956,2161,Ruprecht 115,330.97,-0.83,16,9.0,-,52,15,--,--,--
OCL-957,2163,Pishmish 22,331.36,-0.55,16,9.6,-,51,47,--,--,--
OCL-957.1,2163.1,Ruprecht 176,331.92,-0.28,16,11.0,-,51,12,--,--,--
OCL-958,2165,Ruprecht 116,332.41,-1.71,16,19.7,-,51,53,--,--,--
OCL-959,2167,Ruprecht 117,332.5,-1.64,16,19.8,-,51,46,--,--,--
OCL-960,2169,Ruprecht 118,332.54,-1.79,16,20.7,-,51,51,--,--,--
OCL-961,2171,NGC 6152,332.93,-3.14,16,28.8,-,52,31,--,--,--
OCL-962,2173,Lynga 8,333.24,-0.02,16,15.9,-,50,6,--,--,--
OCL-963,2175,Ruprecht 119,333.28,-1.9,16,24.5,-,51,24,--,--,--
OCL-964,2177,NGC 6208,333.69,-5.82,16,45.5,-,53,44,--,--,--
OCL-965,2179,Collinder 307,334.42,-2.31,16,31.4,-,50,52,--,--,--
OCL-966,2181,Lynga 9,334.51,1.07,16,16.8,-,48,26,--,--,--
OCL-967,2183,Pishmish 23,334.64,0.43,16,20.1,-,48,48,--,--,--
OCL-968,2185,NGC 6134,334.92,-0.19,16,24.0,-,49,2,--,--,--
OCL-969,2187,Hogg 19,335.06,-0.31,16,25.1,-,49,1,--,--,--
OCL-970,2189,NGC 5053,335.1,79.0,13,13.5,+,17,57,--,--,--
OCL-971,2191,H11,335.32,-1.28,16,30.6,-,49,30,--,--,--
OCL-972,2193,NGC 6253,335.46,-6.25,16,55.1,-,52,38,--,--,--
OCL-973,2195,Lynga 12,335.67,-3.46,16,42.1,-,50,42,--,--,--
OCL-974,2197,Ruprecht 120,336.4,-0.54,16,31.7,-,48,12,--,--,--
OCL-975,2199,NGC 6193,336.7,-1.57,16,37.5,-,48,40,--,--,--
OCL-976,2201,Hogg 20,337.96,-1.17,16,40.7,-,47,28,--,--,--
OCL-977,2203,Hogg 21,337.97,-1.49,16,42.2,-,47,40,--,--,--
OCL-978,2205,NGC 6200,338.0,-1.09,16,40.5,-,47,23,--,--,--
OCL-979,2207,Lynga 11,338.17,0.47,16,34.4,-,46,13,--,--,--
OCL-980,2209,NGC 6178,338.4,1.23,16,32.1,-,45,32,--,--,--
OCL-981,2211,Hogg 22,338.55,-1.16,16,43.0,-,47,1,--,--,--
OCL-982,2213,NGC 6204,338.59,-1.08,16,42.8,-,46,56,--,--,--
OCL-983,2215,Ruprecht 121,338.73,0.04,16,38.4,-,46,5,--,--,--
OCL-984,2217,NGC 6169,339.38,2.51,16,30.5,-,43,57,--,--,--
OCL-985,2219,Westerlund 1,339.56,-0.39,16,44.6,-,45,45,--,--,--
OCL-986,2221,H 13,339.69,-4.3,17,1.6,-,48,7,--,--,--
OCL-987,2223,IC 4651,340.07,-7.88,17,20.8,-,49,54,--,--,--
OCL-988,2225,NGC 6192,340.65,2.12,16,36.8,-,43,16,--,--,--
OCL-989,2227,NGC 6216,340.67,0.01,16,45.8,-,44,39,--,--,--
OCL-990,2229,NGC 6124,340.77,5.96,16,22.2,-,40,33,--,--,--
OCL-991,2231,NGC 6250,340.79,-1.83,16,54.3,-,45,43,--,--,--
OCL-992,2233,Lynga 14,340.88,-1.16,16,51.6,-,45,14,--,--,--
OCL-993,2235,NGC 6352,341.38,-7.18,17,21.6,-,48,25,--,--,--
OCL-994,2237,NGC 6249,341.56,-1.16,16,54.0,-,44,42,--,--,--
OCL-995,2239,Lynga 13,341.65,0.85,16,45.7,-,43,21,--,--,--
OCL-996,2241,NGC 6259,341.98,-1.52,16,57.1,-,44,36,--,--,--
OCL-997,2243,NGC 6231,343.47,1.22,16,50.5,-,41,43,--,--,--
OCL-998,2247,Ruprecht 122,344.39,1.62,16,52.0,-,40,45,--,--,--
OCL-999,2249,H 12,344.7,1.51,16,53.5,-,40,35,--,--,--
OCL-1000,2251,NGC 6322,345.27,-3.07,17,14.9,-,42,54,--,--,--
OCL-1001,2253,NGC 6242,345.46,2.43,16,52.2,-,39,25,--,--,--
OCL-1002,2255,NGC 6268,346.04,1.31,16,58.9,-,39,40,--,--,--
OCL-1003,2257,NGC 6281,347.82,2.01,17,1.4,-,37,50,--,--,--
OCL-1004,2259,NGC 6318,348.06,-0.96,17,14.3,-,39,24,--,--,--
OCL-1005,2261,Ruprecht 124,348.07,-3.32,17,24.5,-,40,44,--,--,--
OCL-1006,2263,Ruprecht 125,348.48,-3.44,17,26.2,-,40,28,--,--,--
OCL-1007,2265,Trumpler 25,349.2,-1.8,17,21.3,-,38,57,--,--,--
OCL-1008,2267,Ruprecht 123,349.94,-0.99,17,20.0,-,37,53,--,--,--
OCL-1009,2269,Trumpler 29,350.04,-5.15,17,38.1,-,40,5,--,--,--
OCL-1010,2271,Collinder 332,351.46,-1.73,17,27.4,-,37,3,--,--,--
OCL-1011,2273,Collinder 302,351.6,15.75,16,23.0,-,26,7,O-1105  16 28 -24,281,62
OCL-1012,2275,H 16,351.73,-1.72,17,28.0,-,36,49,--,--,--
OCL-1013,2277,Collinder 338,351.86,-3.25,17,34.8,-,37,32,--,--,--
OCL-1014,2279,NGC 6400,352.65,-3.34,17,37.4,-,36,55,--,--,--
OCL-1015,2281,Ruprecht 127,352.89,-2.45,17,34.3,-,36,14,--,--,--
OCL-1015.1,2281.1,--,352.96,16.96,16,22.9,-,24,20,--,--,--
OCL-1016,2283,Pishmish 24,353.12,0.71,17,22.0,-,34,18,--,--,--
OCL-1017,2285,Collinder 333,354.02,-0.17,17,28.0,-,34,3,--,--,--
OCL-1018,2287,NGC 6396,354.02,-1.86,17,34.8,-,34,58,--,--,--
OCL-1019,2289,Ruprecht 126,354.27,-0.95,17,31.8,-,34,16,--,--,--
OCL-1020,2291,Ruprecht 128,354.78,-2.85,17,40.9,-,34,51,--,--,--
OCL-1021,2293,Trumpler 27,355.07,-0.7,17,32.9,-,33,27,--,--,--
OCL-1021.1,2293.1,Antalova 2,355.15,0.98,17,26.4,-,32,28,--,--,--
OCL-1022,2295,NGC 6374,355.37,0.48,17,29.0,-,32,34,SO- 88  17 20 -30,133,40
OCL-1023,2297,Ruprecht 132,355.39,-3.75,17,46.2,-,34,48,--,--,--
OCL-1024,2299,NGC 6404,355.66,-1.17,17,36.3,-,33,13,--,--,--
OCL-1025,2301,Trumpler 30,355.67,-5.21,17,53.1,-,35,19,--,--,--
OCL-1026,2303,NGC 6383,355.68,0.05,17,31.5,-,32,32,SO- 88  17 20 -30,96,41
OCL-1027,2305,Collinder 345,355.78,-2.32,17,41.3,-,33,44,--,--,--
OCL-1027.1,2305.1,Antalova 1,355.83,1.64,17,25.6,-,31,32,--,--,--
OCL-1028,2307,NGC 6475,355.86,-4.53,17,50.6,-,34,48,--,--,--
OCL-1029,2311,Trumpler 28,355.98,-0.26,17,33.5,-,32,27,SO- 88  17 20 -30,72,47
OCL-1030,2313,NGC 6405,356.58,-0.7,17,36.8,-,32,11,SO- 88  17 20 -30,33,57
OCL-1031,2317,NGC 6416,356.94,-1.54,17,41.1,-,32,20,SO- 90  17 46 -30,284,50
OCL-1032,2319,Trumpler 26,357.53,2.86,17,25.3,-,29,27,SO- 88  17 20 -30,165,208
OCL-1033,2321,NGC 6425,357.97,-1.6,17,43.7,-,31,31,SO- 90  17 46 -30,252,96
OCL-1034,2323,Ruprecht 130,359.22,-0.98,17,44.4,-,30,6,SO- 90  17 46 -30,246,172
OCL-1035,2325,NGC 6451,359.48,-1.61,17,47.5,-,30,12,SO- 90  17 46 -30,210,166
OCL-1036,2327,NGC 6355,359.6,5.43,17,20.9,-,26,18,O- 172  17 20 -24,114,54
OCL-1037,2329,Ruprecht 129,359.62,-0.66,17,44.1,-,29,35,SO- 90  17 46 -30,251,198
OCL-1038,2331,Basel5,359.76,-1.82,17,49.0,-,30,4,SO- 90  17 46 -30,191,172
OCL-1039,2333,Collinder 347,359.78,-0.32,17,43.2,-,29,17,SO- 90  17 46 -30,260,213
OCL-1040,2335,zet Per movCl,--,--,--,--,--,--,--,--,--,--
OCL-1041,2337,Vel movCl,--,--,--,--,--,--,--,--,--,--
OCL-1042,2339,CrB movCl,--,--,--,--,--,--,--,--,--,--
OCL-1043,2341,Sco-Cen novCl,--,--,--,--,--,--,--,--,--,--
OCL-1044,2347,61Cyg movCl,--,--,--,--,--,--,--,--,--,--
