Field,NPC_RAh,NPC_RAm,NPC_DEdeg,Plate,RAh,RAm,RAs,DE-,DEd,DEm,Diff_X,Diff_Y,Exp.Y,Exp.M,Exp.d,ExpST.h,ExpST.m,Seeing,Obs_Code,Note
1,16,0,-90,1577,14,3,43,-,89,50.0,7.65,-8.86,1976,7,18.02231,15,33,4,HES,2
2,0,0,-85,1650,23,59,49,-,85,2.5,0.21,2.18,1976,9,18.18406,23,31,1,HES,--
3,2,24,-85,3083,2,25,49,-,85,7.4,-2.07,6.6,1978,12,2.07894,1,53,4,HES,1
4,4,48,-85,2537,4,47,44,-,85,2.1,0.32,1.85,1978,1,5.06578,3,49,4,GPA,6
5,7,12,-85,2542,7,9,40,-,84,59.8,2.73,-0.17,1978,1,6.15585,6,3,2,GPA,--
6,9,36,-85,2596,9,34,36,-,84,59.2,1.64,-0.67,1978,1,17.2297,8,33,1,GPA,--
7,12,0,-85,2141,11,59,1,-,84,56.7,1.16,-2.97,1977,5,12.03762,11,30,5,HES,7
8,14,24,-85,2744,14,22,49,-,84,51.3,1.41,-7.77,1978,3,13.28452,13,29,3,HES,6
9,16,48,-85,568,16,48,38,-,85,5.5,-0.73,4.86,1974,7,20.03003,15,50,3,HES,--
10,19,12,-85,1656,19,11,48,-,85,2.1,0.23,1.91,1976,9,19.98399,18,50,1,HES,--
11,21,36,-85,1646,21,35,38,-,85,1.1,0.43,0.95,1976,9,17.08983,21,11,1,HES,7
12,0,0,-80,1654,0,1,26,-,80,6.6,-3.29,5.9,1976,9,19.16194,23,3,4,HES,--
13,1,30,-80,1655,1,30,40,-,80,3.0,-1.53,2.68,1976,9,19.22219,0,30,4,GPA,--
14,3,0,-80,1659,2,59,5,-,79,58.2,2.12,-1.57,1976,9,20.2804,1,58,4,HES,--
15,4,30,-80,1743,4,29,59,-,79,59.4,0.02,-0.55,1976,11,19.20037,3,59,2,HES,--
16,6,0,-80,1740,6,0,30,-,80,9.7,-1.14,8.59,1976,11,18.25782,5,18,4,HES,--
17,7,30,-80,2539,7,29,37,-,80,3.1,0.9,2.74,1978,1,5.17036,6,20,3,GPA,--
18,9,0,-80,2584,9,0,17,-,79,49.8,-0.65,-9.08,1978,1,13.2143,7,55,4,GPA,--
19,10,30,-80,1290,10,28,51,-,80,9.8,2.63,8.73,1976,2,6.23883,10,3,2,HES,--
20,12,0,-80,2661,11,59,16,-,79,53.1,1.71,-6.14,1978,2,15.25232,11,0,3,GPA,--
21,13,30,-80,2142,13,29,17,-,80,1.3,1.67,1.18,1977,5,12.0951,12,53,5,OPA,6
22,15,0,-80,573,14,59,54,-,80,3.7,0.24,3.26,1974,7,20.99821,15,8,4,HES,--
23,16,30,-80,563,16,32,36,-,80,3.1,-6.02,2.74,1974,6,23.12176,16,16,5,HES,2
24,18,0,-80,562,18,0,10,-,80,2.7,-0.37,2.42,1974,6,22.15496,17,0,5,HES,2
25,19,30,-80,933,19,29,14,-,80,2.1,1.78,1.84,1975,6,6.26164,18,30,3,HES,--
26,21,0,-80,1653,20,59,24,-,80,6.0,1.4,5.36,1976,9,19.04351,20,12,1,HES,--
27,22,30,-80,1658,22,29,47,-,80,0.7,0.52,0.63,1976,9,20.09618,21,32,3,HES,--
28,0,0,-75,2994,23,59,39,-,75,1.1,1.23,0.97,1978,9,28.15877,23,32,3,HES,--
29,1,6,-75,2995,1,6,8,-,75,6.1,-0.44,5.42,1978,9,28.2211,1,2,3,OPA,--
30,2,12,-75,422,2,12,0,-,75,2.6,-0.01,2.28,1973,11,25.17228,3,41,2,DBA,--
31,3,18,-75,3001,3,18,8,-,74,57.8,-0.46,-1.95,1978,9,29.29178,2,48,4,OPA,--
32,4,24,-75,425,4,27,24,-,74,51.7,-11.76,-7.38,1973,11,26.17231,3,45,2,HES,9
32,4,24,-75,425,4,27,24,-,74,51.7,-11.76,-7.38,1973,11,26.17231,3,45,2,HES,--
33,5,30,-75,1185,5,30,17,-,75,8.3,-0.97,7.37,1975,12,5.20103,5,0,2,OPA,--
34,6,36,-75,423,6,36,14,-,75,2.2,-0.82,2.0,1973,11,25.24291,5,23,2,DBA,--
35,7,42,-75,1254,7,42,7,-,75,8.3,-0.39,7.35,1976,1,29.14086,7,10,2,OPA,3
36,8,48,-75,1268,8,47,39,-,74,59.9,1.24,-0.07,1976,2,2.17842,8,20,2,OPA,--
37,9,54,-75,1249,9,54,12,-,74,58.5,-0.72,-1.3,1976,1,27.2412,9,27,5,HES,--
38,11,0,-75,491,11,0,13,-,75,4.9,-0.73,4.37,1974,2,25.18147,9,57,2,HES,7
39,12,6,-75,488,12,6,18,-,75,5.4,-1.03,4.8,1974,2,24.23545,11,11,2,HES,--
40,13,12,-75,904,13,11,13,-,75,1.4,2.7,1.24,1975,5,6.08588,12,14,3,GPA,--
41,14,18,-75,560,14,17,48,-,75,3.7,0.68,3.25,1974,4,22.16569,13,15,3,DBA,--
42,15,24,-75,931,15,24,16,-,75,10.3,-0.89,9.16,1975,6,6.1072,14,47,3,HES,--
43,16,30,-75,918,16,27,12,-,75,2.6,9.67,2.34,1975,5,18.18539,15,25,3,OPA,--
44,17,36,-75,547,17,36,8,-,75,3.0,-0.44,2.66,1974,6,17.14991,16,33,3,DBA,--
45,18,42,-75,915,18,41,26,-,75,2.7,1.97,2.36,1975,5,14.28981,17,40,5,OPA,1
46,19,48,-75,958,19,47,4,-,75,5.6,3.24,4.96,1975,6,13.27369,19,15,3,OPA,--
47,20,54,-75,925,20,53,28,-,74,57.5,1.85,-2.19,1975,5,22.36146,19,55,1,GPA,--
48,22,0,-75,578,22,0,0,-,75,3.4,-0.01,3.05,1974,7,24.2338,21,0,3,DBA,2
49,23,6,-75,1009,23,5,14,-,75,13.5,2.59,12.0,1975,7,13.33375,22,40,3,OPA,1
50,0,0,-70,404,0,0,4,-,70,5.7,-0.32,5.1,1973,11,21.10701,1,51,2,HES,--
51,0,52,-70,421,0,52,23,-,70,3.6,-1.72,3.2,1973,11,25.10787,2,8,2,DBA,--
52,1,44,-70,1061,1,44,15,-,70,5.2,-1.16,4.66,1975,9,4.29984,1,20,3,OPA,--
53,2,36,-70,412,2,36,7,-,70,2.4,-0.57,2.17,1973,11,23.09463,1,41,1,HES,--
54,3,28,-70,414,3,28,2,-,69,50.6,-0.17,-8.32,1973,11,23.2276,4,53,2,DBA,9
54,3,28,-70,414,3,28,2,-,69,50.6,-0.17,-8.32,1973,11,23.2276,4,53,2,DBA,--
55,4,20,-70,3002,4,20,20,-,69,59.7,-1.52,-0.27,1978,9,29.3458,4,6,4,OPA,--
56,5,12,-70,1133,5,12,7,-,69,57.9,-0.54,-1.83,1975,11,8.21932,3,40,2,HES,--
57,6,4,-70,406,6,4,15,-,70,1.7,-1.13,1.47,1973,11,21.23929,5,2,2,HES,--
58,6,56,-70,1192,6,56,19,-,70,17.6,-1.44,15.62,1975,12,5.26472,6,32,1,OPA,9
58,6,56,-70,1192,6,56,19,-,70,17.6,-1.44,15.62,1975,12,5.26472,6,32,1,OPA,--
59,7,48,-70,1222,7,48,9,-,69,53.8,-0.72,-5.51,1976,1,4.21258,7,15,2,GPA,--
60,8,40,-70,1293,8,40,22,-,70,1.5,-1.69,1.34,1976,2,7.15784,8,10,1,OPA,--
61,9,32,-70,867,9,31,39,-,70,2.7,1.62,2.44,1975,4,13.99567,8,37,5,GPA,--
62,10,24,-70,894,10,23,35,-,70,2.8,1.92,2.5,1975,5,3.97222,9,22,1,OPA,--
63,11,16,-70,1270,11,15,30,-,69,59.0,2.27,-0.91,1976,2,2.27676,10,42,4,HES,--
64,12,8,-70,899,12,7,34,-,70,2.4,1.99,2.15,1975,5,5.04083,11,5,2,OPA,--
65,13,0,-70,874,12,59,36,-,70,3.0,1.81,2.71,1975,4,16.12387,11,50,1,GPA,--
66,13,52,-70,538,13,52,4,-,70,3.0,-0.27,2.63,1974,6,14.9954,12,42,4,DBA,--
67,14,44,-70,905,14,43,34,-,70,9.4,1.99,8.35,1975,5,6.14544,13,40,3,OPA,--
68,15,36,-70,539,15,36,6,-,70,2.8,-0.48,2.48,1974,6,15.06188,14,18,4,DBA,--
69,16,28,-70,510,16,28,23,-,70,1.0,-1.74,0.9,1974,5,26.14558,15,0,1,DBA,7
70,17,20,-70,540,17,20,6,-,70,3.4,-0.43,3.01,1974,6,15.13944,16,10,4,DBA,--
71,18,12,-70,525,18,12,40,-,70,3.3,-3.03,2.93,1974,5,28.24053,17,25,4,DBA,2
72,19,4,-70,548,19,4,2,-,70,3.1,-0.12,2.78,1974,6,17.21155,18,2,3,DBA,--
73,19,56,-70,962,19,55,38,-,69,57.9,1.69,-1.84,1975,6,14.27442,19,20,2,OPA,2
74,20,48,-70,355,20,47,57,-,69,58.6,0.2,-1.26,1973,9,22.02499,19,56,2,HES,8
75,21,40,-70,559,21,40,1,-,69,55.2,-0.11,-4.27,1976,6,21.30172,20,30,4,DBA,2
76,22,32,-70,579,22,32,6,-,70,3.2,-0.44,2.81,1974,7,27.24638,21,30,2,DBA,2
77,23,24,-70,1037,23,22,56,-,69,59.7,4.9,-0.28,1975,8,14.25676,22,55,5,HES,1
78,0,0,-65,1159,23,59,58,-,65,16.8,0.19,14.9,1975,11,27.03309,0,26,2,GPA,--
79,0,44,-65,374,0,44,21,-,65,2.0,-1.93,1.8,1973,10,24.10175,23,53,2,HES,8
80,1,28,-65,365,1,27,57,-,65,2.3,0.31,2.06,1973,10,1.18671,0,25,2,HES,8
81,2,12,-65,358,2,11,46,-,64,59.9,1.34,-0.1,1973,9,22.24799,1,18,2,HES,8
82,2,56,-65,368,2,55,34,-,65,1.7,2.46,1.54,1973,10,2.24908,1,59,1,HES,8
83,3,40,-65,418,3,40,59,-,65,3.8,-5.53,3.41,1973,11,24.20271,4,21,1,HES,--
84,4,24,-65,413,4,25,57,-,64,59.4,-10.99,-0.54,1973,11,23.16319,3,20,2,DBA,--
85,5,8,-65,415,5,8,4,-,65,1.5,-0.4,1.31,1973,11,23.28716,6,19,2,HES,--
86,5,52,-65,410,5,52,43,-,64,58.9,-4.01,-0.99,1973,11,22.22964,4,52,2,HES,9
86,5,52,-65,410,5,52,43,-,64,58.9,-4.01,-0.99,1973,11,22.22964,4,52,2,HES,--
87,6,36,-65,1223,6,35,40,-,64,57.9,1.84,-1.9,1976,1,5.15791,6,0,4,GPA,1
88,7,20,-65,1181,7,20,0,-,65,3.1,-0.03,2.74,1975,12,4.27647,6,45,1,OPA,--
89,8,4,-65,1195,8,3,30,-,64,57.3,2.84,-2.41,1975,12,8.29323,7,25,1,OPA,--
90,8,48,-65,483,8,47,56,-,65,3.9,0.36,3.46,1974,2,23.09344,7,42,1,HES,--
91,9,32,-65,739,9,32,9,-,65,3.1,-0.8,2.77,1975,1,12.24063,8,28,1,DBA,--
92,10,16,-65,480,10,16,6,-,65,3.7,-0.53,3.26,1974,2,20.16257,9,10,2,HES,--
93,11,0,-65,908,10,59,44,-,65,2.2,1.55,1.92,1975,5,11.98293,10,9,5,HES,2
94,11,44,-65,895,11,43,40,-,65,2.7,1.86,2.44,1975,5,4.02971,10,45,1,OPA,--
95,12,28,-65,822,12,28,48,-,65,3.4,-4.52,3.06,1975,3,15.19047,11,20,1,DBA,--
96,13,12,-65,508,13,11,59,-,65,3.2,0.09,2.89,1975,5,26.02158,12,0,4,DBA,7
97,13,56,-65,542,13,56,7,-,65,2.5,-0.7,2.19,1974,6,15.99959,12,52,3,HES,--
98,14,40,-65,324,14,40,1,-,65,2.6,-0.06,2.34,1973,6,29.98633,13,29,1,HES,8
99,15,24,-65,536,15,23,58,-,65,3.1,0.23,2.72,1974,6,13.0618,14,10,3,DBA,2
100,16,8,-65,543,16,8,2,-,65,3.1,-0.2,2.74,1974,6,16.08824,15,0,3,DBA,--
101,16,52,-65,537,16,52,5,-,65,2.5,-0.44,2.21,1974,6,13.12413,15,40,5,DBA,2
102,17,36,-65,330,17,35,48,-,65,1.6,1.15,1.4,1973,7,3.11803,16,51,2,HES,8
103,18,20,-65,889,18,19,33,-,65,11.7,2.46,10.4,1975,4,20.34495,17,25,2,OPA,--
104,19,4,-65,545,19,4,5,-,65,2.8,-0.47,2.51,1974,6,16.21289,18,0,3,DBA,--
105,19,48,-65,554,19,47,59,-,65,4.0,0.06,3.52,1974,6,18.24068,18,48,2,DBA,--
106,20,32,-65,338,20,31,55,-,65,1.4,0.5,1.26,1973,8,2.14969,19,35,2,HES,8
107,21,16,-65,585,21,16,2,-,65,3.1,-0.21,2.78,1974,8,11.15348,20,15,2,DBA,--
108,22,0,-65,323,22,0,1,-,65,5.9,-0.06,5.25,1973,6,29.30347,21,3,1,HES,8
109,22,44,-65,644,22,46,7,-,65,4.1,-11.96,3.63,1974,10,16.03353,21,42,3,DBA,--
110,23,28,-65,1032,23,27,44,-,64,53.6,1.52,-5.73,1975,8,13.26295,23,0,5,GPA,--
111,0,0,-60,354,23,59,50,-,59,59.1,1.14,-0.8,1973,9,21.1503,22,53,2,HES,8
112,0,38,-60,362,0,37,51,-,59,59.0,0.98,-0.85,1973,9,30.1555,23,36,2,HES,8
113,1,16,-60,1086,1,15,23,-,59,56.4,4.13,-3.16,1975,10,1.20327,0,47,1,GPA,--
114,1,54,-60,653,1,54,13,-,60,1.7,-1.45,1.49,1974,10,18.15826,0,50,1,DBA,--
115,2,32,-60,1066,2,31,48,-,59,55.5,1.29,-4.0,1975,9,5.32481,2,0,3,OPA,--
116,3,10,-60,434,3,11,33,-,60,1.1,-10.31,1.0,1973,11,29.09487,2,5,4,DBA,--
117,3,48,-60,366,3,48,5,-,60,1.7,-0.51,1.54,1973,10,1.28851,2,52,3,HES,8
118,4,26,-60,634,4,26,2,-,60,2.6,-0.25,2.28,1974,10,12.27507,3,15,5,GPA,--
119,5,4,-60,650,5,4,11,-,60,1.8,-1.2,1.62,1974,10,17.28566,3,50,3,DBA,--
120,5,42,-60,660,5,41,50,-,60,4.5,1.09,4.03,1974,10,19.3079,4,30,1,DBA,--
121,6,20,-60,1141,6,20,9,-,60,9.5,-0.96,8.48,1975,11,10.30043,5,45,1,HES,--
122,6,58,-60,712,6,58,1,-,60,4.0,-0.12,3.58,1974,12,20.19401,5,50,1,DBA,--
123,7,36,-60,758,7,35,59,-,60,4.5,0.06,3.96,1975,1,19.1398,6,30,3,HES,--
124,8,14,-60,833,8,13,49,-,60,3.0,1.18,2.7,1975,3,17.0091,7,6,3,DBA,2
125,8,52,-60,490,8,52,2,-,60,3.7,-0.23,3.27,1974,2,25.09006,7,45,3,HES,7
126,9,30,-60,1231,9,30,2,-,60,3.2,-0.24,2.88,1976,1,10.26892,9,0,1,HES,--
127,10,8,-60,487,10,8,8,-,60,2.8,-0.9,2.46,1974,2,24.15096,9,9,1,HES,--
128,10,46,-60,484,10,45,59,-,60,3.7,0.06,3.33,1974,2,23.18001,9,47,1,HES,--
129,11,24,-60,803,11,23,43,-,60,3.1,1.89,2.72,1975,3,9.16876,10,25,1,HES,--
130,12,2,-60,1291,12,2,6,-,60,4.0,-0.72,3.53,1976,2,6.29908,11,30,2,OPA,--
131,12,40,-60,485,12,39,54,-,60,2.3,0.63,2.01,1974,2,23.25965,11,42,3,HES,--
132,13,18,-60,299,13,18,2,-,60,3.3,-0.21,2.96,1973,3,30.31717,15,24,3,HES,8
133,13,56,-60,551,13,55,59,-,60,2.5,0.12,2.23,1974,6,17.99621,12,55,2,DBA,--
134,14,34,-60,509,14,34,16,-,60,1.1,-1.76,0.95,1974,5,26.08324,13,30,2,DBA,7
135,15,12,-60,300,15,12,2,-,60,3.1,-0.24,2.79,1973,3,30.25484,13,54,3,HES,8
136,15,50,-60,518,15,51,27,-,60,3.0,-9.66,2.67,1974,5,27.13246,14,45,2,DBA,7
137,16,28,-60,552,16,28,1,-,60,2.6,-0.16,2.33,1974,6,18.10009,15,25,3,DBA,--
138,17,6,-60,519,17,6,3,-,60,2.9,-0.31,2.61,1974,5,27.19548,16,16,2,DBA,7
139,17,44,-60,858,17,43,37,-,60,2.7,2.51,2.37,1975,4,11.33836,16,40,2,GPA,--
140,18,22,-60,520,18,22,5,-,60,3.0,-0.58,2.66,1974,5,27.26058,17,50,2,DBA,7
141,19,0,-60,512,19,0,15,-,60,1.1,-1.68,1.02,1974,5,26.27023,18,0,2,DBA,--
142,19,38,-60,921,19,36,9,-,60,2.8,12.38,2.48,1975,5,20.31152,18,35,3,OPA,1
143,20,16,-60,987,20,15,31,-,60,6.3,3.27,5.63,1975,7,6.19565,18,53,4,HES,--
144,20,54,-60,595,20,54,1,-,60,2.7,-0.15,2.37,1974,8,14.12936,19,52,1,GPA,--
145,21,32,-60,342,21,32,10,-,60,3.2,-1.15,2.88,1973,8,3.18921,20,36,1,HES,8
146,22,10,-60,347,22,10,3,-,60,3.5,-0.36,3.08,1973,8,4.21003,21,10,1,HES,8
147,22,48,-60,360,22,48,4,-,60,3.1,-0.48,2.73,1973,9,23.10744,21,59,3,HES,8
148,23,26,-60,361,23,26,6,-,60,1.9,-0.72,1.66,1973,9,30.09525,22,9,2,HES,8
149,0,0,-55,357,23,59,58,-,54,58.4,0.26,-1.46,1973,9,22.15103,22,58,2,HES,8
150,0,33,-55,340,0,32,52,-,55,1.3,0.99,1.17,1973,8,2.31937,23,40,2,HES,8
151,1,6,-55,1033,1,5,54,-,55,4.0,0.82,3.54,1975,8,13.32528,0,30,5,GPA,3
152,1,39,-55,1069,1,38,33,-,55,8.0,3.38,7.09,1975,9,13.26627,1,7,4,GPA,--
153,2,12,-55,658,2,11,50,-,55,4.6,1.27,4.1,1974,10,19.16246,1,0,1,DBA,--
154,2,45,-55,633,2,45,11,-,55,3.1,-1.44,2.72,1974,10,12.20928,1,40,3,DBA,--
155,3,18,-55,1097,3,17,57,-,55,6.1,0.32,5.45,1975,10,3.27745,2,42,3,GPA,--
156,3,51,-55,1132,3,50,46,-,54,57.8,1.76,-1.93,1975,11,8.20547,3,20,2,HES,--
157,4,24,-55,369,4,24,5,-,55,0.7,-0.65,0.61,1973,10,2.26778,2,26,2,HES,8
158,4,57,-55,655,4,57,2,-,55,2.5,-0.21,2.21,1974,10,18.26907,3,30,2,DBA,--
159,5,30,-55,711,5,30,3,-,55,3.6,-0.35,3.2,1974,12,20.13515,4,25,1,DBA,--
160,6,3,-55,656,6,3,2,-,55,2.7,-0.21,2.44,1974,10,18.32171,4,46,1,DBA,--
161,6,36,-55,715,6,35,59,-,55,4.6,0.17,4.05,1974,12,21.17743,5,30,1,GPA,2
162,7,9,-55,1186,7,8,45,-,54,58.1,1.87,-1.67,1975,12,5.26333,6,30,2,OPA,2
163,7,42,-55,719,7,42,5,-,55,4.8,-0.59,4.29,1974,12,22.23495,6,57,5,DBA,--
164,8,15,-55,1230,8,15,6,-,55,8.6,-0.78,7.64,1976,1,10.21698,7,45,1,GPA,--
165,8,48,-55,500,8,47,53,-,55,5.4,0.84,4.8,1974,3,18.02925,7,40,1,HES,7
166,9,21,-55,814,9,20,49,-,55,2.6,1.36,2.32,1975,3,14.06161,8,10,1,DBA,--
167,9,54,-55,304,9,53,55,-,54,59.9,0.63,-0.13,1973,4,2.03057,8,42,3,HES,8
168,10,27,-55,793,10,27,5,-,55,3.0,-0.63,2.63,1975,2,19.17497,9,23,2,DBA,--
169,11,0,-55,854,10,59,39,-,55,1.6,2.66,1.4,1975,4,11.06134,10,0,3,GPA,--
170,11,33,-55,816,11,32,47,-,55,2.7,1.61,2.41,1975,3,14.16065,10,33,1,DBA,--
171,12,6,-55,849,12,5,51,-,55,2.9,1.09,2.59,1975,4,9.10489,10,55,2,GPA,--
172,12,39,-55,798,12,39,5,-,55,3.5,-0.66,3.07,1975,2,21.25746,11,30,2,DBA,2
173,13,12,-55,492,13,12,11,-,55,2.7,-1.39,2.36,1974,2,25.27358,12,10,3,HES,7
174,13,45,-55,302,13,45,5,-,55,3.1,-0.6,2.76,1973,3,31.19394,12,30,3,HES,8
175,14,18,-55,556,14,18,2,-,55,2.5,-0.26,2.25,1974,6,20.9984,13,10,1,DBA,--
176,14,51,-55,824,14,50,44,-,55,2.2,2.1,1.94,1975,3,15.29158,13,46,1,DBA,--
177,15,24,-55,916,15,23,48,-,55,2.3,1.54,2.05,1975,5,17.14657,14,25,2,OPA,--
178,15,57,-55,906,15,56,38,-,55,2.3,2.75,2.03,1975,5,6.24101,15,58,3,OPA,--
179,16,30,-55,557,16,30,3,-,55,2.8,-0.42,2.48,1974,6,21.09536,15,30,1,DBA,--
180,17,3,-55,864,17,2,47,-,55,2.7,1.6,2.4,1975,4,12.30447,15,55,1,GPA,--
181,17,36,-55,321,17,36,9,-,55,5.5,-1.17,4.88,1973,6,29.14627,17,16,2,HES,8
182,18,9,-55,553,18,9,1,-,55,2.8,-0.18,2.48,1974,6,18.16588,17,0,3,DBA,--
183,18,42,-55,576,18,42,1,-,55,2.4,-0.12,2.17,1974,7,24.09529,17,40,1,DBA,--
184,19,15,-55,993,19,14,54,-,55,7.6,0.79,6.75,1975,7,8.19088,18,54,3,GPA,6
185,19,48,-55,322,19,48,14,-,55,2.2,-1.75,2.0,1973,6,29.20998,18,48,1,HES,8
186,20,21,-55,920,20,20,45,-,55,2.1,1.95,1.88,1975,5,18.3516,19,25,5,OPA,1
187,20,54,-55,1008,20,53,34,-,55,9.3,3.38,8.3,1975,7,13.23887,20,23,3,OPA,6
188,21,27,-55,327,21,27,3,-,55,2.0,-0.41,1.74,1973,6,30.27443,20,25,2,HES,8
189,22,0,-55,571,21,59,57,-,55,2.5,0.33,2.19,1974,7,20.24818,21,5,3,HES,--
190,22,33,-55,350,22,33,7,-,55,2.9,-0.86,2.61,1973,8,5.21768,21,25,1,HES,8
191,23,6,-55,1001,23,6,3,-,55,8.9,-0.41,7.88,1975,7,10.34194,22,40,4,HES,--
192,23,39,-55,1557,23,39,11,-,55,11.5,-1.44,10.25,1976,6,30.35817,22,27,3,HES,--
193,0,0,-50,1163,0,0,6,-,50,0.2,-0.89,0.16,1975,11,28.03451,0,32,1,HES,--
194,0,30,-50,645,0,30,3,-,50,4.2,-0.46,3.76,1974,10,16.10486,23,25,4,GPA,--
195,1,0,-50,640,0,59,45,-,49,58.8,2.13,-1.04,1974,10,15.12837,23,55,3,GPA,2
196,1,30,-50,637,1,30,1,-,50,3.9,-0.17,3.46,1974,10,13.1546,0,25,3,GPA,2
197,2,0,-50,648,2,0,1,-,50,4.3,-0.1,3.85,1974,10,17.16446,0,55,2,DBA,2
198,2,30,-50,1070,2,29,20,-,50,7.0,5.72,6.23,1975,9,14.30717,2,10,3,GPA,--
199,3,0,-50,1092,3,0,3,-,50,3.3,-0.37,2.94,1975,10,2.27187,2,30,4,GPA,--
200,3,30,-50,649,3,30,2,-,50,2.9,-0.22,2.57,1974,10,17.22679,2,25,4,GPA,--
201,4,0,-50,642,3,59,53,-,50,4.1,1.05,3.68,1974,10,15.25303,2,55,4,GPA,2
202,4,30,-50,1104,4,29,40,-,49,56.6,2.93,-3.05,1975,10,5.32601,4,0,2,GPA,2
203,5,0,-50,1128,4,59,42,-,50,0.3,2.57,0.24,1975,11,7.25668,4,30,1,OPA,--
204,5,30,-50,1146,5,30,3,-,50,11.3,-0.44,10.03,1975,11,12.2638,5,0,1,HES,--
205,6,0,-50,1145,5,59,50,-,49,55.6,1.41,-3.89,1975,1,11.11663,5,25,2,HES,--
206,6,30,-50,1194,6,29,46,-,50,2.3,1.95,2.09,1975,12,8.2309,5,55,1,OPA,--
207,7,0,-50,1243,7,0,15,-,50,10.8,-2.08,9.62,1976,1,26.12135,6,30,4,GPA,--
208,7,30,-50,1323,7,30,17,-,49,59.0,-2.38,-0.85,1976,2,23.0449,6,30,2,OPA,--
209,8,0,-50,1263,7,59,49,-,50,8.3,1.53,7.39,1976,2,1.15067,7,36,2,HES,--
210,8,30,-50,1244,8,30,2,-,50,4.7,-0.28,4.14,1976,1,26.18368,8,0,4,GPA,--
211,9,0,-50,1236,8,59,59,-,50,1.6,0.09,1.44,1976,1,12.24407,8,32,2,GPA,--
212,9,30,-50,853,9,29,44,-,50,2.3,2.32,2.09,1975,4,2.02359,8,30,3,GPA,--
213,10,0,-50,802,9,59,51,-,50,3.5,1.22,3.1,1975,3,9.10643,8,55,1,OPA,--
214,10,30,-50,789,10,30,6,-,50,2.8,-0.8,2.5,1975,2,18.17908,9,25,1,DBA,--
215,11,0,-50,1261,10,59,46,-,49,56.9,2.04,-2.74,1976,1,31.27045,10,25,2,OPA,--
216,11,30,-50,873,11,29,44,-,50,2.2,2.23,1.99,1975,4,16.065,10,25,1,OPA,--
217,12,0,-50,1346,11,59,52,-,50,2.1,1.08,1.85,1976,2,29.23628,11,30,5,HES,--
218,12,30,-50,855,12,29,46,-,50,2.0,1.93,1.79,1975,4,11.12367,11,30,1,GPA,--
219,13,0,-50,791,13,0,5,-,50,3.5,-0.65,3.15,1975,2,18.28158,11,53,1,OPA,--
220,13,30,-50,936,13,29,41,-,50,4.4,2.65,3.94,1975,6,8.02694,12,59,4,GPA,6
221,14,0,-50,844,13,59,51,-,50,2.9,1.27,2.6,1975,4,8.19073,12,55,1,OPA,--
222,14,30,-50,893,14,29,44,-,50,2.1,2.23,1.83,1975,5,3.14324,13,25,1,OPA,--
223,15,0,-50,937,14,59,34,-,50,6.9,3.7,6.14,1975,6,8.08996,14,30,4,GPA,2
224,15,30,-50,951,15,29,31,-,50,5.7,4.09,5.03,1975,6,12.09982,15,0,3,OPA,--
225,16,0,-50,561,16,0,2,-,50,3.6,-0.32,3.18,1974,6,22.06839,14,55,4,DBA,2
226,16,30,-50,902,16,29,42,-,50,2.3,2.63,2.05,1975,5,5.22435,15,30,3,HES,--
227,17,0,-50,846,16,59,50,-,50,2.6,1.37,2.33,1975,4,8.31746,15,58,2,HES,--
228,17,30,-50,872,17,29,49,-,50,2.1,1.6,1.88,1975,4,15.32051,16,30,2,GPA,--
229,18,0,-50,586,18,0,2,-,50,2.8,-0.22,2.48,1974,8,12.01571,17,0,1,DBA,--
230,18,30,-50,917,18,29,49,-,50,2.6,1.55,2.27,1975,5,17.27123,17,25,4,OPA,2
231,19,0,-50,919,18,59,46,-,50,2.1,2.05,1.84,1975,5,18.29274,18,0,3,OPA,--
232,19,30,-50,594,19,30,1,-,50,4.2,-0.09,3.77,1974,8,14.07257,18,30,1,DBA,--
233,20,0,-50,998,19,59,47,-,50,10.4,1.79,9.26,1975,7,10.21243,19,33,5,GPA,--
234,20,30,-50,1005,20,29,40,-,50,8.1,2.88,7.18,1975,7,12.22567,20,0,3,OPA,--
235,21,0,-50,603,21,0,5,-,50,4.1,-0.77,3.61,1974,8,16.12944,20,0,1,GPA,--
236,21,30,-50,588,21,30,1,-,50,2.4,-0.21,2.17,1974,8,12.15422,20,20,1,DBA,--
237,22,0,-50,1006,22,0,3,-,50,1.8,-0.4,1.61,1975,7,12.28662,21,28,5,HES,--
238,22,30,-50,596,22,30,2,-,50,2.9,-0.22,2.55,1974,8,14.19724,21,30,1,DBA,--
239,23,0,-50,651,23,0,12,-,50,3.1,-1.69,2.8,1974,10,18.03707,21,55,1,DBA,--
240,23,30,-50,1094,23,30,11,-,50,4.9,-1.51,4.33,1975,10,3.1237,23,0,1,OPA,--
241,0,0,-45,1167,23,59,56,-,44,59.6,0.7,-0.37,1975,11,29.03458,0,36,3,GPA,--
242,0,28,-45,652,0,28,8,-,45,3.0,-1.29,2.7,1974,10,18.0994,23,25,2,GPA,--
243,0,56,-45,1065,0,55,54,-,45,9.9,0.96,8.83,1975,9,5.25556,0,20,3,OPA,--
244,1,24,-45,1105,1,24,31,-,45,6.8,-4.86,6.02,1975,10,6.19516,0,55,1,GPA,--
245,1,52,-45,1096,1,52,6,-,45,9.7,-1.01,8.6,1975,10,3.22759,1,30,1,OPA,--
246,2,20,-45,1155,2,20,18,-,45,7.1,-2.84,6.28,1975,11,25.09672,1,50,2,HES,--
247,2,48,-45,1106,2,48,4,-,45,2.0,-0.69,1.8,1975,10,6.25264,2,18,1,OPA,--
248,3,16,-45,1103,3,16,10,-,44,51.9,-1.57,-7.21,1975,10,5.27476,2,46,1,OPA,--
249,3,44,-45,1161,3,43,52,-,44,51.8,1.27,-7.29,1975,11,27.15013,3,15,2,GPA,--
250,4,12,-45,1735,4,11,50,-,44,46.6,1.54,-11.89,1976,11,17.17952,3,21,5,HES,--
251,4,40,-45,1124,4,40,10,-,45,4.7,-1.58,4.17,1975,11,6.24556,4,10,4,OPA,--
252,5,8,-45,1238,5,8,8,-,45,5.8,-1.29,5.13,1976,1,24.04717,4,35,2,GPA,--
253,5,36,-45,1719,5,35,48,-,44,58.5,1.93,-1.35,1976,11,1.28,4,43,2,GPA,--
254,6,4,-45,1180,6,3,40,-,45,0.4,3.15,0.39,1975,12,4.22107,5,25,1,OPA,--
255,6,32,-45,1239,6,32,8,-,45,5.1,-1.27,4.53,1976,1,24.10742,6,2,2,GPA,--
256,7,0,-45,1247,7,0,5,-,44,59.5,-0.79,-0.48,1976,1,27.11862,6,30,3,GPA,--
257,7,28,-45,1352,7,27,43,-,45,2.6,2.71,2.29,1976,3,2.01959,6,25,2,OPA,--
258,7,56,-45,1242,7,55,51,-,45,10.4,1.47,9.21,1976,1,25.16217,7,25,3,GPA,--
259,8,24,-45,1248,8,23,55,-,45,6.4,0.84,5.67,1976,1,27.17749,7,55,3,GPA,--
260,8,52,-45,1296,8,51,53,-,45,4.5,1.1,3.98,1976,2,8.16203,8,20,1,OPA,--
261,9,20,-45,1324,9,19,58,-,45,6.0,0.28,5.33,1976,2,23.12108,8,20,2,OPA,--
262,9,48,-45,820,9,47,43,-,45,2.5,2.6,2.19,1975,3,15.08451,8,47,1,DBA,--
263,10,16,-45,869,10,15,45,-,45,2.5,2.34,2.19,1975,4,15.01995,9,16,1,GPA,--
264,10,44,-45,898,10,43,44,-,45,1.6,2.59,1.42,1975,5,4.94041,8,40,1,OPA,--
265,11,12,-45,1345,11,12,4,-,44,58.0,-0.6,-1.8,1976,2,29.18088,10,10,3,OPA,--
266,11,40,-45,809,11,39,52,-,45,2.0,1.2,1.81,1975,3,13.16476,10,35,3,GPA,--
267,12,8,-45,796,12,7,57,-,45,3.2,0.46,2.83,1975,2,20.23941,11,0,1,DBA,--
268,12,36,-45,861,12,35,48,-,45,2.2,1.9,1.93,1975,4,12.1244,11,35,1,HES,--
269,13,4,-45,804,13,3,53,-,45,3.1,1.15,2.74,1975,3,9.23455,12,0,1,HES,--
270,13,32,-45,900,13,31,50,-,45,3.1,1.61,2.77,1975,5,5.09969,12,30,2,HES,--
271,14,0,-45,811,13,59,50,-,45,2.7,1.61,2.37,1975,3,13.26657,13,2,1,DBA,--
272,14,28,-45,955,14,27,50,-,44,55.1,1.52,-4.34,1975,6,13.05554,14,0,2,OPA,6
273,14,56,-45,944,14,55,48,-,45,3.3,1.82,2.96,1975,6,10.08243,14,27,4,GPA,--
274,15,24,-45,812,15,23,50,-,45,2.5,1.5,2.21,1975,3,13.31643,14,14,1,DBA,--
275,15,52,-45,960,15,51,48,-,45,0.4,1.81,0.37,1975,6,14.11029,15,23,1,OPA,6
276,16,20,-45,857,16,19,47,-,45,2.1,2.09,1.88,1975,4,11.32105,16,15,3,GPA,--
277,16,48,-45,945,16,47,39,-,45,1.5,3.32,1.34,1975,6,10.15722,16,15,4,OPA,--
278,17,16,-45,852,17,15,50,-,45,2.7,1.59,2.39,1975,4,9.33482,16,27,2,GPA,--
279,17,44,-45,606,17,44,4,-,45,2.5,-0.7,2.21,1974,8,18.00971,17,15,3,DBA,--
280,18,12,-45,957,18,11,44,-,45,1.1,2.56,0.99,1975,6,13.2079,17,40,2,OPA,--
281,18,40,-45,986,18,39,46,-,45,2.6,2.25,2.29,1975,7,6.16656,18,11,2,HES,--
282,19,8,-45,982,19,7,26,-,45,7.2,5.28,6.39,1975,7,4.19211,18,40,5,HES,--
283,19,36,-45,611,19,36,2,-,45,3.1,-0.3,2.8,1974,8,21.05346,18,30,1,DBA,--
284,20,4,-45,1011,20,3,45,-,45,1.4,2.3,1.26,1975,7,14.19943,19,30,5,OPA,2
285,20,32,-45,1071,20,32,4,-,45,2.1,-0.67,1.89,1975,9,14.05092,20,0,2,GPA,--
286,21,0,-45,612,21,0,3,-,45,5.0,-0.46,4.47,1974,8,21.11579,20,0,1,DBA,--
287,21,28,-45,999,21,27,50,-,45,1.7,1.53,1.5,1975,7,10.26922,20,55,3,HES,--
288,21,56,-45,608,21,55,58,-,45,4.4,0.38,3.9,1974,8,18.15861,20,50,2,DBA,--
289,22,24,-45,610,22,24,5,-,45,3.5,-0.71,3.12,1974,8,20.17393,21,20,3,OPA,--
290,22,52,-45,604,22,52,17,-,45,4.3,-2.72,3.79,1974,8,16.20562,21,50,5,DBA,2
291,23,20,-45,1108,23,20,21,-,45,15.6,-3.33,13.84,1975,10,7.10724,22,52,1,OPA,--
292,23,48,-45,1562,23,48,32,-,45,3.4,-5.05,3.03,1976,7,1.37206,22,51,3,OPA,--
293,0,0,-40,614,0,0,3,-,40,2.7,-0.46,2.42,1974,8,21.24045,23,0,1,DBA,--
294,0,26,-40,657,0,25,58,-,40,4.3,0.33,3.79,1974,10,19.08974,23,15,1,DBA,--
295,0,52,-40,1101,0,51,49,-,40,4.8,1.9,4.29,1975,10,5.17365,0,20,2,GPA,--
296,1,18,-40,1156,1,17,26,-,39,56.1,5.72,-3.43,1975,11,26.05244,0,50,1,HES,--
297,1,44,-40,1114,1,44,8,-,40,1.9,-1.44,1.71,1975,10,9.20082,1,15,3,OPA,--
298,2,10,-40,1742,2,9,55,-,39,58.7,0.88,-1.12,1976,11,19.08126,1,7,3,HES,--
299,2,36,-40,1087,2,36,10,-,40,4.3,-1.7,3.85,1975,10,1.25729,2,5,1,GPA,--
300,3,2,-40,1157,3,1,59,-,40,3.0,0.23,2.71,1975,11,26.1217,2,30,1,GPA,--
301,3,28,-40,1118,3,28,0,-,39,53.2,0.07,-6.02,1975,10,11.26669,2,58,4,GPA,--
302,3,54,-40,1136,3,53,49,-,40,5.1,1.85,4.52,1975,11,9.2062,3,25,1,HES,--
303,4,20,-40,1116,4,20,11,-,39,59.8,-1.92,-0.2,1975,10,9.30816,3,50,2,GPA,--
304,4,46,-40,1140,4,46,2,-,40,10.6,-0.26,9.41,1975,11,10.23879,4,16,1,HES,--
305,5,12,-40,1240,5,11,58,-,39,51.7,0.3,-7.36,1976,1,25.0479,4,40,2,GPA,--
306,5,38,-40,1246,5,38,0,-,39,57.5,0.05,-2.19,1976,1,27.06322,5,10,5,GPA,--
307,6,4,-40,1200,6,4,5,-,39,52.0,-0.86,-7.14,1975,12,11.2054,5,30,1,GPA,--
308,6,30,-40,1241,6,29,58,-,40,0.0,0.35,-0.02,1976,1,25.10331,6,0,3,GPA,--
309,6,56,-40,1776,6,56,1,-,40,3.2,-0.12,2.89,1976,11,27.25956,5,56,4,GPA,--
310,7,22,-40,1349,7,22,8,-,40,5.3,-1.41,4.73,1976,3,1.02301,6,26,3,OPA,--
311,7,48,-40,1342,7,48,0,-,40,8.4,0.0,7.45,1976,2,29.03752,6,43,1,OPA,--
312,8,14,-40,1358,8,13,43,-,40,11.5,2.88,10.19,1976,3,3.05357,7,18,5,GPA,--
313,8,40,-40,1328,8,39,51,-,39,56.1,1.54,-3.45,1976,2,25.08792,7,40,2,OPA,--
314,9,6,-40,1343,9,5,35,-,40,7.0,4.28,6.24,1976,2,29.09154,8,1,1,OPA,--
315,9,32,-40,1416,9,31,59,-,40,3.6,0.2,3.21,1976,3,27.04205,8,36,2,GPA,--
316,9,58,-40,1228,9,57,54,-,39,57.3,1.03,-2.38,1976,1,9.29173,9,29,1,GPA,--
317,10,24,-40,1237,10,23,57,-,39,56.6,0.44,-3.03,1976,1,12.29809,9,50,1,GPA,--
318,10,50,-40,1294,10,49,52,-,39,59.0,1.28,-0.86,1976,2,7.25687,10,33,1,OPA,--
319,11,16,-40,1451,11,15,52,-,40,3.2,1.29,2.81,1976,4,22.03963,10,15,2,OPA,--
320,11,42,-40,1492,11,41,51,-,40,5.8,1.58,5.2,1976,4,30.03786,10,44,4,OPA,--
321,12,8,-40,1462,12,7,51,-,39,57.1,1.48,-2.62,1976,4,25.07091,11,12,1,OPA,--
322,12,34,-40,942,12,33,31,-,40,5.1,4.99,4.54,1975,6,9.98755,12,10,3,OPA,6
323,13,0,-40,1340,12,59,59,-,40,10.2,0.13,9.04,1976,2,28.25632,11,55,3,HES,--
324,13,26,-40,1436,13,25,50,-,40,7.7,1.67,6.86,1976,4,4.18019,12,27,2,OPA,--
325,13,52,-40,939,13,51,47,-,39,55.8,2.19,-3.73,1975,6,9.04083,13,23,3,GPA,2
326,14,18,-40,983,14,17,50,-,39,55.9,1.67,-3.66,1975,7,5.98512,13,49,2,GPA,--
327,14,44,-40,994,14,43,57,-,39,57.5,0.45,-2.19,1975,7,8.9984,14,20,2,GPA,2
328,15,10,-40,1464,15,9,40,-,40,2.2,3.4,2.0,1976,4,25.19418,14,10,1,GPA,--
329,15,36,-40,984,15,35,31,-,40,4.5,4.92,4.02,1975,7,6.0426,15,12,1,GPA,--
330,16,2,-40,971,16,1,50,-,39,56.4,1.77,-3.16,1975,6,29.07418,15,30,2,GPA,--
331,16,28,-40,974,16,28,6,-,39,55.5,-0.98,-3.98,1975,6,30.09222,16,0,2,GPA,4
332,16,54,-40,985,16,53,45,-,40,5.9,2.58,5.25,1975,7,6.09662,16,30,1,GPA,--
333,17,20,-40,952,17,19,42,-,40,6.0,3.06,5.37,1975,6,12.17254,16,45,4,OPA,6
334,17,46,-40,961,17,45,37,-,40,6.3,3.91,5.63,1975,6,14.18439,17,10,1,OPA,2
335,18,12,-40,1010,18,11,45,-,39,57.4,2.51,-2.31,1975,7,14.12325,17,40,5,OPA,2
336,18,38,-40,997,18,38,0,-,40,3.0,0.08,2.65,1975,7,10.15426,18,9,5,GPA,--
337,19,4,-40,1004,19,3,44,-,40,3.5,2.75,3.12,1975,7,12.16473,18,32,3,OPA,2
338,19,30,-40,1013,19,29,33,-,40,0.0,4.6,-0.02,1975,7,15.17593,19,0,3,HES,2
339,19,56,-40,1057,19,55,32,-,40,12.6,4.77,11.19,1975,9,4.05399,19,25,2,GPA,--
340,20,22,-40,1074,20,22,16,-,40,11.3,-2.67,10.06,1975,9,28.00577,19,50,5,OPA,2
341,20,48,-40,1072,20,47,53,-,39,58.9,1.11,-0.98,1975,9,27.0272,20,17,3,OPA,--
342,21,14,-40,1014,21,13,42,-,39,55.8,3.06,-3.72,1975,7,15.24518,20,40,3,OPA,--
343,21,40,-40,1031,21,39,48,-,39,56.2,2.1,-3.41,1975,8,13.18678,21,10,3,GPA,--
344,22,6,-40,1026,22,5,47,-,40,7.8,2.27,6.94,1975,8,10.21228,21,35,4,OPA,--
345,22,32,-40,613,22,32,2,-,40,2.7,-0.32,2.41,1974,8,21.17812,21,30,1,OPA,--
346,22,58,-40,1603,22,58,34,-,40,10.6,-5.7,9.46,1976,8,19.19533,21,49,4,HES,--
347,23,24,-40,1665,23,24,13,-,39,57.3,-2.17,-2.43,1976,10,18.05644,22,25,3,OPA,--
348,23,50,-40,1628,23,49,59,-,40,3.3,0.13,2.94,1976,8,29.21027,22,50,3,OPA,--
349,0,0,-35,1677,23,59,55,-,35,6.9,0.85,6.18,1976,10,23.06702,23,0,2,GPA,--
350,0,24,-35,1080,0,23,39,-,35,13.3,3.8,11.87,1975,9,30.16652,23,50,1,GPA,--
351,0,48,-35,1737,0,47,54,-,35,10.9,1.01,9.72,1976,11,18.02512,23,42,4,HES,--
352,1,12,-35,2304,1,11,50,-,35,1.8,1.85,1.63,1977,9,11.23223,0,12,2,GPA,--
353,1,36,-35,1081,1,36,4,-,34,53.2,-0.79,-6.01,1975,9,30.21638,1,2,1,OPA,--
354,2,0,-35,1738,1,59,13,-,35,11.9,8.52,10.6,1976,11,18.08191,1,4,4,HES,--
355,2,24,-35,1110,2,24,14,-,34,52.0,-2.49,-7.09,1975,10,7.23606,1,58,2,GPA,--
356,2,48,-35,420,2,48,17,-,35,37.7,-3.02,33.57,1973,11,25.04485,0,37,1,HES,9
356,2,48,-35,420,2,48,17,-,35,37.7,-3.02,33.57,1973,11,25.04485,0,37,1,HES,--
357,3,12,-35,1734,3,12,6,-,34,57.8,-1.17,-1.94,1976,11,14.1517,2,29,4,HES,--
358,3,36,-35,1184,3,35,56,-,34,46.3,0.81,-12.15,1975,12,5.11792,3,0,2,OPA,--
359,4,0,-35,1674,3,59,15,-,35,1.7,8.14,1.49,1976,10,21.24008,3,2,1,GPA,--
360,4,24,-35,1144,4,24,15,-,35,10.9,-2.67,9.68,1975,11,11.22152,3,55,2,HES,--
361,4,48,-35,1668,4,48,10,-,35,5.5,-1.83,4.92,1976,10,19.27532,3,45,4,GPA,--
362,5,12,-35,1675,5,11,48,-,35,0.1,2.14,0.12,1976,10,21.28925,4,13,2,OPA,--
363,5,36,-35,1198,5,36,35,-,35,10.2,-6.45,9.1,1975,12,10.19635,5,13,1,GPA,--
364,6,0,-35,1217,5,59,42,-,34,50.8,3.29,-8.17,1976,1,2.15156,5,39,2,GPA,--
365,6,24,-35,1221,6,23,51,-,35,2.2,1.55,1.95,1976,1,4.15372,5,50,2,GPA,--
366,6,48,-35,1212,6,47,55,-,35,7.9,0.97,7.02,1975,12,30.18676,6,18,3,OPA,2
367,7,12,-35,1224,7,11,54,-,34,53.9,1.15,-5.47,1976,1,8.17742,6,40,2,GPA,--
368,7,36,-35,1201,7,36,12,-,35,12.4,-2.15,11.03,1975,12,11.26773,7,0,1,GPA,--
369,8,0,-35,1218,7,59,27,-,35,5.0,6.06,4.49,1976,1,2.22359,7,23,4,HES,4
370,8,24,-35,2540,8,23,54,-,35,2.0,1.08,1.74,1978,1,5.22437,7,38,4,GPA,--
371,8,48,-35,1332,8,47,57,-,34,57.7,0.63,-2.07,1976,2,26.08865,7,45,2,OPA,--
372,9,12,-35,1390,9,11,54,-,35,11.7,1.06,10.41,1976,3,22.0377,8,10,3,GPA,--
373,9,36,-35,1815,9,33,47,-,34,55.2,24.33,-4.31,1976,12,20.30341,8,30,3,OPA,9
373,9,36,-35,1815,9,33,47,-,34,55.2,24.33,-4.31,1976,12,20.30341,8,30,3,OPA,--
374,10,0,-35,1297,9,59,41,-,35,4.6,3.45,4.09,1976,2,8.21259,9,33,1,OPA,--
375,10,24,-35,1235,10,23,55,-,35,12.2,0.95,10.81,1976,1,11.30082,9,50,1,HES,--
376,10,48,-35,1425,10,47,58,-,34,54.7,0.35,-4.69,1976,4,2.07692,9,50,1,OPA,--
377,11,12,-35,1473,11,11,52,-,35,2.3,1.45,2.03,1976,4,27.02459,10,13,1,GPA,--
378,11,36,-35,1852,11,35,50,-,34,56.4,1.81,-3.22,1977,1,19.30114,10,25,2,OPA,--
379,12,0,-35,1481,11,59,49,-,35,3.9,2.07,3.48,1976,4,28.05441,11,0,2,OPA,--
380,12,24,-35,1426,12,23,51,-,34,57.4,1.56,-2.27,1976,4,2.14271,11,25,2,GPA,--
381,12,48,-35,1442,12,47,52,-,34,59.6,1.48,-0.4,1976,4,6.14564,11,45,1,OPA,--
382,13,12,-35,1482,13,11,43,-,35,3.7,3.15,3.25,1976,4,28.10497,12,13,2,GPA,--
383,13,36,-35,1494,13,36,9,-,35,6.2,-1.72,5.48,1976,5,2.10928,12,35,3,GPA,6
384,14,0,-35,1475,13,59,55,-,35,2.1,0.95,1.87,1976,4,27.14024,13,0,1,GPA,--
385,14,24,-35,1433,14,23,52,-,35,2.2,1.43,1.92,1976,4,3.22517,13,28,1,GPA,--
386,14,48,-35,1427,14,47,59,-,35,6.3,0.18,5.56,1976,4,2.23967,13,45,2,GPA,--
387,15,12,-35,1002,15,11,48,-,35,2.1,2.19,1.85,1975,7,12.00059,14,35,4,OPA,--
388,15,36,-35,1437,15,35,53,-,35,7.3,1.35,6.53,1976,4,4.27022,14,37,4,GPA,--
389,16,0,-35,1019,15,59,54,-,34,47.8,1.03,-10.86,1975,7,30.99234,15,38,1,GPA,--
390,16,24,-35,991,16,23,46,-,35,2.4,2.46,2.1,1975,7,8.06692,15,55,2,GPA,--
391,16,48,-35,995,16,47,44,-,35,3.6,2.87,3.16,1975,7,9.07804,16,15,1,GPA,--
392,17,12,-35,996,17,12,2,-,34,57.9,-0.42,-1.85,1975,7,10.09262,16,40,5,GPA,2
393,17,36,-35,1020,17,35,47,-,35,3.8,2.35,3.37,1975,7,31.0526,17,5,1,GPA,--
394,18,0,-35,1471,17,59,49,-,35,2.0,2.07,1.78,1976,4,26.30988,17,1,2,GPA,--
395,18,24,-35,1558,18,23,58,-,35,3.3,0.31,2.91,1976,7,1.14352,17,21,1,HES,--
396,18,48,-35,2189,18,47,40,-,35,2.5,3.58,2.22,1977,6,10.21814,17,45,4,OPA,--
397,19,12,-35,1021,19,11,55,-,35,3.8,1.0,3.34,1975,7,31.11839,18,40,1,GPA,--
398,19,36,-35,1559,19,35,45,-,34,57.4,2.78,-2.3,1976,7,1.19616,18,37,2,OPA,--
399,20,0,-35,1082,19,59,56,-,34,57.8,0.76,-1.98,1975,9,30.99065,19,40,1,OPA,--
400,20,24,-35,1088,20,24,2,-,34,51.6,-0.42,-7.49,1975,10,1.99831,19,55,3,GPA,--
401,20,48,-35,1093,20,47,57,-,35,5.8,0.52,5.13,1975,10,3.0129,20,20,1,GPA,--
402,21,12,-35,1098,21,11,51,-,34,59.8,1.69,-0.15,1975,10,4.02402,20,40,3,OPA,--
403,21,36,-35,1075,21,35,50,-,34,51.0,1.76,-8.0,1975,9,28.0591,21,7,5,GPA,2
404,22,0,-35,1073,21,59,51,-,35,1.6,1.72,1.46,1975,9,27.08191,21,36,4,OPA,2
405,22,24,-35,1089,22,23,57,-,35,2.8,0.5,2.5,1975,10,2.07796,21,50,1,OPA,--
406,22,48,-35,1084,22,48,0,-,34,55.8,-0.09,-3.7,1975,10,1.098,22,15,1,OPA,--
407,23,12,-35,1100,23,11,50,-,34,57.5,1.86,-2.21,1975,10,5.10647,22,43,1,OPA,--
408,23,36,-35,1566,23,36,5,-,35,2.6,-0.91,2.34,1976,7,2.3541,22,29,2,HES,--
409,0,0,-30,2460,0,0,22,-,30,9.0,-4.18,8.03,1977,11,12.01308,23,0,5,OPA,1
410,0,23,-30,2856,0,22,45,-,30,3.9,2.88,3.46,1978,8,9.33407,0,28,3,HES,--
411,0,46,-30,1741,0,46,8,-,30,6.7,-1.62,5.95,1976,11,19.02793,23,50,3,HES,--
412,1,9,-30,1666,1,9,15,-,30,8.3,-2.96,7.39,1976,10,19.12296,0,5,3,OPA,--
413,1,32,-30,2457,1,31,46,-,30,4.6,2.76,4.13,1977,11,11.07467,0,25,5,OPA,--
414,1,55,-30,2443,1,55,1,-,30,7.3,-0.23,6.5,1977,11,8.11126,1,6,2,HES,--
415,2,18,-30,2462,2,17,51,-,30,1.0,1.67,0.93,1977,11,12.11003,1,20,3,OPA,--
416,2,41,-30,2497,2,41,2,-,30,0.8,-0.45,0.67,1977,12,5.06593,1,47,4,HES,--
417,3,4,-30,1631,3,3,33,-,30,8.0,5.26,7.12,1976,8,30.34398,2,7,1,OPA,--
418,3,27,-30,1667,3,27,7,-,30,3.0,-1.31,2.68,1976,10,19.222,2,28,5,OPA,--
419,3,50,-30,2357,3,49,42,-,29,58.6,3.51,-1.26,1977,10,9.26728,2,53,2,HES,--
420,4,13,-30,1739,4,12,42,-,30,3.7,3.41,3.27,1976,11,18.17471,3,18,3,HES,--
421,4,36,-30,1684,4,36,14,-,30,4.9,-2.73,4.39,1976,10,24.25475,3,35,4,GPA,--
422,4,59,-30,2435,4,58,56,-,30,2.0,0.72,1.74,1977,11,6.23861,4,2,2,GPA,--
423,5,22,-30,1211,5,22,14,-,30,4.8,-2.74,4.25,1975,12,30.12928,4,55,1,OPA,2
424,5,45,-30,2445,5,44,48,-,29,55.1,2.29,-4.37,1977,11,8.26501,4,48,2,HES,--
425,6,8,-30,1209,6,8,0,-,29,56.7,0.06,-2.96,1975,12,29.1604,5,36,1,OPA,--
426,6,31,-30,1318,6,30,53,-,30,7.5,1.43,6.63,1976,2,21.02958,6,0,2,OPA,--
427,6,54,-30,1327,6,53,44,-,30,1.9,2.99,1.73,1976,2,25.02213,6,5,2,OPA,--
428,7,17,-30,1331,7,16,57,-,30,2.8,0.65,2.5,1976,2,26.02632,6,15,1,OPA,--
429,7,40,-30,1210,7,40,1,-,30,5.9,-0.25,5.27,1975,12,29.22551,7,10,1,OPA,--
430,8,3,-30,1337,8,2,44,-,30,2.1,3.08,1.89,1976,2,28.05202,7,0,1,OPA,--
431,8,26,-30,1866,8,25,56,-,30,0.8,0.7,0.72,1977,1,23.16695,7,27,5,OPA,--
432,8,49,-30,1855,8,48,46,-,30,2.3,2.77,2.02,1977,1,20.19107,7,50,2,OPA,--
433,9,12,-30,1413,9,11,55,-,30,6.4,0.88,5.71,1976,3,26.02886,8,13,1,HES,--
434,9,35,-30,1424,9,34,47,-,30,7.5,2.43,6.66,1976,4,2.02152,8,30,1,GPA,--
435,9,58,-30,1329,9,58,50,-,29,57.9,-9.69,-1.91,1976,2,25.14332,9,0,1,HES,--
436,10,21,-30,1389,10,20,59,-,29,56.9,0.22,-2.72,1976,3,21.08337,9,12,1,GPA,--
437,10,44,-30,1431,10,43,48,-,30,3.4,2.26,3.02,1976,4,3.07073,9,45,1,OPA,2
438,11,7,-30,1434,11,6,57,-,30,0.0,0.56,-0.01,1976,4,4.07839,10,0,2,OPA,--
439,11,30,-30,1455,11,29,52,-,30,7.1,1.63,6.34,1976,4,23.04728,10,30,4,GPA,2
440,11,53,-30,1498,11,52,54,-,30,2.9,1.18,2.56,1976,5,3.0366,10,54,4,GPA,--
441,12,16,-30,1435,12,15,59,-,30,2.8,0.11,2.45,1976,4,4.13033,11,15,2,GPA,--
442,12,39,-30,1452,12,38,47,-,29,56.3,2.48,-3.29,1976,4,22.09503,11,35,1,GPA,--
443,13,2,-30,1468,13,1,50,-,30,3.4,1.96,3.03,1976,4,26.10142,12,0,2,OPA,--
444,13,25,-30,1463,13,25,3,-,29,57.1,-0.49,-2.59,1976,4,25.12147,12,25,1,GPA,--
445,13,48,-30,1439,13,48,0,-,29,55.9,-0.01,-3.67,1976,4,5.18993,12,45,3,GPA,--
446,14,11,-30,1469,14,10,59,-,30,0.3,0.28,0.28,1976,4,26.15128,13,12,2,GPA,--
447,14,34,-30,1483,14,33,49,-,30,2.8,2.04,2.52,1976,4,28.16175,13,35,1,OPA,--
448,14,57,-30,1440,14,56,57,-,29,59.5,0.64,-0.47,1976,4,5.24048,13,58,2,OPA,--
449,15,20,-30,1446,15,19,57,-,30,5.1,0.65,4.56,1976,4,8.24753,14,20,2,GPA,--
450,15,43,-30,1476,15,42,54,-,30,9.8,1.2,8.73,1976,4,27.21712,14,51,2,OPA,--
451,16,6,-30,1542,16,6,5,-,30,8.4,-0.91,7.45,1976,6,24.06845,15,5,3,HES,--
452,16,29,-30,1441,16,28,54,-,30,9.2,1.08,8.21,1976,4,5.30073,15,25,2,GPA,--
453,16,52,-30,1470,16,51,50,-,30,2.3,1.9,2.01,1976,4,26.26071,15,50,2,OPA,--
454,17,15,-30,1429,17,15,3,-,30,6.8,-0.62,6.01,1976,4,2.34355,16,15,2,OPA,--
455,17,38,-30,1477,17,37,59,-,30,3.8,0.16,3.41,1976,4,27.29261,16,40,3,GPA,--
456,18,1,-30,1484,18,0,51,-,30,0.8,1.74,0.71,1976,4,28.3065,17,4,1,GPA,--
457,18,24,-30,1563,18,23,58,-,30,2.7,0.4,2.4,1976,7,2.13594,17,14,2,HES,--
458,18,47,-30,2195,18,46,44,-,29,58.3,3.12,-1.49,1977,6,13.20995,17,45,2,HES,--
459,19,10,-30,1502,19,9,59,-,30,3.3,0.12,2.94,1976,5,3.33994,18,12,2,OPA,--
460,19,33,-30,1564,19,32,48,-,30,5.5,2.38,4.85,1976,7,2.19827,18,44,2,HES,--
461,19,56,-30,1540,19,55,56,-,29,56.8,0.83,-2.86,1976,6,23.23185,18,57,1,GPA,--
462,20,19,-30,1544,20,19,8,-,30,2.5,-1.63,2.21,1976,6,24.24366,19,18,4,HES,--
463,20,42,-30,1602,20,41,52,-,30,2.5,1.63,2.25,1976,8,19.13023,20,15,3,HES,--
464,21,5,-30,1560,21,4,57,-,30,10.0,0.56,8.93,1976,7,1.25918,20,8,2,HES,--
465,21,28,-30,1627,21,27,46,-,29,59.2,2.74,-0.73,1976,8,29.11332,20,30,3,OPA,--
466,21,51,-30,2284,21,50,49,-,30,4.1,2.19,3.68,1977,9,4.11283,20,52,2,OPA,--
467,22,14,-30,1561,22,14,1,-,30,3.8,-0.24,3.42,1976,7,1.31458,21,28,3,HES,--
468,22,37,-30,1618,22,36,46,-,29,58.2,2.67,-1.58,1976,8,22.20168,22,10,4,HES,2
469,23,0,-30,1154,22,59,51,-,30,8.2,1.72,7.3,1975,11,23.02947,0,5,2,HES,--
470,23,23,-30,1691,23,22,57,-,29,54.3,0.66,-5.08,1976,10,26.03113,22,20,5,GPA,--
471,23,46,-30,1681,23,45,50,-,30,1.2,1.86,1.1,1976,10,24.05391,22,45,4,GPA,--
472,0,0,-25,2860,0,0,27,-,25,2.0,-5.51,1.74,1978,8,10.28425,23,20,5,HES,--
473,0,22,-25,2874,0,21,54,-,25,9.1,1.17,8.06,1978,8,12.27533,23,15,4,HES,--
474,0,44,-25,2244,0,44,5,-,25,8.0,-0.97,7.16,1977,8,18.29984,0,15,2,OPA,--
475,1,6,-25,1682,1,6,5,-,25,9.9,-0.97,8.85,1976,10,24.10931,0,5,5,GPA,--
476,1,28,-25,2429,1,27,59,-,24,59.2,0.19,-0.74,1977,11,5.09383,0,29,5,GPA,--
477,1,50,-25,1630,1,50,5,-,25,1.2,-0.96,1.1,1976,8,30.29065,0,50,1,OPA,--
478,2,12,-25,2492,2,12,2,-,25,3.3,-0.42,2.9,1977,12,4.04304,1,10,4,GPA,--
479,2,34,-25,2430,2,34,7,-,25,0.9,-1.43,0.81,1977,11,5.14923,1,49,5,HES,--
480,2,56,-25,1803,2,56,12,-,25,1.7,-2.38,1.55,1976,12,12.0517,1,55,4,GPA,--
481,3,18,-25,1683,3,17,50,-,25,7.5,2.11,6.67,1976,10,24.19934,2,15,4,GPA,--
482,3,40,-25,1671,3,39,53,-,25,3.2,1.42,2.83,1976,10,20.23104,2,45,3,GPA,--
483,4,2,-25,2431,4,1,50,-,24,59.0,2.07,-0.87,1977,11,5.20671,3,12,5,HES,--
484,4,24,-25,1817,4,23,53,-,24,53.6,1.33,-5.67,1976,12,21.08945,3,25,3,OPA,--
485,4,46,-25,1689,4,45,59,-,25,8.0,0.21,7.15,1976,10,25.25894,3,45,5,GPA,--
486,5,8,-25,2495,5,8,7,-,25,11.6,-1.47,10.36,1977,12,4.1677,4,10,3,GPA,--
487,5,30,-25,1857,5,30,8,-,24,59.9,-1.53,-0.11,1977,1,21.05052,4,31,3,OPA,--
488,5,52,-25,1810,5,51,43,-,24,57.5,3.46,-2.23,1976,12,15.16471,4,50,4,OPA,3
489,6,14,-25,1778,6,14,2,-,24,56.9,-0.45,-2.73,1976,11,28.22497,5,10,5,GPA,--
490,6,36,-25,1202,6,36,3,-,25,8.6,-0.69,7.68,1975,12,12.22344,6,0,3,GPA,2
491,6,58,-25,1858,6,57,43,-,24,58.8,3.51,-1.09,1977,1,21.10869,5,55,2,OPA,--
492,7,20,-25,1779,7,19,58,-,25,2.6,0.47,2.28,1976,11,28.27553,6,23,4,GPA,--
493,7,42,-25,1333,7,41,47,-,24,59.2,2.61,-0.7,1976,2,27.0409,6,40,1,OPA,--
494,8,4,-25,1203,8,4,4,-,24,49.6,-0.87,-9.28,1975,12,12.28577,7,30,2,GPA,--
495,8,26,-25,1818,8,25,48,-,25,2.3,2.36,2.01,1976,12,21.25705,7,27,4,OPA,--
496,8,48,-25,1859,8,47,48,-,25,3.5,2.35,3.09,1977,1,21.18764,7,49,2,OPA,--
497,9,10,-25,1338,9,9,30,-,25,0.3,6.13,0.26,1976,2,28.10119,8,11,1,OPA,--
498,9,32,-25,1457,9,32,7,-,25,4.8,-1.31,4.28,1976,4,23.96699,8,38,3,GPA,2
499,9,54,-25,1450,9,53,51,-,25,1.9,1.85,1.67,1976,4,21.98422,8,55,1,GPA,--
500,10,16,-25,1448,10,16,0,-,25,2.1,-0.01,1.83,1976,4,21.0008,9,15,3,GPA,2
501,10,38,-25,1466,10,37,51,-,25,4.4,1.84,3.9,1976,4,26.001,9,35,2,GPA,--
502,11,0,-25,1339,10,59,48,-,25,1.1,2.38,1.01,1976,2,28.18361,10,10,2,OPA,--
503,11,22,-25,1335,11,21,40,-,25,6.4,4.01,5.71,1976,2,27.19534,10,23,2,OPA,--
504,11,44,-25,1459,11,43,55,-,24,51.4,1.0,-7.64,1976,4,24.05494,10,45,4,GPA,2
505,12,6,-25,1432,12,5,53,-,25,0.5,1.5,0.46,1976,4,3.12405,11,2,1,GPA,--
506,12,28,-25,1438,12,27,59,-,25,8.0,0.25,7.08,1976,4,5.13798,11,30,1,OPA,--
507,12,50,-25,1456,12,49,49,-,25,0.2,2.3,0.14,1976,4,23.10269,11,50,4,OPA,2
508,13,12,-25,1336,13,11,44,-,25,5.4,3.3,4.76,1976,2,27.26806,12,8,2,HES,--
509,13,34,-25,1955,13,33,51,-,24,58.7,1.82,-1.19,1977,2,18.3058,12,30,2,OPA,--
510,13,56,-25,1453,13,55,54,-,25,3.9,1.18,3.48,1976,4,22.15043,12,55,2,OPA,--
511,14,18,-25,1489,14,17,51,-,24,56.9,1.9,-2.74,1976,4,29.14517,13,15,2,OPA,--
512,14,40,-25,1493,14,40,0,-,24,58.3,0.1,-1.49,1976,4,30.15976,13,40,4,GPA,--
513,15,2,-25,1443,15,1,52,-,25,6.9,1.6,6.13,1976,4,6.23914,14,0,1,GPA,--
514,15,24,-25,1551,15,24,3,-,24,54.6,-0.57,-4.82,1976,6,30.02436,14,25,1,OPA,--
515,15,46,-25,1516,15,45,51,-,25,5.1,1.8,4.5,1976,5,30.12078,14,42,4,HES,--
516,16,8,-25,1444,16,7,37,-,25,0.9,4.63,0.77,1976,4,6.28761,15,10,1,OPA,--
517,16,30,-25,1465,16,29,50,-,25,2.0,2.01,1.82,1976,4,25.24682,15,26,2,OPA,--
518,16,52,-25,1550,16,51,24,-,25,6.5,7.33,5.78,1976,6,26.09069,15,45,5,HES,6
519,17,14,-25,1445,17,13,58,-,25,5.7,0.36,5.08,1976,4,6.33609,16,20,1,GPA,--
520,17,36,-25,1496,17,35,45,-,25,3.1,2.93,2.75,1976,5,2.27549,16,35,2,OPA,--
521,17,58,-25,1501,17,57,51,-,24,55.7,1.86,-3.83,1976,5,3.29007,17,0,1,GPA,--
522,18,20,-25,2198,18,19,39,-,25,0.4,4.15,0.31,1977,6,14.18991,17,20,2,OPA,--
523,18,42,-25,2236,18,41,53,-,25,4.1,1.34,3.6,1977,8,17.02901,17,40,4,OPA,--
524,19,4,-25,2282,19,3,59,-,25,3.1,0.18,2.78,1977,9,3.99371,18,0,2,HES,--
525,19,26,-25,2286,19,25,59,-,25,0.8,0.11,0.67,1977,9,5.03046,18,57,2,HES,--
526,19,48,-25,2161,19,47,41,-,24,57.3,3.82,-2.41,1977,5,15.33207,18,47,3,HES,--
527,20,10,-25,2177,20,9,50,-,25,1.7,1.97,1.49,1977,5,27.31524,19,10,2,OPA,--
528,20,32,-25,2283,20,31,51,-,25,5.6,1.91,4.97,1977,9,4.05812,19,33,2,HES,--
529,20,54,-25,2287,20,53,48,-,25,1.5,2.42,1.35,1977,9,5.08378,20,14,2,HES,--
530,21,16,-25,1565,21,16,9,-,24,54.5,-1.85,-4.89,1976,7,2.25922,20,12,2,HES,--
531,21,38,-25,1660,21,37,54,-,25,3.1,1.28,2.8,1976,10,12.99737,20,40,4,GPA,--
532,22,0,-25,1664,21,59,52,-,25,0.2,1.7,0.15,1976,10,18.99484,21,0,3,OPA,--
533,22,22,-25,1662,22,21,44,-,25,2.4,3.22,2.12,1976,10,17.01415,21,20,5,OPA,--
534,22,44,-25,1676,22,44,0,-,25,12.5,-0.1,11.1,1976,10,23.01508,21,45,2,GPA,--
535,23,6,-25,1687,23,6,8,-,25,0.3,-1.6,0.27,1976,10,25.02001,22,0,3,GPA,--
536,23,28,-25,2451,23,27,50,-,25,1.3,1.94,1.17,1977,11,10.00884,22,46,3,HES,--
537,23,50,-25,2436,23,50,19,-,24,55.4,-3.75,-4.1,1977,11,7.0205,22,51,3,GPA,--
538,0,0,-20,2855,0,0,24,-,20,8.4,-5.02,7.49,1978,8,9.27521,23,3,3,GPA,--
539,0,21,-20,2247,0,20,48,-,20,6.3,2.53,5.57,1977,8,19.25901,23,20,3,OPA,--
540,0,42,-20,2223,0,41,46,-,20,0.0,2.92,0.03,1977,7,25.34667,23,48,3,OPA,--
541,1,3,-20,2248,1,2,45,-,19,52.0,3.08,-7.15,1977,8,19.31026,0,34,2,OPA,--
542,1,24,-20,2861,1,24,12,-,20,7.2,-2.6,6.45,1978,8,10.33896,0,39,3,GPA,--
543,1,45,-20,2453,1,45,4,-,20,2.2,-0.86,1.94,1977,12,10.0135,0,51,2,HES,--
544,2,6,-20,2483,2,6,1,-,20,9.0,-0.12,7.99,1977,12,2.05889,1,25,2,HES,--
545,2,27,-20,2458,2,26,50,-,20,4.9,2.12,4.34,1977,11,11.12523,1,38,5,OPA,--
546,2,48,-20,1678,2,47,55,-,20,7.2,0.99,6.36,1976,1,22.93216,1,45,2,GPA,--
547,3,9,-20,1816,3,8,46,-,19,59.0,3.01,-0.88,1976,12,21.03751,2,10,3,OPA,--
548,3,30,-20,2484,3,30,8,-,20,11.3,-1.68,10.04,1977,12,2.11291,2,43,2,HES,--
549,3,51,-20,2444,3,50,48,-,20,10.5,2.51,9.35,1977,11,8.18329,2,50,2,GPA,--
550,4,12,-20,1812,4,12,6,-,19,55.5,-1.27,-4.03,1976,12,20.08387,3,13,2,OPA,--
551,4,33,-20,1809,4,33,11,-,19,59.0,-2.2,-0.9,1976,12,15.1093,3,30,5,OPA,3
552,4,54,-20,2358,4,54,12,-,19,56.2,-2.61,-3.38,1977,10,9.31991,4,9,2,HES,--
553,5,15,-20,1839,5,14,27,-,20,7.9,6.92,7.0,1977,1,11.06674,4,15,1,AZU,--
554,5,36,-20,1775,5,35,56,-,20,1.4,0.91,1.23,1976,11,27.20693,4,40,2,GPA,--
555,5,57,-20,2459,5,57,9,-,20,0.8,-1.8,0.74,1977,11,11.26513,5,0,5,OPA,--
556,6,18,-20,1868,6,17,56,-,20,4.0,0.91,3.57,1977,1,24.0728,5,15,1,OPA,--
557,6,39,-20,1854,6,39,2,-,20,6.1,-0.5,5.42,1977,1,20.10104,5,40,2,OPA,--
558,7,0,-20,1865,6,59,48,-,19,57.7,2.47,-2.09,1977,1,23.11362,6,10,3,OPA,--
559,7,21,-20,1784,7,21,1,-,20,4.2,-0.27,3.71,1976,11,30.26868,6,21,4,GPA,--
560,7,42,-20,1772,7,41,58,-,20,2.3,0.38,2.01,1976,11,26.29276,6,40,2,GPA,--
561,8,3,-20,1814,8,2,56,-,20,4.0,0.88,3.59,1976,12,20.24732,7,9,3,OPA,--
562,8,24,-20,1953,8,23,52,-,20,7.5,1.73,6.69,1977,2,18.09457,7,25,2,OPA,--
563,8,45,-20,3087,8,45,7,-,20,4.0,-1.44,3.57,1978,12,3.27913,6,46,2,GPA,--
564,9,6,-20,1851,9,6,13,-,19,58.4,-2.65,-1.45,1977,1,19.21042,8,14,2,OPA,--
565,9,27,-20,1430,9,26,54,-,19,55.4,1.15,-4.07,1976,4,3.01879,8,30,2,GPA,2
566,9,48,-20,2592,9,47,54,-,19,51.7,1.23,-7.34,1978,1,16.24697,8,54,2,GPA,--
567,10,9,-20,1454,10,8,49,-,19,54.2,2.38,-5.16,1976,4,22.99188,9,10,2,GPA,--
568,10,30,-20,1856,10,29,51,-,19,59.6,1.88,-0.33,1977,1,20.26032,9,30,2,OPA,--
569,10,51,-20,1392,10,50,55,-,20,6.7,1.11,5.92,1976,3,22.11042,9,55,2,GPA,--
570,11,12,-20,1860,11,11,47,-,20,0.5,2.79,0.46,1977,1,21.28529,10,10,2,OPA,--
571,11,33,-20,2083,11,32,55,-,20,5.1,0.97,4.51,1977,3,27.14867,11,9,2,HES,3
572,11,54,-20,2040,11,54,1,-,19,57.5,-0.26,-2.19,1977,3,16.16901,10,55,3,HES,--
573,12,15,-20,1943,12,14,53,-,20,0.2,1.47,0.16,1977,2,16.25932,11,15,1,HES,--
574,12,36,-20,1503,12,36,3,-,19,55.3,-0.53,-4.18,1976,5,4.06226,11,35,3,GPA,3
575,12,57,-20,1488,12,56,53,-,20,7.0,1.54,6.27,1976,4,29.09254,11,59,2,GPA,--
576,13,18,-20,1499,13,18,4,-,20,4.9,-0.82,4.4,1976,5,3.0927,12,15,4,GPA,--
577,13,39,-20,2011,13,38,54,-,19,58.2,1.17,-1.61,1977,2,28.28542,12,40,3,HES,--
578,14,0,-20,2084,13,59,58,-,20,2.9,0.38,2.56,1977,3,27.23109,13,8,3,HES,1
579,14,21,-20,1541,14,21,11,-,20,8.8,-2.24,7.81,1976,6,23.99712,13,22,4,GPA,--
580,14,42,-20,1495,14,41,53,-,19,55.6,1.37,-3.91,1976,5,2.15706,13,44,3,GPA,--
581,15,3,-20,1500,15,2,58,-,19,56.3,0.36,-3.25,1976,5,3.16541,14,0,3,OPA,--
582,15,24,-20,2072,15,23,47,-,19,57.1,2.63,-2.56,1977,3,25.28988,14,25,3,GPA,--
583,15,45,-20,2171,15,44,42,-,20,2.7,3.72,2.44,1977,5,20.15636,14,53,3,HES,--
584,16,6,-20,2078,16,6,3,-,20,6.8,-0.63,6.08,1977,3,26.32039,15,13,2,HES,--
585,16,27,-20,2191,16,26,48,-,20,5.0,2.6,4.44,1977,6,11.11846,15,25,3,OPA,--
586,16,48,-20,2159,16,47,55,-,20,0.7,1.0,0.67,1977,5,15.21919,16,4,4,HES,--
587,17,9,-20,2150,17,8,46,-,20,8.4,2.95,7.48,1977,5,13.2288,16,10,3,HES,--
588,17,30,-20,1543,17,29,50,-,20,6.6,2.08,5.85,1976,6,24.12524,16,27,3,HES,--
589,17,51,-20,2154,17,50,43,-,20,0.7,3.66,0.63,1977,5,14.25377,16,50,3,HES,--
590,18,12,-20,2192,18,11,36,-,20,0.8,5.02,0.75,1977,6,11.19117,17,10,4,OPA,--
591,18,33,-20,2202,18,32,59,-,20,2.1,0.17,1.83,1977,6,16.19137,17,30,3,GPA,--
592,18,54,-20,2241,18,53,45,-,20,2.8,3.2,2.48,1977,8,18.05537,18,22,3,OPA,--
593,19,15,-20,2290,19,14,57,-,20,1.8,0.6,1.6,1977,9,5.99864,18,15,3,OPA,--
594,19,36,-20,2199,19,35,52,-,20,3.2,1.75,2.81,1977,6,14.24808,18,44,5,HES,--
595,19,57,-20,2196,19,56,43,-,20,7.8,3.55,6.9,1977,6,13.26189,19,0,2,OPA,--
596,20,18,-20,2175,20,17,52,-,20,1.5,1.63,1.34,1977,5,20.34127,19,20,4,HES,--
597,20,39,-20,2291,20,38,58,-,20,4.3,0.39,3.8,1977,9,6.05612,19,38,3,HES,--
598,21,0,-20,2296,20,59,56,-,20,6.7,0.77,5.98,1977,9,7.06863,20,0,3,GPA,--
599,21,21,-20,1617,21,20,53,-,20,7.7,1.45,6.84,1976,8,22.12689,20,22,5,HES,2
600,21,42,-20,1661,21,42,10,-,20,10.0,-2.16,8.89,1976,10,13.99811,20,45,4,GPA,--
601,22,3,-20,1612,22,3,1,-,19,56.4,-0.31,-3.22,1976,8,21.15178,20,54,3,GPA,--
602,22,24,-20,2986,22,24,19,-,20,1.5,-3.96,1.34,1978,9,27.0867,21,44,3,HES,--
603,22,45,-20,1613,22,45,3,-,20,0.1,-0.53,0.13,1976,8,21.20857,22,16,2,HES,--
604,23,6,-20,2293,23,6,5,-,20,7.9,-1.14,7.07,1977,9,6.16831,22,20,2,OPA,--
605,23,27,-20,2243,23,26,14,-,19,53.9,9.67,-5.44,1977,8,18.24651,22,58,3,OPA,--
606,23,48,-20,2303,23,48,21,-,20,7.8,-4.41,6.91,1977,9,11.17544,22,50,3,HES,--
